#pragma once

// AUTO-GENERATED by tools/gen_font.py — do not edit by hand.
// Source: /usr/share/fonts/dejavu-sans-fonts/DejaVuSans.ttf at 22px. Covers U+0020..U+04FF.
// Glyph bitmaps are 1bpp, MSB-first, row-major, concatenated; xOffset/yOffset
// are the upper-left corner relative to the pen origin on the baseline.
// Confirm the source font's license permits embedding rasterized bitmaps.

#include <FreeInkUIFont.h>  // struct FontGlyph / BitmapFont

namespace freeink {
namespace ui {

inline constexpr uint8_t kReaderBitmap[] = {
    0x18, 0x0C, 0x06, 0x03, 0x01, 0x80, 0xC0, 0x60, 0x30, 0x18, 0x0C, 0x06, 0x00, 0x00, 0x00, 0xC0,
    0x60, 0x30, 0x33, 0x0C, 0xC3, 0x30, 0xCC, 0x33, 0x0C, 0xC0, 0x00, 0x00, 0x00, 0x00, 0x00, 0x00,
    0x00, 0x00, 0x00, 0x00, 0x00, 0x00, 0x00, 0xC6, 0x00, 0x21, 0x00, 0x18, 0xC0, 0x06, 0x30, 0x1F,
    0xFF, 0x87, 0xFF, 0xE0, 0x11, 0x80, 0x0C, 0x60, 0x03, 0x18, 0x0F, 0xFF, 0xC3, 0xFF, 0xF0, 0x18,
    0xC0, 0x06, 0x30, 0x01, 0x08, 0x00, 0xC6, 0x00, 0x01, 0x00, 0x04, 0x00, 0x10, 0x03, 0xF8, 0x1F,
    0xF0, 0xE4, 0x43, 0x10, 0x0C, 0x40, 0x3D, 0x00, 0x7F, 0x00, 0x7F, 0x00, 0x4E, 0x01, 0x18, 0x04,
    0x62, 0x13, 0x8F, 0xFC, 0x0F, 0xC0, 0x04, 0x00, 0x10, 0x00, 0x40, 0x1C, 0x02, 0x01, 0xB0, 0x10,
    0x18, 0xC1, 0x00, 0xC6, 0x18, 0x06, 0x30, 0x80, 0x31, 0x88, 0x01, 0x8C, 0xC0, 0x06, 0xC4, 0x70,
    0x1C, 0x46, 0xC0, 0x06, 0x63, 0x00, 0x23, 0x18, 0x02, 0x18, 0xC0, 0x10, 0xC6, 0x01, 0x06, 0x30,
    0x10, 0x1B, 0x00, 0x80, 0x70, 0x07, 0xC0, 0x07, 0xF0, 0x07, 0x08, 0x03, 0x00, 0x01, 0x80, 0x00,
    0x60, 0x00, 0x78, 0x00, 0x7E, 0x0C, 0x33, 0x86, 0x30, 0xE6, 0x18, 0x3B, 0x0C, 0x0F, 0x07, 0x03,
    0x81, 0xC3, 0xE0, 0x7F, 0xB8, 0x1F, 0x0E, 0x30, 0xC3, 0x0C, 0x30, 0xC0, 0x00, 0x00, 0x00, 0x00,
    0x00, 0x00, 0x00, 0x06, 0x06, 0x03, 0x03, 0x01, 0x80, 0xC0, 0xC0, 0x60, 0x30, 0x18, 0x0C, 0x06,
    0x03, 0x01, 0x80, 0x60, 0x30, 0x18, 0x06, 0x03, 0x00, 0xC0, 0x30, 0x0C, 0x06, 0x01, 0x80, 0xC0,
    0x60, 0x18, 0x0C, 0x06, 0x03, 0x01, 0x80, 0xC0, 0x60, 0x30, 0x30, 0x18, 0x0C, 0x0C, 0x06, 0x06,
    0x00, 0x04, 0x00, 0x81, 0x11, 0x1A, 0xC0, 0xE0, 0x1C, 0x0D, 0x62, 0x22, 0x04, 0x00, 0x80, 0x00,
    0x00, 0x00, 0x00, 0x00, 0x00, 0x00, 0x00, 0x00, 0xC0, 0x00, 0x30, 0x00, 0x0C, 0x00, 0x03, 0x00,
    0x00, 0xC0, 0x00, 0x30, 0x03, 0xFF, 0xF0, 0xFF, 0xFC, 0x00, 0xC0, 0x00, 0x30, 0x00, 0x0C, 0x00,
    0x03, 0x00, 0x00, 0xC0, 0x00, 0x30, 0x00, 0x18, 0x30, 0x61, 0x82, 0x00, 0x7E, 0x7E, 0x00, 0x00,
    0x00, 0x00, 0x00, 0x18, 0x30, 0x60, 0x06, 0x06, 0x0C, 0x0C, 0x0C, 0x18, 0x18, 0x18, 0x18, 0x30,
    0x30, 0x30, 0x30, 0x60, 0x60, 0x60, 0xC0, 0xC0, 0x0F, 0x80, 0x7F, 0x03, 0x8E, 0x0C, 0x18, 0x60,
    0x31, 0x80, 0xC6, 0x03, 0x18, 0x0C, 0x60, 0x31, 0x80, 0xC6, 0x03, 0x18, 0x0C, 0x30, 0x60, 0xE3,
    0x81, 0xFC, 0x03, 0xE0, 0x0F, 0x00, 0xFC, 0x03, 0x30, 0x00, 0xC0, 0x03, 0x00, 0x0C, 0x00, 0x30,
    0x00, 0xC0, 0x03, 0x00, 0x0C, 0x00, 0x30, 0x00, 0xC0, 0x03, 0x00, 0x0C, 0x03, 0xFF, 0x0F, 0xFC,
    0x3F, 0x01, 0xFF, 0x04, 0x0E, 0x00, 0x18, 0x00, 0x60, 0x01, 0x80, 0x0E, 0x00, 0x30, 0x01, 0x80,
    0x0C, 0x00, 0x60, 0x03, 0x00, 0x18, 0x00, 0xC0, 0x07, 0xFE, 0x1F, 0xF8, 0x3F, 0x01, 0xFF, 0x06,
    0x0E, 0x00, 0x18, 0x00, 0x60, 0x01, 0x80, 0x0C, 0x03, 0xE0, 0x0F, 0xC0, 0x01, 0x80, 0x03, 0x00,
    0x0C, 0x00, 0x31, 0x01, 0xC7, 0xFE, 0x0F, 0xE0, 0x01, 0xC0, 0x0F, 0x00, 0x3C, 0x01, 0xB0, 0x04,
    0xC0, 0x33, 0x01, 0x8C, 0x04, 0x30, 0x30, 0xC1, 0x83, 0x07, 0xFF, 0x1F, 0xFC, 0x00, 0xC0, 0x03,
    0x00, 0x0C, 0x00, 0x30, 0x3F, 0xC0, 0xFF, 0x03, 0x00, 0x0C, 0x00, 0x30, 0x00, 0xFC, 0x03, 0xFC,
    0x08, 0x70, 0x00, 0xE0, 0x01, 0x80, 0x06, 0x00, 0x18, 0x00, 0xE1, 0x07, 0x07, 0xFC, 0x0F, 0xC0,
    0x07, 0xC0, 0x7F, 0x81, 0x82, 0x0C, 0x00, 0x30, 0x01, 0x80, 0x06, 0x78, 0x1F, 0xF8, 0x78, 0x61,
    0xC0, 0xC7, 0x03, 0x1C, 0x0C, 0x30, 0x30, 0xE1, 0x81, 0xFE, 0x03, 0xE0, 0x7F, 0xE1, 0xFF, 0x80,
    0x0C, 0x00, 0x30, 0x01, 0xC0, 0x06, 0x00, 0x18, 0x00, 0xC0, 0x03, 0x00, 0x0C, 0x00, 0x60, 0x01,
    0x80, 0x0E, 0x00, 0x30, 0x00, 0xC0, 0x06, 0x00, 0x0F, 0x80, 0xFF, 0x87, 0x07, 0x18, 0x0C, 0x60,
    0x31, 0x80, 0xC3, 0x06, 0x07, 0xF0, 0x1F, 0xC0, 0xC1, 0x86, 0x03, 0x18, 0x0C, 0x60, 0x31, 0xC1,
    0xC3, 0xFE, 0x03, 0xE0, 0x0F, 0x80, 0xFF, 0x03, 0x0E, 0x18, 0x18, 0x60, 0x71, 0x81, 0xC6, 0x07,
    0x0C, 0x3C, 0x3F, 0xF0, 0x3C, 0xC0, 0x03, 0x00, 0x18, 0x00, 0x60, 0x83, 0x03, 0xFC, 0x07, 0xC0,
    0x18, 0x30, 0x60, 0x00, 0x00, 0x00, 0x00, 0x18, 0x30, 0x60, 0x18, 0x30, 0x60, 0x00, 0x00, 0x00,
    0x00, 0x18, 0x30, 0x61, 0x82, 0x00, 0x00, 0x01, 0x00, 0x03, 0xC0, 0x07, 0xE0, 0x0F, 0xC0, 0x0F,
    0xC0, 0x0F, 0x80, 0x03, 0xE0, 0x00, 0x3F, 0x00, 0x03, 0xF0, 0x00, 0x1F, 0x80, 0x00, 0xF0, 0x00,
    0x04, 0x00, 0x00, 0x00, 0x3F, 0xFF, 0x0F, 0xFF, 0xC0, 0x00, 0x00, 0x00, 0x00, 0x00, 0x00, 0x0F,
    0xFF, 0xC3, 0xFF, 0xF0, 0x00, 0x00, 0x00, 0x00, 0x00, 0x00, 0x00, 0x00, 0x00, 0x20, 0x00, 0x0F,
    0x00, 0x01, 0xF8, 0x00, 0x0F, 0xC0, 0x00, 0x7C, 0x00, 0x07, 0xC0, 0x01, 0xF0, 0x01, 0xF0, 0x03,
    0xF0, 0x07, 0xE0, 0x03, 0xC0, 0x00, 0x80, 0x00, 0x00, 0x00, 0x00, 0x1F, 0x83, 0xFC, 0x20, 0xE0,
    0x06, 0x00, 0x60, 0x0C, 0x03, 0x80, 0x30, 0x06, 0x00, 0x60, 0x06, 0x00, 0x00, 0x00, 0x00, 0x60,
    0x06, 0x00, 0x60, 0x00, 0xFC, 0x00, 0x1F, 0xFC, 0x00, 0xF0, 0x38, 0x07, 0x00, 0x30, 0x38, 0x00,
    0x60, 0xC3, 0xD9, 0xC7, 0x1F, 0xE3, 0x18, 0xE3, 0x8C, 0x63, 0x06, 0x31, 0x8C, 0x18, 0xC6, 0x30,
    0x67, 0x18, 0xE3, 0xB8, 0x71, 0xFF, 0xC0, 0xC3, 0xDC, 0x03, 0x80, 0x00, 0x07, 0x00, 0x40, 0x0F,
    0x07, 0x00, 0x1F, 0xF8, 0x00, 0x1F, 0x80, 0x00, 0x03, 0x80, 0x07, 0x00, 0x1B, 0x00, 0x36, 0x00,
    0xEE, 0x01, 0x8C, 0x03, 0x18, 0x0C, 0x18, 0x18, 0x30, 0x30, 0x60, 0xFF, 0xE1, 0xFF, 0xC7, 0x01,
    0xCC, 0x01, 0x98, 0x03, 0x60, 0x03, 0x3F, 0xC0, 0x7F, 0xC0, 0xC1, 0xC1, 0x81, 0x83, 0x03, 0x06,
    0x06, 0x0C, 0x1C, 0x1F, 0xF0, 0x3F, 0xE0, 0x60, 0x60, 0xC0, 0x61, 0x80, 0xC3, 0x01, 0x86, 0x07,
    0x0F, 0xFC, 0x1F, 0xE0, 0x03, 0xF0, 0x1F, 0xF0, 0x70, 0x31, 0xC0, 0x23, 0x00, 0x0C, 0x00, 0x18,
    0x00, 0x30, 0x00, 0x60, 0x00, 0xC0, 0x01, 0x80, 0x01, 0x80, 0x03, 0x80, 0x43, 0x81, 0x83, 0xFE,
    0x01, 0xF8, 0x3F, 0xC0, 0x1F, 0xF8, 0x0C, 0x0E, 0x06, 0x01, 0x83, 0x00, 0xE1, 0x80, 0x30, 0xC0,
    0x18, 0x60, 0x0C, 0x30, 0x06, 0x18, 0x03, 0x0C, 0x01, 0x86, 0x01, 0x83, 0x00, 0xC1, 0x81, 0xC0,
    0xFF, 0xC0, 0x7F, 0x80, 0x3F, 0xF0, 0xFF, 0xC3, 0x00, 0x0C, 0x00, 0x30, 0x00, 0xC0, 0x03, 0x00,
    0x0F, 0xF8, 0x3F, 0xE0, 0xC0, 0x03, 0x00, 0x0C, 0x00, 0x30, 0x00, 0xC0, 0x03, 0xFF, 0x0F, 0xFC,
    0x3F, 0xE1, 0xFF, 0x0C, 0x00, 0x60, 0x03, 0x00, 0x18, 0x00, 0xC0, 0x07, 0xF8, 0x3F, 0xC1, 0x80,
    0x0C, 0x00, 0x60, 0x03, 0x00, 0x18, 0x00, 0xC0, 0x06, 0x00, 0x03, 0xE0, 0x07, 0xFC, 0x07, 0x03,
    0x06, 0x00, 0x83, 0x00, 0x03, 0x00, 0x01, 0x80, 0x00, 0xC0, 0xFC, 0x60, 0x7E, 0x30, 0x03, 0x18,
    0x01, 0x86, 0x00, 0xC3, 0x80, 0x60, 0xE0, 0x70, 0x3F, 0xF0, 0x07, 0xE0, 0x30, 0x0C, 0x18, 0x06,
    0x0C, 0x03, 0x06, 0x01, 0x83, 0x00, 0xC1, 0x80, 0x60, 0xC0, 0x30, 0x7F, 0xF8, 0x3F, 0xFC, 0x18,
    0x06, 0x0C, 0x03, 0x06, 0x01, 0x83, 0x00, 0xC1, 0x80, 0x60, 0xC0, 0x30, 0x60, 0x18, 0x30, 0xC3,
    0x0C, 0x30, 0xC3, 0x0C, 0x30, 0xC3, 0x0C, 0x30, 0xC3, 0x0C, 0x0C, 0x0C, 0x0C, 0x0C, 0x0C, 0x0C,
    0x0C, 0x0C, 0x0C, 0x0C, 0x0C, 0x0C, 0x0C, 0x0C, 0x0C, 0x0C, 0x0C, 0x1C, 0x38, 0x30, 0x30, 0x38,
    0x60, 0xE0, 0xC3, 0x81, 0x8E, 0x03, 0x38, 0x06, 0xE0, 0x0F, 0x80, 0x1E, 0x00, 0x3E, 0x00, 0x6E,
    0x00, 0xCE, 0x01, 0x8E, 0x03, 0x0E, 0x06, 0x0E, 0x0C, 0x0E, 0x18, 0x0E, 0x30, 0x01, 0x80, 0x0C,
    0x00, 0x60, 0x03, 0x00, 0x18, 0x00, 0xC0, 0x06, 0x00, 0x30, 0x01, 0x80, 0x0C, 0x00, 0x60, 0x03,
    0x00, 0x18, 0x00, 0xFF, 0xC7, 0xFE, 0x3C, 0x07, 0x87, 0x80, 0xF0, 0xF0, 0x1E, 0x1B, 0x06, 0xC3,
    0x60, 0xD8, 0x6E, 0x3B, 0x0C, 0xC6, 0x61, 0x98, 0xCC, 0x31, 0xB1, 0x86, 0x36, 0x30, 0xC7, 0xC6,
    0x18, 0x70, 0xC3, 0x0E, 0x18, 0x60, 0x03, 0x0C, 0x00, 0x61, 0x80, 0x0C, 0x38, 0x0C, 0x3C, 0x0C,
    0x3C, 0x0C, 0x3E, 0x0C, 0x36, 0x0C, 0x33, 0x0C, 0x33, 0x0C, 0x31, 0x8C, 0x31, 0x8C, 0x30, 0xCC,
    0x30, 0xCC, 0x30, 0x6C, 0x30, 0x7C, 0x30, 0x3C, 0x30, 0x3C, 0x30, 0x1C, 0x03, 0xE0, 0x07, 0xFC,
    0x07, 0x07, 0x07, 0x01, 0xC3, 0x00, 0x63, 0x00, 0x19, 0x80, 0x0C, 0xC0, 0x06, 0x60, 0x03, 0x30,
    0x01, 0x98, 0x00, 0xC6, 0x00, 0xC3, 0x80, 0xE0, 0xE0, 0xE0, 0x3F, 0xE0, 0x07, 0xC0, 0x3F, 0xC1,
    0xFF, 0x0C, 0x1C, 0x60, 0x63, 0x03, 0x18, 0x18, 0xC0, 0xC6, 0x0E, 0x3F, 0xE1, 0xFE, 0x0C, 0x00,
    0x60, 0x03, 0x00, 0x18, 0x00, 0xC0, 0x06, 0x00, 0x03, 0xE0, 0x07, 0xFC, 0x07, 0x07, 0x07, 0x01,
    0xC3, 0x00, 0x63, 0x00, 0x19, 0x80, 0x0C, 0xC0, 0x06, 0x60, 0x03, 0x30, 0x01, 0x98, 0x00, 0xC6,
    0x00, 0xC3, 0x80, 0xE0, 0xE0, 0xE0, 0x3F, 0xE0, 0x07, 0xE0, 0x00, 0x38, 0x00, 0x0C, 0x00, 0x03,
    0x00, 0x3F, 0xC0, 0x7F, 0xC0, 0xC1, 0xC1, 0x81, 0x83, 0x03, 0x06, 0x06, 0x0C, 0x1C, 0x1F, 0xF0,
    0x3F, 0xC0, 0x61, 0xC0, 0xC1, 0x81, 0x81, 0x83, 0x03, 0x06, 0x03, 0x0C, 0x06, 0x18, 0x06, 0x0F,
    0xC0, 0xFF, 0x87, 0x02, 0x18, 0x00, 0x60, 0x01, 0x80, 0x07, 0x80, 0x0F, 0xE0, 0x0F, 0xE0, 0x01,
    0xC0, 0x03, 0x00, 0x0C, 0x00, 0x31, 0x81, 0xC7, 0xFE, 0x07, 0xE0, 0x7F, 0xFE, 0xFF, 0xFC, 0x06,
    0x00, 0x0C, 0x00, 0x18, 0x00, 0x30, 0x00, 0x60, 0x00, 0xC0, 0x01, 0x80, 0x03, 0x00, 0x06, 0x00,
    0x0C, 0x00, 0x18, 0x00, 0x30, 0x00, 0x60, 0x00, 0xC0, 0x30, 0x0C, 0x30, 0x0C, 0x30, 0x0C, 0x30,
    0x0C, 0x30, 0x0C, 0x30, 0x0C, 0x30, 0x0C, 0x30, 0x0C, 0x30, 0x0C, 0x30, 0x0C, 0x30, 0x0C, 0x30,
    0x0C, 0x38, 0x1C, 0x1C, 0x38, 0x0F, 0xF0, 0x07, 0xE0, 0xC0, 0x06, 0xC0, 0x19, 0x80, 0x33, 0x80,
    0xE3, 0x01, 0x86, 0x03, 0x06, 0x0C, 0x0C, 0x18, 0x18, 0x30, 0x18, 0xC0, 0x31, 0x80, 0x77, 0x00,
    0x6C, 0x00, 0xD8, 0x00, 0xE0, 0x01, 0xC0, 0x60, 0x78, 0x19, 0x81, 0xE0, 0x63, 0x07, 0x83, 0x0C,
    0x1E, 0x0C, 0x30, 0xCC, 0x30, 0xC3, 0x30, 0xC1, 0x8C, 0xC6, 0x06, 0x33, 0x18, 0x19, 0x86, 0x60,
    0x66, 0x19, 0x80, 0xD8, 0x6C, 0x03, 0x61, 0xB0, 0x0F, 0x03, 0xC0, 0x3C, 0x0F, 0x00, 0x70, 0x38,
    0x01, 0xC0, 0xE0, 0x38, 0x0E, 0x30, 0x18, 0x30, 0x60, 0x71, 0x80, 0x67, 0x00, 0x6C, 0x00, 0xF0,
    0x00, 0xE0, 0x03, 0xC0, 0x07, 0xC0, 0x19, 0x80, 0x71, 0x80, 0xC3, 0x83, 0x03, 0x0E, 0x03, 0x38,
    0x07, 0x70, 0x0E, 0x70, 0x38, 0x60, 0x60, 0x61, 0x80, 0xE7, 0x00, 0xCC, 0x00, 0xF0, 0x01, 0xE0,
    0x01, 0x80, 0x03, 0x00, 0x06, 0x00, 0x0C, 0x00, 0x18, 0x00, 0x30, 0x00, 0x60, 0x00, 0xC0, 0x7F,
    0xFC, 0xFF, 0xF8, 0x00, 0x60, 0x01, 0x80, 0x07, 0x00, 0x1C, 0x00, 0x70, 0x00, 0xC0, 0x03, 0x00,
    0x0E, 0x00, 0x38, 0x00, 0xE0, 0x01, 0x80, 0x06, 0x00, 0x1F, 0xFF, 0x3F, 0xFE, 0x3E, 0x1F, 0x0C,
    0x06, 0x03, 0x01, 0x80, 0xC0, 0x60, 0x30, 0x18, 0x0C, 0x06, 0x03, 0x01, 0x80, 0xC0, 0x60, 0x30,
    0x18, 0x0F, 0x87, 0xC0, 0xC0, 0xC0, 0x60, 0x60, 0x60, 0x30, 0x30, 0x30, 0x30, 0x18, 0x18, 0x18,
    0x18, 0x0C, 0x0C, 0x0C, 0x06, 0x06, 0x3E, 0x1F, 0x01, 0x80, 0xC0, 0x60, 0x30, 0x18, 0x0C, 0x06,
    0x03, 0x01, 0x80, 0xC0, 0x60, 0x30, 0x18, 0x0C, 0x06, 0x03, 0x0F, 0x87, 0xC0, 0x01, 0xE0, 0x00,
    0xFC, 0x00, 0x73, 0x80, 0x38, 0x70, 0x1C, 0x0E, 0x0E, 0x01, 0xC0, 0x00, 0x00, 0x00, 0x00, 0x00,
    0x00, 0x00, 0x00, 0x00, 0x00, 0x00, 0x00, 0x00, 0x00, 0x00, 0x00, 0x00, 0x00, 0x00, 0x00, 0x00,
    0x00, 0x00, 0x00, 0x00, 0x00, 0x00, 0xFF, 0xE7, 0xFF, 0x00, 0x30, 0x03, 0x00, 0x30, 0x03, 0x00,
    0x00, 0x00, 0x00, 0x00, 0x00, 0x00, 0x00, 0x00, 0x00, 0x00, 0x00, 0x00, 0x00, 0x00, 0x00, 0x00,
    0x00, 0x00, 0x00, 0x1F, 0x81, 0xFE, 0x08, 0x38, 0x00, 0xC1, 0xFE, 0x1F, 0xF1, 0xC1, 0x8C, 0x0C,
    0x60, 0xE3, 0x8F, 0x0F, 0xF8, 0x3C, 0xC0, 0x30, 0x00, 0xC0, 0x03, 0x00, 0x0C, 0x00, 0x30, 0x00,
    0xCF, 0x03, 0xFE, 0x0F, 0x1C, 0x38, 0x38, 0xC0, 0x63, 0x01, 0x8C, 0x06, 0x30, 0x18, 0xE0, 0xE3,
    0xC7, 0x0F, 0xF8, 0x33, 0xC0, 0x0F, 0xC1, 0xFE, 0x38, 0x27, 0x00, 0x60, 0x06, 0x00, 0x60, 0x06,
    0x00, 0x70, 0x03, 0x82, 0x1F, 0xE0, 0xFC, 0x00, 0x30, 0x00, 0xC0, 0x03, 0x00, 0x0C, 0x00, 0x30,
    0x3C, 0xC1, 0xFF, 0x0E, 0x3C, 0x70, 0x71, 0x80, 0xC6, 0x03, 0x18, 0x0C, 0x60, 0x31, 0xC1, 0xC3,
    0x8F, 0x07, 0xFC, 0x0F, 0x30, 0x0F, 0x80, 0x7F, 0x83, 0x86, 0x1C, 0x0C, 0x60, 0x31, 0xFF, 0xC7,
    0xFF, 0x18, 0x00, 0x70, 0x00, 0xE0, 0x41, 0xFF, 0x03, 0xF8, 0x0F, 0x0F, 0x8C, 0x06, 0x03, 0x07,
    0xF3, 0xF8, 0x60, 0x30, 0x18, 0x0C, 0x06, 0x03, 0x01, 0x80, 0xC0, 0x60, 0x30, 0x00, 0x0F, 0x30,
    0x7F, 0xC3, 0x8F, 0x1C, 0x1C, 0x60, 0x31, 0x80, 0xC6, 0x03, 0x18, 0x0C, 0x70, 0x70, 0xE3, 0xC1,
    0xFF, 0x03, 0xCC, 0x00, 0x30, 0x01, 0xC2, 0x0E, 0x0F, 0xF0, 0x1F, 0x80, 0x30, 0x00, 0xC0, 0x03,
    0x00, 0x0C, 0x00, 0x30, 0x00, 0xCF, 0x03, 0xFE, 0x0E, 0x1C, 0x30, 0x30, 0xC0, 0xC3, 0x03, 0x0C,
    0x0C, 0x30, 0x30, 0xC0, 0xC3, 0x03, 0x0C, 0x0C, 0x30, 0x30, 0x30, 0xC3, 0x00, 0x00, 0xC3, 0x0C,
    0x30, 0xC3, 0x0C, 0x30, 0xC3, 0x0C, 0x30, 0x18, 0x30, 0x60, 0x00, 0x03, 0x06, 0x0C, 0x18, 0x30,
    0x60, 0xC1, 0x83, 0x06, 0x0C, 0x18, 0x30, 0x60, 0xC7, 0x0E, 0x00, 0x30, 0x01, 0x80, 0x0C, 0x00,
    0x60, 0x03, 0x00, 0x18, 0x38, 0xC3, 0x86, 0x38, 0x33, 0x81, 0xF8, 0x0F, 0x00, 0x7C, 0x03, 0x70,
    0x19, 0xC0, 0xC7, 0x06, 0x1C, 0x30, 0x70, 0x30, 0xC3, 0x0C, 0x30, 0xC3, 0x0C, 0x30, 0xC3, 0x0C,
    0x30, 0xC3, 0x0C, 0x30, 0x33, 0xC3, 0xC1, 0xFF, 0x7F, 0x0E, 0x1E, 0x1C, 0x60, 0x60, 0x63, 0x03,
    0x03, 0x18, 0x18, 0x18, 0xC0, 0xC0, 0xC6, 0x06, 0x06, 0x30, 0x30, 0x31, 0x81, 0x81, 0x8C, 0x0C,
    0x0C, 0x60, 0x60, 0x60, 0x33, 0xC0, 0xFF, 0x83, 0x87, 0x0C, 0x0C, 0x30, 0x30, 0xC0, 0xC3, 0x03,
    0x0C, 0x0C, 0x30, 0x30, 0xC0, 0xC3, 0x03, 0x0C, 0x0C, 0x0F, 0x80, 0xFE, 0x0E, 0x38, 0xE0, 0xE6,
    0x03, 0x30, 0x19, 0x80, 0xCC, 0x06, 0x70, 0x71, 0xC7, 0x07, 0xF0, 0x1F, 0x00, 0x33, 0xC0, 0xFF,
    0x83, 0xC7, 0x0E, 0x0E, 0x30, 0x18, 0xC0, 0x63, 0x01, 0x8C, 0x06, 0x38, 0x38, 0xF1, 0xC3, 0xFE,
    0x0C, 0xF0, 0x30, 0x00, 0xC0, 0x03, 0x00, 0x0C, 0x00, 0x30, 0x00, 0x0F, 0x30, 0x7F, 0xC3, 0x8F,
    0x1C, 0x1C, 0x60, 0x31, 0x80, 0xC6, 0x03, 0x18, 0x0C, 0x70, 0x70, 0xE3, 0xC1, 0xFF, 0x03, 0xCC,
    0x00, 0x30, 0x00, 0xC0, 0x03, 0x00, 0x0C, 0x00, 0x30, 0x33, 0x8F, 0xE3, 0x80, 0xE0, 0x30, 0x0C,
    0x03, 0x00, 0xC0, 0x30, 0x0C, 0x03, 0x00, 0xC0, 0x1F, 0x07, 0xF1, 0xC2, 0x30, 0x07, 0x00, 0x7E,
    0x03, 0xE0, 0x06, 0x00, 0xC8, 0x39, 0xFE, 0x1F, 0x80, 0x30, 0x18, 0x0C, 0x0F, 0xE7, 0xF1, 0x80,
    0xC0, 0x60, 0x30, 0x18, 0x0C, 0x06, 0x03, 0x01, 0xF8, 0x7C, 0x30, 0x30, 0xC0, 0xC3, 0x03, 0x0C,
    0x0C, 0x30, 0x30, 0xC0, 0xC3, 0x03, 0x0C, 0x0C, 0x30, 0x30, 0xE1, 0xC1, 0xFF, 0x03, 0xCC, 0x60,
    0x19, 0x81, 0x8C, 0x0C, 0x60, 0x61, 0x86, 0x0C, 0x30, 0x33, 0x01, 0x98, 0x0C, 0xC0, 0x3C, 0x01,
    0xE0, 0x0F, 0x00, 0x61, 0xE1, 0x98, 0x78, 0x63, 0x1E, 0x30, 0xC7, 0x8C, 0x33, 0x33, 0x0C, 0xCD,
    0xC1, 0xB3, 0x60, 0x6C, 0xD8, 0x1E, 0x1E, 0x07, 0x87, 0x80, 0xE1, 0xC0, 0x38, 0x70, 0x70, 0x39,
    0xC3, 0x87, 0x38, 0x19, 0x80, 0x78, 0x03, 0xC0, 0x1E, 0x01, 0xF8, 0x0C, 0xC0, 0xC3, 0x0E, 0x1C,
    0xE0, 0x70, 0x60, 0x19, 0x81, 0x8C, 0x0C, 0x70, 0xE1, 0x86, 0x0C, 0x30, 0x33, 0x01, 0x98, 0x07,
    0x80, 0x3C, 0x01, 0xE0, 0x06, 0x00, 0x30, 0x03, 0x00, 0x18, 0x07, 0x80, 0x3C, 0x00, 0x7F, 0xE7,
    0xFE, 0x00, 0xC0, 0x18, 0x03, 0x80, 0x70, 0x0E, 0x01, 0xC0, 0x18, 0x03, 0x00, 0x7F, 0xE7, 0xFE,
    0x01, 0xE0, 0x0F, 0x80, 0x30, 0x00, 0xC0, 0x03, 0x00, 0x0C, 0x00, 0x30, 0x00, 0xC0, 0x07, 0x00,
    0x78, 0x01, 0xE0, 0x01, 0xC0, 0x03, 0x00, 0x0C, 0x00, 0x30, 0x00, 0xC0, 0x03, 0x00, 0x0C, 0x00,
    0x3E, 0x00, 0x78, 0x18, 0x30, 0x60, 0xC1, 0x83, 0x06, 0x0C, 0x18, 0x30, 0x60, 0xC1, 0x83, 0x06,
    0x0C, 0x18, 0x30, 0x60, 0xC1, 0x83, 0x00, 0x1E, 0x00, 0x7C, 0x00, 0x30, 0x00, 0xC0, 0x03, 0x00,
    0x0C, 0x00, 0x30, 0x00, 0xC0, 0x03, 0x80, 0x07, 0x80, 0x1E, 0x00, 0xE0, 0x03, 0x00, 0x0C, 0x00,
    0x30, 0x00, 0xC0, 0x03, 0x00, 0x0C, 0x01, 0xF0, 0x07, 0x80, 0x0F, 0x81, 0x0F, 0xFF, 0xC3, 0x07,
    0xC0, 0x00, 0x00, 0x00, 0x00, 0x00, 0x00, 0x00, 0x00, 0x00, 0x00, 0x00, 0x00, 0x00, 0x00, 0x00,
    0x00, 0x7F, 0xF2, 0x00, 0x90, 0x04, 0x80, 0x24, 0x01, 0x20, 0x09, 0x00, 0x48, 0x02, 0x40, 0x12,
    0x00, 0x90, 0x04, 0x80, 0x24, 0x01, 0x20, 0x09, 0x00, 0x48, 0x02, 0x40, 0x12, 0x00, 0x9F, 0xFC,
    0x7F, 0xF2, 0x00, 0x90, 0x04, 0x80, 0x24, 0x01, 0x20, 0x09, 0x00, 0x48, 0x02, 0x40, 0x12, 0x00,
    0x90, 0x04, 0x80, 0x24, 0x01, 0x20, 0x09, 0x00, 0x48, 0x02, 0x40, 0x12, 0x00, 0x9F, 0xFC, 0x7F,
    0xF2, 0x00, 0x90, 0x04, 0x80, 0x24, 0x01, 0x20, 0x09, 0x00, 0x48, 0x02, 0x40, 0x12, 0x00, 0x90,
    0x04, 0x80, 0x24, 0x01, 0x20, 0x09, 0x00, 0x48, 0x02, 0x40, 0x12, 0x00, 0x9F, 0xFC, 0x7F, 0xF2,
    0x00, 0x90, 0x04, 0x80, 0x24, 0x01, 0x20, 0x09, 0x00, 0x48, 0x02, 0x40, 0x12, 0x00, 0x90, 0x04,
    0x80, 0x24, 0x01, 0x20, 0x09, 0x00, 0x48, 0x02, 0x40, 0x12, 0x00, 0x9F, 0xFC, 0x7F, 0xF2, 0x00,
    0x90, 0x04, 0x80, 0x24, 0x01, 0x20, 0x09, 0x00, 0x48, 0x02, 0x40, 0x12, 0x00, 0x90, 0x04, 0x80,
    0x24, 0x01, 0x20, 0x09, 0x00, 0x48, 0x02, 0x40, 0x12, 0x00, 0x9F, 0xFC, 0x7F, 0xF2, 0x00, 0x90,
    0x04, 0x80, 0x24, 0x01, 0x20, 0x09, 0x00, 0x48, 0x02, 0x40, 0x12, 0x00, 0x90, 0x04, 0x80, 0x24,
    0x01, 0x20, 0x09, 0x00, 0x48, 0x02, 0x40, 0x12, 0x00, 0x9F, 0xFC, 0x7F, 0xF2, 0x00, 0x90, 0x04,
    0x80, 0x24, 0x01, 0x20, 0x09, 0x00, 0x48, 0x02, 0x40, 0x12, 0x00, 0x90, 0x04, 0x80, 0x24, 0x01,
    0x20, 0x09, 0x00, 0x48, 0x02, 0x40, 0x12, 0x00, 0x9F, 0xFC, 0x7F, 0xF2, 0x00, 0x90, 0x04, 0x80,
    0x24, 0x01, 0x20, 0x09, 0x00, 0x48, 0x02, 0x40, 0x12, 0x00, 0x90, 0x04, 0x80, 0x24, 0x01, 0x20,
    0x09, 0x00, 0x48, 0x02, 0x40, 0x12, 0x00, 0x9F, 0xFC, 0x7F, 0xF2, 0x00, 0x90, 0x04, 0x80, 0x24,
    0x01, 0x20, 0x09, 0x00, 0x48, 0x02, 0x40, 0x12, 0x00, 0x90, 0x04, 0x80, 0x24, 0x01, 0x20, 0x09,
    0x00, 0x48, 0x02, 0x40, 0x12, 0x00, 0x9F, 0xFC, 0x7F, 0xF2, 0x00, 0x90, 0x04, 0x80, 0x24, 0x01,
    0x20, 0x09, 0x00, 0x48, 0x02, 0x40, 0x12, 0x00, 0x90, 0x04, 0x80, 0x24, 0x01, 0x20, 0x09, 0x00,
    0x48, 0x02, 0x40, 0x12, 0x00, 0x9F, 0xFC, 0x7F, 0xF2, 0x00, 0x90, 0x04, 0x80, 0x24, 0x01, 0x20,
    0x09, 0x00, 0x48, 0x02, 0x40, 0x12, 0x00, 0x90, 0x04, 0x80, 0x24, 0x01, 0x20, 0x09, 0x00, 0x48,
    0x02, 0x40, 0x12, 0x00, 0x9F, 0xFC, 0x7F, 0xF2, 0x00, 0x90, 0x04, 0x80, 0x24, 0x01, 0x20, 0x09,
    0x00, 0x48, 0x02, 0x40, 0x12, 0x00, 0x90, 0x04, 0x80, 0x24, 0x01, 0x20, 0x09, 0x00, 0x48, 0x02,
    0x40, 0x12, 0x00, 0x9F, 0xFC, 0x7F, 0xF2, 0x00, 0x90, 0x04, 0x80, 0x24, 0x01, 0x20, 0x09, 0x00,
    0x48, 0x02, 0x40, 0x12, 0x00, 0x90, 0x04, 0x80, 0x24, 0x01, 0x20, 0x09, 0x00, 0x48, 0x02, 0x40,
    0x12, 0x00, 0x9F, 0xFC, 0x7F, 0xF2, 0x00, 0x90, 0x04, 0x80, 0x24, 0x01, 0x20, 0x09, 0x00, 0x48,
    0x02, 0x40, 0x12, 0x00, 0x90, 0x04, 0x80, 0x24, 0x01, 0x20, 0x09, 0x00, 0x48, 0x02, 0x40, 0x12,
    0x00, 0x9F, 0xFC, 0x7F, 0xF2, 0x00, 0x90, 0x04, 0x80, 0x24, 0x01, 0x20, 0x09, 0x00, 0x48, 0x02,
    0x40, 0x12, 0x00, 0x90, 0x04, 0x80, 0x24, 0x01, 0x20, 0x09, 0x00, 0x48, 0x02, 0x40, 0x12, 0x00,
    0x9F, 0xFC, 0x7F, 0xF2, 0x00, 0x90, 0x04, 0x80, 0x24, 0x01, 0x20, 0x09, 0x00, 0x48, 0x02, 0x40,
    0x12, 0x00, 0x90, 0x04, 0x80, 0x24, 0x01, 0x20, 0x09, 0x00, 0x48, 0x02, 0x40, 0x12, 0x00, 0x9F,
    0xFC, 0x7F, 0xF2, 0x00, 0x90, 0x04, 0x80, 0x24, 0x01, 0x20, 0x09, 0x00, 0x48, 0x02, 0x40, 0x12,
    0x00, 0x90, 0x04, 0x80, 0x24, 0x01, 0x20, 0x09, 0x00, 0x48, 0x02, 0x40, 0x12, 0x00, 0x9F, 0xFC,
    0x7F, 0xF2, 0x00, 0x90, 0x04, 0x80, 0x24, 0x01, 0x20, 0x09, 0x00, 0x48, 0x02, 0x40, 0x12, 0x00,
    0x90, 0x04, 0x80, 0x24, 0x01, 0x20, 0x09, 0x00, 0x48, 0x02, 0x40, 0x12, 0x00, 0x9F, 0xFC, 0x7F,
    0xF2, 0x00, 0x90, 0x04, 0x80, 0x24, 0x01, 0x20, 0x09, 0x00, 0x48, 0x02, 0x40, 0x12, 0x00, 0x90,
    0x04, 0x80, 0x24, 0x01, 0x20, 0x09, 0x00, 0x48, 0x02, 0x40, 0x12, 0x00, 0x9F, 0xFC, 0x7F, 0xF2,
    0x00, 0x90, 0x04, 0x80, 0x24, 0x01, 0x20, 0x09, 0x00, 0x48, 0x02, 0x40, 0x12, 0x00, 0x90, 0x04,
    0x80, 0x24, 0x01, 0x20, 0x09, 0x00, 0x48, 0x02, 0x40, 0x12, 0x00, 0x9F, 0xFC, 0x7F, 0xF2, 0x00,
    0x90, 0x04, 0x80, 0x24, 0x01, 0x20, 0x09, 0x00, 0x48, 0x02, 0x40, 0x12, 0x00, 0x90, 0x04, 0x80,
    0x24, 0x01, 0x20, 0x09, 0x00, 0x48, 0x02, 0x40, 0x12, 0x00, 0x9F, 0xFC, 0x7F, 0xF2, 0x00, 0x90,
    0x04, 0x80, 0x24, 0x01, 0x20, 0x09, 0x00, 0x48, 0x02, 0x40, 0x12, 0x00, 0x90, 0x04, 0x80, 0x24,
    0x01, 0x20, 0x09, 0x00, 0x48, 0x02, 0x40, 0x12, 0x00, 0x9F, 0xFC, 0x7F, 0xF2, 0x00, 0x90, 0x04,
    0x80, 0x24, 0x01, 0x20, 0x09, 0x00, 0x48, 0x02, 0x40, 0x12, 0x00, 0x90, 0x04, 0x80, 0x24, 0x01,
    0x20, 0x09, 0x00, 0x48, 0x02, 0x40, 0x12, 0x00, 0x9F, 0xFC, 0x7F, 0xF2, 0x00, 0x90, 0x04, 0x80,
    0x24, 0x01, 0x20, 0x09, 0x00, 0x48, 0x02, 0x40, 0x12, 0x00, 0x90, 0x04, 0x80, 0x24, 0x01, 0x20,
    0x09, 0x00, 0x48, 0x02, 0x40, 0x12, 0x00, 0x9F, 0xFC, 0x7F, 0xF2, 0x00, 0x90, 0x04, 0x80, 0x24,
    0x01, 0x20, 0x09, 0x00, 0x48, 0x02, 0x40, 0x12, 0x00, 0x90, 0x04, 0x80, 0x24, 0x01, 0x20, 0x09,
    0x00, 0x48, 0x02, 0x40, 0x12, 0x00, 0x9F, 0xFC, 0x7F, 0xF2, 0x00, 0x90, 0x04, 0x80, 0x24, 0x01,
    0x20, 0x09, 0x00, 0x48, 0x02, 0x40, 0x12, 0x00, 0x90, 0x04, 0x80, 0x24, 0x01, 0x20, 0x09, 0x00,
    0x48, 0x02, 0x40, 0x12, 0x00, 0x9F, 0xFC, 0x7F, 0xF2, 0x00, 0x90, 0x04, 0x80, 0x24, 0x01, 0x20,
    0x09, 0x00, 0x48, 0x02, 0x40, 0x12, 0x00, 0x90, 0x04, 0x80, 0x24, 0x01, 0x20, 0x09, 0x00, 0x48,
    0x02, 0x40, 0x12, 0x00, 0x9F, 0xFC, 0x7F, 0xF2, 0x00, 0x90, 0x04, 0x80, 0x24, 0x01, 0x20, 0x09,
    0x00, 0x48, 0x02, 0x40, 0x12, 0x00, 0x90, 0x04, 0x80, 0x24, 0x01, 0x20, 0x09, 0x00, 0x48, 0x02,
    0x40, 0x12, 0x00, 0x9F, 0xFC, 0x7F, 0xF2, 0x00, 0x90, 0x04, 0x80, 0x24, 0x01, 0x20, 0x09, 0x00,
    0x48, 0x02, 0x40, 0x12, 0x00, 0x90, 0x04, 0x80, 0x24, 0x01, 0x20, 0x09, 0x00, 0x48, 0x02, 0x40,
    0x12, 0x00, 0x9F, 0xFC, 0x7F, 0xF2, 0x00, 0x90, 0x04, 0x80, 0x24, 0x01, 0x20, 0x09, 0x00, 0x48,
    0x02, 0x40, 0x12, 0x00, 0x90, 0x04, 0x80, 0x24, 0x01, 0x20, 0x09, 0x00, 0x48, 0x02, 0x40, 0x12,
    0x00, 0x9F, 0xFC, 0x7F, 0xF2, 0x00, 0x90, 0x04, 0x80, 0x24, 0x01, 0x20, 0x09, 0x00, 0x48, 0x02,
    0x40, 0x12, 0x00, 0x90, 0x04, 0x80, 0x24, 0x01, 0x20, 0x09, 0x00, 0x48, 0x02, 0x40, 0x12, 0x00,
    0x9F, 0xFC, 0x7F, 0xF2, 0x00, 0x90, 0x04, 0x80, 0x24, 0x01, 0x20, 0x09, 0x00, 0x48, 0x02, 0x40,
    0x12, 0x00, 0x90, 0x04, 0x80, 0x24, 0x01, 0x20, 0x09, 0x00, 0x48, 0x02, 0x40, 0x12, 0x00, 0x9F,
    0xFC, 0x7F, 0xF2, 0x00, 0x90, 0x04, 0x80, 0x24, 0x01, 0x20, 0x09, 0x00, 0x48, 0x02, 0x40, 0x12,
    0x00, 0x90, 0x04, 0x80, 0x24, 0x01, 0x20, 0x09, 0x00, 0x48, 0x02, 0x40, 0x12, 0x00, 0x9F, 0xFC,
    0x18, 0x0C, 0x06, 0x00, 0x00, 0x00, 0xC0, 0x60, 0x30, 0x18, 0x0C, 0x06, 0x03, 0x01, 0x80, 0xC0,
    0x60, 0x30, 0x00, 0x80, 0x02, 0x00, 0x08, 0x00, 0xF8, 0x0F, 0xF0, 0x72, 0x43, 0x88, 0x0C, 0x20,
    0x30, 0x80, 0xC2, 0x03, 0x08, 0x0E, 0x20, 0x1C, 0x90, 0x3F, 0xC0, 0x3E, 0x00, 0x20, 0x00, 0x80,
    0x02, 0x00, 0x03, 0xE0, 0x1F, 0xC0, 0xE1, 0x03, 0x00, 0x0C, 0x00, 0x30, 0x00, 0xC0, 0x0F, 0xF0,
    0x3F, 0xC0, 0x30, 0x00, 0xC0, 0x03, 0x00, 0x0C, 0x00, 0x30, 0x07, 0xFF, 0x1F, 0xFC, 0x40, 0x30,
    0xDD, 0x83, 0xFE, 0x06, 0x30, 0x30, 0x60, 0xC1, 0x83, 0x06, 0x06, 0x30, 0x3F, 0xE0, 0xDD, 0x84,
    0x01, 0x00, 0x00, 0x00, 0x00, 0x70, 0x38, 0xC0, 0xC3, 0x87, 0x06, 0x18, 0x0C, 0xC0, 0x33, 0x03,
    0xFF, 0x0F, 0xFC, 0x07, 0x80, 0x0C, 0x03, 0xFF, 0x0F, 0xFC, 0x03, 0x00, 0x0C, 0x00, 0x30, 0x00,
    0xC0, 0x18, 0x30, 0x60, 0xC1, 0x83, 0x06, 0x0C, 0x00, 0x00, 0x00, 0xC1, 0x83, 0x06, 0x0C, 0x18,
    0x30, 0x60, 0x0F, 0x87, 0xF0, 0xC0, 0x18, 0x01, 0x80, 0x3C, 0x0D, 0xC3, 0x0C, 0x60, 0xCE, 0x18,
    0xE3, 0x0E, 0xC0, 0x70, 0x07, 0x00, 0x60, 0x0C, 0x3F, 0x87, 0xC0, 0x33, 0x06, 0x60, 0x00, 0x00,
    0x00, 0x00, 0x00, 0x00, 0x00, 0x00, 0x00, 0x00, 0x00, 0x00, 0x00, 0x00, 0x00, 0x00, 0x00, 0x00,
    0x00, 0x00, 0x00, 0x00, 0xFC, 0x00, 0x0C, 0x0C, 0x00, 0x60, 0x18, 0x03, 0x1E, 0x30, 0x09, 0x84,
    0x40, 0x46, 0x00, 0x81, 0x30, 0x02, 0x04, 0xC0, 0x08, 0x13, 0x00, 0x20, 0x4C, 0x00, 0x81, 0x18,
    0x02, 0x02, 0x71, 0x10, 0x0C, 0x78, 0xC0, 0x18, 0x06, 0x00, 0x30, 0x30, 0x00, 0x3F, 0x00, 0x1F,
    0x08, 0xE0, 0x18, 0x7E, 0x71, 0x98, 0x66, 0x19, 0xCE, 0x3D, 0x80, 0x07, 0xF8, 0x00, 0x00, 0x00,
    0x00, 0x00, 0x00, 0x02, 0x10, 0x31, 0x83, 0x9C, 0x39, 0xC3, 0x9C, 0x1C, 0xE0, 0x73, 0x81, 0xCE,
    0x06, 0x30, 0x10, 0x80, 0x00, 0x3F, 0xFF, 0x0F, 0xFF, 0xC0, 0x00, 0x30, 0x00, 0x0C, 0x00, 0x03,
    0x00, 0x00, 0xC0, 0x00, 0x00, 0x00, 0x00, 0x00, 0x00, 0x00, 0x00, 0xFC, 0x00, 0x0C, 0x0C, 0x00,
    0x60, 0x18, 0x03, 0x3F, 0x30, 0x08, 0xC6, 0x40, 0x43, 0x18, 0x81, 0x0C, 0x62, 0x04, 0x3F, 0x08,
    0x10, 0xC8, 0x20, 0x43, 0x30, 0x81, 0x0C, 0x62, 0x02, 0x31, 0x90, 0x0C, 0xC3, 0xC0, 0x18, 0x06,
    0x00, 0x30, 0x30, 0x00, 0x3F, 0x00, 0x3F, 0x07, 0xE0, 0x00, 0x00, 0x00, 0x00, 0x00, 0x00, 0x00,
    0x00, 0x00, 0x00, 0x00, 0x00, 0x00, 0x00, 0x00, 0x00, 0x00, 0x00, 0x00, 0x0E, 0x02, 0x20, 0x82,
    0x10, 0x42, 0x08, 0x22, 0x03, 0x80, 0x00, 0x00, 0x00, 0x00, 0x00, 0x00, 0x00, 0x00, 0x00, 0x00,
    0x00, 0x00, 0x00, 0xC0, 0x00, 0x30, 0x00, 0x0C, 0x00, 0x03, 0x00, 0x3F, 0xFF, 0x0F, 0xFF, 0xC0,
    0x0C, 0x00, 0x03, 0x00, 0x00, 0xC0, 0x00, 0x30, 0x00, 0x00, 0x00, 0x00, 0x00, 0x3F, 0xFF, 0x0F,
    0xFF, 0xC0, 0x3C, 0x23, 0x01, 0x80, 0xC0, 0xC0, 0xE0, 0xE0, 0xE0, 0x7E, 0x00, 0x00, 0x00, 0x00,
    0x00, 0x00, 0x00, 0x00, 0x7E, 0x01, 0x80, 0xC3, 0x80, 0x70, 0x18, 0x0C, 0x0E, 0x7C, 0x00, 0x00,
    0x00, 0x00, 0x00, 0x00, 0x00, 0x00, 0x01, 0x80, 0x60, 0x18, 0x06, 0x00, 0x00, 0x00, 0x00, 0x00,
    0x00, 0x00, 0x00, 0x00, 0x00, 0x00, 0x00, 0x00, 0x00, 0x00, 0x00, 0x00, 0x00, 0x00, 0x00, 0x30,
    0x30, 0xC0, 0xC3, 0x03, 0x0C, 0x0C, 0x30, 0x30, 0xC0, 0xC3, 0x03, 0x0C, 0x0C, 0x30, 0x30, 0xE1,
    0xC3, 0xFF, 0xCD, 0xE7, 0x30, 0x00, 0xC0, 0x03, 0x00, 0x0C, 0x00, 0x30, 0x00, 0x0F, 0xF0, 0x7C,
    0xC3, 0xF3, 0x0F, 0xCC, 0x3F, 0x30, 0xFC, 0xC3, 0xF3, 0x07, 0xCC, 0x07, 0x30, 0x0C, 0xC0, 0x33,
    0x00, 0xCC, 0x03, 0x30, 0x0C, 0xC0, 0x33, 0x00, 0xCC, 0x03, 0x30, 0x0C, 0xC0, 0x30, 0x60, 0xC0,
    0x00, 0x00, 0x00, 0x00, 0x00, 0x04, 0x00, 0xC0, 0x78, 0x0E, 0x00, 0x3C, 0x06, 0x03, 0x01, 0x80,
    0xC0, 0x60, 0x30, 0x18, 0x3F, 0x00, 0x00, 0x00, 0x00, 0x00, 0x00, 0x00, 0x00, 0x1E, 0x0C, 0xC6,
    0x19, 0x86, 0x61, 0x98, 0x66, 0x18, 0xCC, 0x1E, 0x00, 0x03, 0xF0, 0x00, 0x00, 0x00, 0x00, 0x00,
    0x00, 0x21, 0x01, 0x8C, 0x0E, 0x70, 0x39, 0xC0, 0xE7, 0x07, 0x38, 0x73, 0x87, 0x38, 0x31, 0x81,
    0x08, 0x00, 0x00, 0x3C, 0x01, 0x80, 0x60, 0x08, 0x03, 0x00, 0x80, 0x18, 0x0C, 0x00, 0xC0, 0x40,
    0x06, 0x04, 0x00, 0x30, 0x60, 0x01, 0x82, 0x06, 0x3F, 0x20, 0x70, 0x03, 0x05, 0x80, 0x10, 0x2C,
    0x01, 0x02, 0x60, 0x18, 0x23, 0x00, 0x81, 0xFC, 0x08, 0x00, 0xC0, 0xC0, 0x06, 0x3C, 0x01, 0x80,
    0x60, 0x08, 0x03, 0x00, 0x80, 0x18, 0x0C, 0x00, 0xC0, 0x40, 0x06, 0x04, 0x00, 0x30, 0x60, 0x01,
    0x82, 0x3C, 0x3F, 0x22, 0x30, 0x03, 0x01, 0x80, 0x10, 0x0C, 0x01, 0x00, 0xC0, 0x18, 0x0E, 0x00,
    0x80, 0xE0, 0x08, 0x0E, 0x00, 0xC0, 0x7E, 0x7E, 0x01, 0x80, 0x18, 0x08, 0x00, 0xC0, 0x80, 0x38,
    0x0C, 0x00, 0x70, 0x40, 0x01, 0x84, 0x00, 0x0C, 0x60, 0x00, 0xE2, 0x06, 0x7C, 0x20, 0x70, 0x03,
    0x05, 0x80, 0x10, 0x2C, 0x01, 0x02, 0x60, 0x18, 0x23, 0x00, 0x81, 0xFC, 0x08, 0x00, 0xC0, 0xC0,
    0x06, 0x03, 0x00, 0x30, 0x03, 0x00, 0x00, 0x00, 0x00, 0x30, 0x03, 0x00, 0x30, 0x07, 0x00, 0xE0,
    0x1C, 0x01, 0x80, 0x30, 0x03, 0x00, 0x38, 0x21, 0xFE, 0x0F, 0xC0, 0x06, 0x00, 0x06, 0x00, 0x06,
    0x00, 0x00, 0x00, 0x00, 0x00, 0x70, 0x00, 0xE0, 0x03, 0x60, 0x06, 0xC0, 0x1D, 0xC0, 0x31, 0x80,
    0x63, 0x01, 0x83, 0x03, 0x06, 0x06, 0x0C, 0x1F, 0xFC, 0x3F, 0xF8, 0xE0, 0x39, 0x80, 0x33, 0x00,
    0x6C, 0x00, 0x60, 0x00, 0xC0, 0x03, 0x00, 0x0C, 0x00, 0x00, 0x00, 0x00, 0x00, 0x70, 0x00, 0xE0,
    0x03, 0x60, 0x06, 0xC0, 0x1D, 0xC0, 0x31, 0x80, 0x63, 0x01, 0x83, 0x03, 0x06, 0x06, 0x0C, 0x1F,
    0xFC, 0x3F, 0xF8, 0xE0, 0x39, 0x80, 0x33, 0x00, 0x6C, 0x00, 0x60, 0x03, 0x80, 0x0D, 0x80, 0x31,
    0x80, 0x00, 0x00, 0x00, 0x00, 0x70, 0x00, 0xE0, 0x03, 0x60, 0x06, 0xC0, 0x1D, 0xC0, 0x31, 0x80,
    0x63, 0x01, 0x83, 0x03, 0x06, 0x06, 0x0C, 0x1F, 0xFC, 0x3F, 0xF8, 0xE0, 0x39, 0x80, 0x33, 0x00,
    0x6C, 0x00, 0x60, 0x07, 0x20, 0x13, 0x80, 0x00, 0x00, 0x00, 0x00, 0x38, 0x00, 0x70, 0x01, 0xB0,
    0x03, 0x60, 0x0E, 0xE0, 0x18, 0xC0, 0x31, 0x80, 0xC1, 0x81, 0x83, 0x03, 0x06, 0x0F, 0xFE, 0x1F,
    0xFC, 0x70, 0x1C, 0xC0, 0x19, 0x80, 0x36, 0x00, 0x30, 0x06, 0xC0, 0x0D, 0x80, 0x00, 0x00, 0x00,
    0x00, 0x38, 0x00, 0x70, 0x01, 0xB0, 0x03, 0x60, 0x0E, 0xE0, 0x18, 0xC0, 0x31, 0x80, 0xC1, 0x81,
    0x83, 0x03, 0x06, 0x0F, 0xFE, 0x1F, 0xFC, 0x70, 0x1C, 0xC0, 0x19, 0x80, 0x36, 0x00, 0x30, 0x03,
    0x80, 0x08, 0x80, 0x20, 0x80, 0x41, 0x00, 0xC6, 0x00, 0xF8, 0x01, 0xB0, 0x07, 0x70, 0x0C, 0x60,
    0x18, 0xC0, 0x71, 0xC0, 0xC1, 0x81, 0x83, 0x07, 0x07, 0x0C, 0x06, 0x1F, 0xFC, 0x7F, 0xFC, 0xC0,
    0x19, 0x80, 0x37, 0x00, 0x7C, 0x00, 0x60, 0x01, 0xFF, 0xF0, 0x1F, 0xFF, 0x80, 0xCC, 0x00, 0x0E,
    0x60, 0x00, 0x63, 0x00, 0x03, 0x18, 0x00, 0x30, 0xC0, 0x01, 0x87, 0xFC, 0x18, 0x3F, 0xE0, 0xC1,
    0x80, 0x0F, 0xFC, 0x00, 0x7F, 0xE0, 0x03, 0x03, 0x00, 0x30, 0x18, 0x01, 0x80, 0xFF, 0xD8, 0x07,
    0xFE, 0x03, 0xF0, 0x1F, 0xF0, 0x70, 0x31, 0xC0, 0x23, 0x00, 0x0C, 0x00, 0x18, 0x00, 0x30, 0x00,
    0x60, 0x00, 0xC0, 0x01, 0x80, 0x01, 0x80, 0x03, 0x80, 0x43, 0x81, 0x83, 0xFE, 0x01, 0xF8, 0x00,
    0x80, 0x01, 0x80, 0x0F, 0x00, 0x1C, 0x00, 0x06, 0x00, 0x0C, 0x00, 0x18, 0x00, 0x00, 0x00, 0x00,
    0xFF, 0xC3, 0xFF, 0x0C, 0x00, 0x30, 0x00, 0xC0, 0x03, 0x00, 0x0C, 0x00, 0x3F, 0xE0, 0xFF, 0x83,
    0x00, 0x0C, 0x00, 0x30, 0x00, 0xC0, 0x03, 0x00, 0x0F, 0xFC, 0x3F, 0xF0, 0x00, 0xC0, 0x06, 0x00,
    0x30, 0x00, 0x00, 0x00, 0x00, 0xFF, 0xC3, 0xFF, 0x0C, 0x00, 0x30, 0x00, 0xC0, 0x03, 0x00, 0x0C,
    0x00, 0x3F, 0xE0, 0xFF, 0x83, 0x00, 0x0C, 0x00, 0x30, 0x00, 0xC0, 0x03, 0x00, 0x0F, 0xFC, 0x3F,
    0xF0, 0x03, 0x80, 0x1B, 0x00, 0xC6, 0x00, 0x00, 0x00, 0x00, 0xFF, 0xC3, 0xFF, 0x0C, 0x00, 0x30,
    0x00, 0xC0, 0x03, 0x00, 0x0C, 0x00, 0x3F, 0xE0, 0xFF, 0x83, 0x00, 0x0C, 0x00, 0x30, 0x00, 0xC0,
    0x03, 0x00, 0x0F, 0xFC, 0x3F, 0xF0, 0x0C, 0xC0, 0x33, 0x00, 0x00, 0x00, 0x00, 0x3F, 0xF0, 0xFF,
    0xC3, 0x00, 0x0C, 0x00, 0x30, 0x00, 0xC0, 0x03, 0x00, 0x0F, 0xF8, 0x3F, 0xE0, 0xC0, 0x03, 0x00,
    0x0C, 0x00, 0x30, 0x00, 0xC0, 0x03, 0xFF, 0x0F, 0xFC, 0x60, 0xC1, 0x80, 0x00, 0xC3, 0x0C, 0x30,
    0xC3, 0x0C, 0x30, 0xC3, 0x0C, 0x30, 0xC3, 0x0C, 0x30, 0x0C, 0x63, 0x00, 0x00, 0xC3, 0x0C, 0x30,
    0xC3, 0x0C, 0x30, 0xC3, 0x0C, 0x30, 0xC3, 0x0C, 0x30, 0x3C, 0x66, 0x43, 0x00, 0x00, 0x18, 0x18,
    0x18, 0x18, 0x18, 0x18, 0x18, 0x18, 0x18, 0x18, 0x18, 0x18, 0x18, 0x18, 0x18, 0x18, 0xCD, 0x98,
    0x00, 0x03, 0x06, 0x0C, 0x18, 0x30, 0x60, 0xC1, 0x83, 0x06, 0x0C, 0x18, 0x30, 0x60, 0xC1, 0x80,
    0x3F, 0xC0, 0x1F, 0xF8, 0x0C, 0x0E, 0x06, 0x01, 0x83, 0x00, 0xE1, 0x80, 0x30, 0xC0, 0x19, 0xFE,
    0x0C, 0xFF, 0x06, 0x18, 0x03, 0x0C, 0x01, 0x86, 0x01, 0xC3, 0x00, 0xC1, 0x81, 0xC0, 0xFF, 0xC0,
    0x7F, 0x80, 0x03, 0x20, 0x04, 0xC0, 0x00, 0x00, 0x00, 0x00, 0x38, 0x0C, 0x3C, 0x0C, 0x3C, 0x0C,
    0x3E, 0x0C, 0x36, 0x0C, 0x33, 0x0C, 0x33, 0x0C, 0x31, 0x8C, 0x31, 0x8C, 0x30, 0xCC, 0x30, 0xCC,
    0x30, 0x6C, 0x30, 0x7C, 0x30, 0x3C, 0x30, 0x3C, 0x30, 0x1C, 0x03, 0x00, 0x00, 0xC0, 0x00, 0x30,
    0x00, 0x00, 0x00, 0x00, 0x00, 0x1F, 0x00, 0x3F, 0xE0, 0x38, 0x38, 0x38, 0x0E, 0x18, 0x03, 0x18,
    0x00, 0xCC, 0x00, 0x66, 0x00, 0x33, 0x00, 0x19, 0x80, 0x0C, 0xC0, 0x06, 0x30, 0x06, 0x1C, 0x07,
    0x07, 0x07, 0x01, 0xFF, 0x00, 0x3E, 0x00, 0x00, 0x60, 0x00, 0x60, 0x00, 0x60, 0x00, 0x00, 0x00,
    0x00, 0x00, 0x1F, 0x00, 0x3F, 0xE0, 0x38, 0x38, 0x38, 0x0E, 0x18, 0x03, 0x18, 0x00, 0xCC, 0x00,
    0x66, 0x00, 0x33, 0x00, 0x19, 0x80, 0x0C, 0xC0, 0x06, 0x30, 0x06, 0x1C, 0x07, 0x07, 0x07, 0x01,
    0xFF, 0x00, 0x3E, 0x00, 0x01, 0xC0, 0x01, 0xB0, 0x01, 0x8C, 0x00, 0x00, 0x00, 0x00, 0x00, 0x1F,
    0x00, 0x3F, 0xE0, 0x38, 0x38, 0x38, 0x0E, 0x18, 0x03, 0x18, 0x00, 0xCC, 0x00, 0x66, 0x00, 0x33,
    0x00, 0x19, 0x80, 0x0C, 0xC0, 0x06, 0x30, 0x06, 0x1C, 0x07, 0x07, 0x07, 0x01, 0xFF, 0x00, 0x3E,
    0x00, 0x03, 0x90, 0x02, 0x70, 0x00, 0x00, 0x00, 0x00, 0x00, 0x3E, 0x00, 0x7F, 0xC0, 0x70, 0x70,
    0x70, 0x1C, 0x30, 0x06, 0x30, 0x01, 0x98, 0x00, 0xCC, 0x00, 0x66, 0x00, 0x33, 0x00, 0x19, 0x80,
    0x0C, 0x60, 0x0C, 0x38, 0x0E, 0x0E, 0x0E, 0x03, 0xFE, 0x00, 0x7C, 0x00, 0x03, 0x60, 0x01, 0xB0,
    0x00, 0x00, 0x00, 0x00, 0x00, 0x3E, 0x00, 0x7F, 0xC0, 0x70, 0x70, 0x70, 0x1C, 0x30, 0x06, 0x30,
    0x01, 0x98, 0x00, 0xCC, 0x00, 0x66, 0x00, 0x33, 0x00, 0x19, 0x80, 0x0C, 0x60, 0x0C, 0x38, 0x0E,
    0x0E, 0x0E, 0x03, 0xFE, 0x00, 0x7C, 0x00, 0x08, 0x04, 0x07, 0x03, 0x80, 0xE1, 0xC0, 0x1C, 0xE0,
    0x03, 0xF0, 0x00, 0x78, 0x00, 0x1E, 0x00, 0x0F, 0xC0, 0x07, 0x38, 0x03, 0x87, 0x01, 0xC0, 0xE0,
    0x20, 0x10, 0x00, 0x00, 0x00, 0x03, 0xE1, 0x07, 0xFD, 0x07, 0x07, 0x87, 0x01, 0xC3, 0x01, 0xE3,
    0x01, 0x99, 0x81, 0x8C, 0xC1, 0x86, 0x61, 0x83, 0x31, 0x81, 0x99, 0x80, 0xC7, 0x80, 0xC3, 0x80,
    0xE1, 0xE0, 0xE0, 0xBF, 0xE0, 0xC7, 0xC0, 0x00, 0x00, 0x00, 0x00, 0x00, 0x03, 0x00, 0x01, 0x80,
    0x00, 0xC0, 0x00, 0x00, 0x00, 0x00, 0x30, 0x0C, 0x30, 0x0C, 0x30, 0x0C, 0x30, 0x0C, 0x30, 0x0C,
    0x30, 0x0C, 0x30, 0x0C, 0x30, 0x0C, 0x30, 0x0C, 0x30, 0x0C, 0x30, 0x0C, 0x30, 0x0C, 0x38, 0x1C,
    0x1C, 0x38, 0x0F, 0xF0, 0x07, 0xE0, 0x00, 0x60, 0x00, 0xC0, 0x01, 0x80, 0x00, 0x00, 0x00, 0x00,
    0x30, 0x0C, 0x30, 0x0C, 0x30, 0x0C, 0x30, 0x0C, 0x30, 0x0C, 0x30, 0x0C, 0x30, 0x0C, 0x30, 0x0C,
    0x30, 0x0C, 0x30, 0x0C, 0x30, 0x0C, 0x30, 0x0C, 0x38, 0x1C, 0x1C, 0x38, 0x0F, 0xF0, 0x07, 0xE0,
    0x01, 0x80, 0x03, 0xC0, 0x06, 0x60, 0x00, 0x00, 0x00, 0x00, 0x30, 0x0C, 0x30, 0x0C, 0x30, 0x0C,
    0x30, 0x0C, 0x30, 0x0C, 0x30, 0x0C, 0x30, 0x0C, 0x30, 0x0C, 0x30, 0x0C, 0x30, 0x0C, 0x30, 0x0C,
    0x30, 0x0C, 0x38, 0x1C, 0x1C, 0x38, 0x0F, 0xF0, 0x07, 0xE0, 0x06, 0x60, 0x06, 0x60, 0x00, 0x00,
    0x00, 0x00, 0x30, 0x0C, 0x30, 0x0C, 0x30, 0x0C, 0x30, 0x0C, 0x30, 0x0C, 0x30, 0x0C, 0x30, 0x0C,
    0x30, 0x0C, 0x30, 0x0C, 0x30, 0x0C, 0x30, 0x0C, 0x30, 0x0C, 0x38, 0x1C, 0x1C, 0x38, 0x0F, 0xF0,
    0x07, 0xE0, 0x00, 0xC0, 0x03, 0x00, 0x0C, 0x00, 0x00, 0x00, 0x00, 0x0E, 0x01, 0xCE, 0x07, 0x0C,
    0x0C, 0x0C, 0x30, 0x1C, 0xE0, 0x19, 0x80, 0x1E, 0x00, 0x3C, 0x00, 0x30, 0x00, 0x60, 0x00, 0xC0,
    0x01, 0x80, 0x03, 0x00, 0x06, 0x00, 0x0C, 0x00, 0x18, 0x00, 0x30, 0x01, 0x80, 0x0C, 0x00, 0x7F,
    0x83, 0xFE, 0x18, 0x38, 0xC0, 0xC6, 0x06, 0x30, 0x31, 0x81, 0x8C, 0x1C, 0x7F, 0xC3, 0xFC, 0x18,
    0x00, 0xC0, 0x06, 0x00, 0x0F, 0xC0, 0x7F, 0x83, 0x87, 0x0C, 0x0C, 0x30, 0xF0, 0xC6, 0x03, 0x30,
    0x0C, 0xC0, 0x33, 0x80, 0xC7, 0x83, 0x07, 0x0C, 0x0E, 0x30, 0x18, 0xC0, 0x63, 0x43, 0x8D, 0xFC,
    0x33, 0xE0, 0x18, 0x00, 0x60, 0x01, 0x80, 0x06, 0x00, 0x00, 0x00, 0x00, 0x7E, 0x07, 0xF8, 0x20,
    0xE0, 0x03, 0x07, 0xF8, 0x7F, 0xC7, 0x06, 0x30, 0x31, 0x83, 0x8E, 0x3C, 0x3F, 0xE0, 0xF3, 0x00,
    0x00, 0xC0, 0x0C, 0x00, 0xC0, 0x0C, 0x00, 0x00, 0x00, 0x00, 0x7E, 0x07, 0xF8, 0x20, 0xE0, 0x03,
    0x07, 0xF8, 0x7F, 0xC7, 0x06, 0x30, 0x31, 0x83, 0x8E, 0x3C, 0x3F, 0xE0, 0xF3, 0x00, 0x06, 0x00,
    0x78, 0x02, 0x40, 0x33, 0x00, 0x00, 0x00, 0x00, 0x7E, 0x07, 0xF8, 0x20, 0xE0, 0x03, 0x07, 0xF8,
    0x7F, 0xC7, 0x06, 0x30, 0x31, 0x83, 0x8E, 0x3C, 0x3F, 0xE0, 0xF3, 0x00, 0x0C, 0x80, 0xB4, 0x04,
    0xC0, 0x00, 0x00, 0x00, 0x0F, 0xC0, 0xFF, 0x04, 0x1C, 0x00, 0x60, 0xFF, 0x0F, 0xF8, 0xE0, 0xC6,
    0x06, 0x30, 0x71, 0xC7, 0x87, 0xFC, 0x1E, 0x60, 0x19, 0x80, 0xCC, 0x00, 0x00, 0x00, 0x00, 0x00,
    0x0F, 0xC0, 0xFF, 0x04, 0x1C, 0x00, 0x60, 0xFF, 0x0F, 0xF8, 0xE0, 0xC6, 0x06, 0x30, 0x71, 0xC7,
    0x87, 0xFC, 0x1E, 0x60, 0x0F, 0x00, 0xCC, 0x04, 0x20, 0x21, 0x01, 0x98, 0x07, 0x80, 0x00, 0x03,
    0xF0, 0x3F, 0xC1, 0x07, 0x00, 0x18, 0x3F, 0xC3, 0xFE, 0x38, 0x31, 0x81, 0x8C, 0x1C, 0x71, 0xE1,
    0xFF, 0x07, 0x98, 0x1F, 0x8F, 0x80, 0xFF, 0x7F, 0x82, 0x0F, 0x86, 0x00, 0x1C, 0x0C, 0x1F, 0xE0,
    0x30, 0xFF, 0xFF, 0xC7, 0x07, 0xFF, 0x18, 0x18, 0x00, 0x60, 0x70, 0x01, 0xC3, 0xE0, 0x43, 0xF9,
    0xFF, 0x07, 0x81, 0xF8, 0x0F, 0xC1, 0xFE, 0x38, 0x27, 0x00, 0x60, 0x06, 0x00, 0x60, 0x06, 0x00,
    0x70, 0x03, 0x82, 0x1F, 0xE0, 0xFC, 0x01, 0x00, 0x18, 0x07, 0x80, 0x70, 0x0C, 0x00, 0x18, 0x00,
    0x30, 0x00, 0x60, 0x00, 0x00, 0x00, 0x00, 0xF8, 0x07, 0xF8, 0x38, 0x61, 0xC0, 0xC6, 0x03, 0x1F,
    0xFC, 0x7F, 0xF1, 0x80, 0x07, 0x00, 0x0E, 0x04, 0x1F, 0xF0, 0x3F, 0x80, 0x00, 0x60, 0x03, 0x00,
    0x18, 0x00, 0xC0, 0x00, 0x00, 0x00, 0x00, 0xF8, 0x07, 0xF8, 0x38, 0x61, 0xC0, 0xC6, 0x03, 0x1F,
    0xFC, 0x7F, 0xF1, 0x80, 0x07, 0x00, 0x0E, 0x04, 0x1F, 0xF0, 0x3F, 0x80, 0x07, 0x00, 0x14, 0x00,
    0xD8, 0x06, 0x30, 0x00, 0x00, 0x00, 0x00, 0xF8, 0x07, 0xF8, 0x38, 0x61, 0xC0, 0xC6, 0x03, 0x1F,
    0xFC, 0x7F, 0xF1, 0x80, 0x07, 0x00, 0x0E, 0x04, 0x1F, 0xF0, 0x3F, 0x80, 0x0C, 0xC0, 0x33, 0x00,
    0x00, 0x00, 0x00, 0x00, 0x00, 0x3E, 0x01, 0xFE, 0x0E, 0x18, 0x70, 0x31, 0x80, 0xC7, 0xFF, 0x1F,
    0xFC, 0x60, 0x01, 0xC0, 0x03, 0x81, 0x07, 0xFC, 0x0F, 0xE0, 0x60, 0x60, 0x60, 0x60, 0x00, 0x06,
    0x0C, 0x18, 0x30, 0x60, 0xC1, 0x83, 0x06, 0x0C, 0x18, 0x30, 0x06, 0x18, 0x61, 0x80, 0x00, 0x0C,
    0x18, 0x30, 0x60, 0xC1, 0x83, 0x06, 0x0C, 0x18, 0x30, 0x60, 0x18, 0x3C, 0x66, 0x43, 0x00, 0x00,
    0x18, 0x18, 0x18, 0x18, 0x18, 0x18, 0x18, 0x18, 0x18, 0x18, 0x18, 0x18, 0x66, 0x66, 0x00, 0x00,
    0x00, 0x18, 0x18, 0x18, 0x18, 0x18, 0x18, 0x18, 0x18, 0x18, 0x18, 0x18, 0x18, 0x1C, 0x20, 0x7F,
    0x03, 0xC0, 0x77, 0x00, 0x1C, 0x07, 0xE0, 0x7F, 0x87, 0x0C, 0x70, 0x33, 0x01, 0x98, 0x0C, 0xC0,
    0x66, 0x03, 0x38, 0x38, 0xE3, 0x83, 0xF8, 0x0F, 0x80, 0x07, 0x20, 0x2E, 0x80, 0x9C, 0x00, 0x00,
    0x00, 0x00, 0xCF, 0x03, 0xFE, 0x0E, 0x1C, 0x30, 0x30, 0xC0, 0xC3, 0x03, 0x0C, 0x0C, 0x30, 0x30,
    0xC0, 0xC3, 0x03, 0x0C, 0x0C, 0x30, 0x30, 0x18, 0x00, 0x60, 0x01, 0x80, 0x06, 0x00, 0x00, 0x00,
    0x00, 0x3E, 0x03, 0xF8, 0x38, 0xE3, 0x83, 0x98, 0x0C, 0xC0, 0x66, 0x03, 0x30, 0x19, 0xC1, 0xC7,
    0x1C, 0x1F, 0xC0, 0x7C, 0x00, 0x00, 0xC0, 0x0C, 0x00, 0xC0, 0x0C, 0x00, 0x00, 0x00, 0x00, 0x3E,
    0x03, 0xF8, 0x38, 0xE3, 0x83, 0x98, 0x0C, 0xC0, 0x66, 0x03, 0x30, 0x19, 0xC1, 0xC7, 0x1C, 0x1F,
    0xC0, 0x7C, 0x00, 0x07, 0x00, 0x28, 0x03, 0x60, 0x31, 0x80, 0x00, 0x00, 0x00, 0x3E, 0x03, 0xF8,
    0x38, 0xE3, 0x83, 0x98, 0x0C, 0xC0, 0x66, 0x03, 0x30, 0x19, 0xC1, 0xC7, 0x1C, 0x1F, 0xC0, 0x7C,
    0x00, 0x0E, 0x40, 0xBA, 0x04, 0xE0, 0x00, 0x00, 0x00, 0x07, 0xC0, 0x7F, 0x07, 0x1C, 0x70, 0x73,
    0x01, 0x98, 0x0C, 0xC0, 0x66, 0x03, 0x38, 0x38, 0xE3, 0x83, 0xF8, 0x0F, 0x80, 0x0D, 0x80, 0x6C,
    0x00, 0x00, 0x00, 0x00, 0x00, 0x07, 0xC0, 0x7F, 0x07, 0x1C, 0x70, 0x73, 0x01, 0x98, 0x0C, 0xC0,
    0x66, 0x03, 0x38, 0x38, 0xE3, 0x83, 0xF8, 0x0F, 0x80, 0x00, 0xE0, 0x00, 0x38, 0x00, 0x0E, 0x00,
    0x00, 0x00, 0x00, 0x00, 0x0F, 0xFF, 0xE3, 0xFF, 0xF8, 0x00, 0x00, 0x00, 0x00, 0x00, 0x38, 0x00,
    0x0E, 0x00, 0x03, 0x80, 0x00, 0x00, 0x00, 0x00, 0x10, 0x7C, 0x87, 0xF8, 0x71, 0xC7, 0x0F, 0x30,
    0xD9, 0x8C, 0xCC, 0xC6, 0x6C, 0x33, 0xC3, 0x8E, 0x38, 0x7F, 0x84, 0xF8, 0x20, 0x00, 0x18, 0x00,
    0x30, 0x00, 0x60, 0x00, 0xC0, 0x00, 0x00, 0x00, 0x03, 0x03, 0x0C, 0x0C, 0x30, 0x30, 0xC0, 0xC3,
    0x03, 0x0C, 0x0C, 0x30, 0x30, 0xC0, 0xC3, 0x03, 0x0E, 0x1C, 0x1F, 0xF0, 0x3C, 0xC0, 0x00, 0xC0,
    0x06, 0x00, 0x30, 0x01, 0x80, 0x00, 0x00, 0x00, 0x03, 0x03, 0x0C, 0x0C, 0x30, 0x30, 0xC0, 0xC3,
    0x03, 0x0C, 0x0C, 0x30, 0x30, 0xC0, 0xC3, 0x03, 0x0E, 0x1C, 0x1F, 0xF0, 0x3C, 0xC0, 0x03, 0x00,
    0x1E, 0x00, 0x48, 0x03, 0x30, 0x00, 0x00, 0x00, 0x03, 0x03, 0x0C, 0x0C, 0x30, 0x30, 0xC0, 0xC3,
    0x03, 0x0C, 0x0C, 0x30, 0x30, 0xC0, 0xC3, 0x03, 0x0E, 0x1C, 0x1F, 0xF0, 0x3C, 0xC0, 0x0C, 0xC0,
    0x33, 0x00, 0x00, 0x00, 0x00, 0x00, 0x00, 0xC0, 0xC3, 0x03, 0x0C, 0x0C, 0x30, 0x30, 0xC0, 0xC3,
    0x03, 0x0C, 0x0C, 0x30, 0x30, 0xC0, 0xC3, 0x87, 0x07, 0xFC, 0x0F, 0x30, 0x00, 0xC0, 0x0C, 0x00,
    0xC0, 0x0C, 0x00, 0x00, 0x00, 0x01, 0x80, 0x66, 0x06, 0x30, 0x31, 0xC3, 0x86, 0x18, 0x30, 0xC0,
    0xCC, 0x06, 0x60, 0x1E, 0x00, 0xF0, 0x07, 0x80, 0x18, 0x00, 0xC0, 0x0C, 0x00, 0x60, 0x1E, 0x00,
    0xF0, 0x00, 0x30, 0x00, 0xC0, 0x03, 0x00, 0x0C, 0x00, 0x30, 0x00, 0xCF, 0x03, 0xFE, 0x0F, 0x1C,
    0x38, 0x38, 0xC0, 0x63, 0x01, 0x8C, 0x06, 0x30, 0x18, 0xE0, 0xE3, 0xC7, 0x0F, 0xF8, 0x33, 0xC0,
    0xC0, 0x03, 0x00, 0x0C, 0x00, 0x30, 0x00, 0xC0, 0x00, 0x0C, 0xC0, 0x66, 0x00, 0x00, 0x00, 0x00,
    0x00, 0x30, 0x0C, 0xC0, 0xC6, 0x06, 0x38, 0x70, 0xC3, 0x06, 0x18, 0x19, 0x80, 0xCC, 0x03, 0xC0,
    0x1E, 0x00, 0xF0, 0x03, 0x00, 0x18, 0x01, 0x80, 0x0C, 0x03, 0xC0, 0x1E, 0x00, 0x07, 0xC0, 0x0F,
    0x80, 0x00, 0x00, 0x1C, 0x00, 0x38, 0x00, 0xD8, 0x01, 0xB0, 0x07, 0x70, 0x0C, 0x60, 0x18, 0xC0,
    0x60, 0xC0, 0xC1, 0x81, 0x83, 0x07, 0xFF, 0x0F, 0xFE, 0x38, 0x0E, 0x60, 0x0C, 0xC0, 0x1B, 0x00,
    0x18, 0x1F, 0x80, 0xFC, 0x00, 0x00, 0x00, 0x01, 0xF8, 0x1F, 0xE0, 0x83, 0x80, 0x0C, 0x1F, 0xE1,
    0xFF, 0x1C, 0x18, 0xC0, 0xC6, 0x0E, 0x38, 0xF0, 0xFF, 0x83, 0xCC, 0x00, 0x00, 0x18, 0xC0, 0x1F,
    0x00, 0x1C, 0x00, 0x00, 0x00, 0x00, 0x00, 0xE0, 0x01, 0xC0, 0x06, 0xC0, 0x0D, 0x80, 0x3B, 0x80,
    0x63, 0x00, 0xC6, 0x03, 0x06, 0x06, 0x0C, 0x0C, 0x18, 0x3F, 0xF8, 0x7F, 0xF1, 0xC0, 0x73, 0x00,
    0x66, 0x00, 0xD8, 0x00, 0xC0, 0x10, 0x80, 0xCC, 0x03, 0xC0, 0x1E, 0x00, 0x00, 0x00, 0x00, 0x7E,
    0x07, 0xF8, 0x20, 0xE0, 0x03, 0x07, 0xF8, 0x7F, 0xC7, 0x06, 0x30, 0x31, 0x83, 0x8E, 0x3C, 0x3F,
    0xE0, 0xF3, 0x00, 0x03, 0x80, 0x03, 0x80, 0x06, 0xC0, 0x06, 0xC0, 0x0E, 0xE0, 0x0C, 0x60, 0x0C,
    0x60, 0x18, 0x30, 0x18, 0x30, 0x18, 0x30, 0x3F, 0xF8, 0x3F, 0xF8, 0x70, 0x1C, 0x60, 0x0C, 0x60,
    0x0C, 0xC0, 0x06, 0x00, 0x04, 0x00, 0x0C, 0x00, 0x0F, 0x00, 0x07, 0x1F, 0x81, 0xFE, 0x08, 0x38,
    0x00, 0xC1, 0xFE, 0x1F, 0xF1, 0xC1, 0x8C, 0x0C, 0x60, 0xE3, 0x8F, 0x0F, 0xF8, 0x3C, 0xC0, 0x02,
    0x00, 0x30, 0x01, 0xE0, 0x07, 0x00, 0x60, 0x01, 0x80, 0x06, 0x00, 0x00, 0x00, 0x00, 0x00, 0x7E,
    0x03, 0xFE, 0x0E, 0x06, 0x38, 0x04, 0x60, 0x01, 0x80, 0x03, 0x00, 0x06, 0x00, 0x0C, 0x00, 0x18,
    0x00, 0x30, 0x00, 0x30, 0x00, 0x70, 0x08, 0x70, 0x30, 0x7F, 0xC0, 0x3F, 0x00, 0x00, 0xC0, 0x18,
    0x03, 0x00, 0x60, 0x00, 0x00, 0x00, 0x0F, 0xC1, 0xFE, 0x38, 0x27, 0x00, 0x60, 0x06, 0x00, 0x60,
    0x06, 0x00, 0x70, 0x03, 0x82, 0x1F, 0xE0, 0xFC, 0x00, 0xC0, 0x03, 0xC0, 0x0C, 0xC0, 0x00, 0x00,
    0x00, 0x00, 0x7E, 0x03, 0xFE, 0x0E, 0x06, 0x38, 0x04, 0x60, 0x01, 0x80, 0x03, 0x00, 0x06, 0x00,
    0x0C, 0x00, 0x18, 0x00, 0x30, 0x00, 0x30, 0x00, 0x70, 0x08, 0x70, 0x30, 0x7F, 0xC0, 0x3F, 0x00,
    0x03, 0x80, 0x28, 0x06, 0xC0, 0xC6, 0x00, 0x00, 0x00, 0x0F, 0xC1, 0xFE, 0x38, 0x27, 0x00, 0x60,
    0x06, 0x00, 0x60, 0x06, 0x00, 0x70, 0x03, 0x82, 0x1F, 0xE0, 0xFC, 0x00, 0xC0, 0x01, 0x80, 0x00,
    0x00, 0x00, 0x00, 0x3F, 0x01, 0xFF, 0x07, 0x03, 0x1C, 0x02, 0x30, 0x00, 0xC0, 0x01, 0x80, 0x03,
    0x00, 0x06, 0x00, 0x0C, 0x00, 0x18, 0x00, 0x18, 0x00, 0x38, 0x04, 0x38, 0x18, 0x3F, 0xE0, 0x1F,
    0x80, 0x03, 0x00, 0x30, 0x03, 0x00, 0x00, 0x00, 0x00, 0xFC, 0x1F, 0xE3, 0x82, 0x70, 0x06, 0x00,
    0x60, 0x06, 0x00, 0x60, 0x07, 0x00, 0x38, 0x21, 0xFE, 0x0F, 0xC0, 0x06, 0x30, 0x06, 0xC0, 0x07,
    0x00, 0x00, 0x00, 0x00, 0x00, 0x7E, 0x03, 0xFE, 0x0E, 0x06, 0x38, 0x04, 0x60, 0x01, 0x80, 0x03,
    0x00, 0x06, 0x00, 0x0C, 0x00, 0x18, 0x00, 0x30, 0x00, 0x30, 0x00, 0x70, 0x08, 0x70, 0x30, 0x7F,
    0xC0, 0x3F, 0x00, 0x18, 0xC0, 0xD8, 0x05, 0x00, 0x70, 0x00, 0x00, 0x00, 0x0F, 0xC1, 0xFE, 0x38,
    0x27, 0x00, 0x60, 0x06, 0x00, 0x60, 0x06, 0x00, 0x70, 0x03, 0x82, 0x1F, 0xE0, 0xFC, 0x06, 0x30,
    0x01, 0xB0, 0x00, 0x70, 0x00, 0x00, 0x00, 0x00, 0x01, 0xFE, 0x00, 0xFF, 0xC0, 0x60, 0x70, 0x30,
    0x0C, 0x18, 0x07, 0x0C, 0x01, 0x86, 0x00, 0xC3, 0x00, 0x61, 0x80, 0x30, 0xC0, 0x18, 0x60, 0x0C,
    0x30, 0x0C, 0x18, 0x06, 0x0C, 0x0E, 0x07, 0xFE, 0x03, 0xFC, 0x00, 0x00, 0x33, 0x00, 0x19, 0x80,
    0x0C, 0x80, 0x06, 0xC0, 0x03, 0x00, 0x79, 0x80, 0x7F, 0xC0, 0x71, 0xE0, 0x70, 0x70, 0x30, 0x18,
    0x18, 0x0C, 0x0C, 0x06, 0x06, 0x03, 0x03, 0x83, 0x80, 0xE3, 0xC0, 0x3F, 0xE0, 0x0F, 0x30, 0x00,
    0x3F, 0xC0, 0x1F, 0xF8, 0x0C, 0x0E, 0x06, 0x01, 0x83, 0x00, 0xE1, 0x80, 0x30, 0xC0, 0x19, 0xFE,
    0x0C, 0xFF, 0x06, 0x18, 0x03, 0x0C, 0x01, 0x86, 0x01, 0xC3, 0x00, 0xC1, 0x81, 0xC0, 0xFF, 0xC0,
    0x7F, 0x80, 0x00, 0x30, 0x00, 0xC0, 0x3F, 0xC0, 0xFF, 0x00, 0x30, 0x3C, 0xC1, 0xFF, 0x0E, 0x3C,
    0x70, 0x71, 0x80, 0xC6, 0x03, 0x18, 0x0C, 0x60, 0x31, 0xC1, 0xC3, 0x8F, 0x07, 0xFC, 0x0F, 0x30,
    0x0F, 0xC0, 0x3F, 0x00, 0x00, 0x0F, 0xFC, 0x3F, 0xF0, 0xC0, 0x03, 0x00, 0x0C, 0x00, 0x30, 0x00,
    0xC0, 0x03, 0xFE, 0x0F, 0xF8, 0x30, 0x00, 0xC0, 0x03, 0x00, 0x0C, 0x00, 0x30, 0x00, 0xFF, 0xC3,
    0xFF, 0x00, 0x0F, 0xC0, 0x3F, 0x00, 0x00, 0x00, 0x00, 0x0F, 0x80, 0x7F, 0x83, 0x86, 0x1C, 0x0C,
    0x60, 0x31, 0xFF, 0xC7, 0xFF, 0x18, 0x00, 0x70, 0x00, 0xE0, 0x41, 0xFF, 0x03, 0xF8, 0x08, 0x20,
    0x1F, 0x00, 0x00, 0x00, 0x00, 0x3F, 0xF0, 0xFF, 0xC3, 0x00, 0x0C, 0x00, 0x30, 0x00, 0xC0, 0x03,
    0x00, 0x0F, 0xF8, 0x3F, 0xE0, 0xC0, 0x03, 0x00, 0x0C, 0x00, 0x30, 0x00, 0xC0, 0x03, 0xFF, 0x0F,
    0xFC, 0x08, 0x20, 0x31, 0x80, 0x7C, 0x00, 0xE0, 0x00, 0x00, 0x00, 0x00, 0xF8, 0x07, 0xF8, 0x38,
    0x61, 0xC0, 0xC6, 0x03, 0x1F, 0xFC, 0x7F, 0xF1, 0x80, 0x07, 0x00, 0x0E, 0x04, 0x1F, 0xF0, 0x3F,
    0x80, 0x03, 0x00, 0x0C, 0x00, 0x00, 0x00, 0x00, 0x3F, 0xF0, 0xFF, 0xC3, 0x00, 0x0C, 0x00, 0x30,
    0x00, 0xC0, 0x03, 0x00, 0x0F, 0xF8, 0x3F, 0xE0, 0xC0, 0x03, 0x00, 0x0C, 0x00, 0x30, 0x00, 0xC0,
    0x03, 0xFF, 0x0F, 0xFC, 0x03, 0x00, 0x0C, 0x00, 0x30, 0x00, 0x00, 0x00, 0x00, 0x3E, 0x01, 0xFE,
    0x0E, 0x18, 0x70, 0x31, 0x80, 0xC7, 0xFF, 0x1F, 0xFC, 0x60, 0x01, 0xC0, 0x03, 0x81, 0x07, 0xFC,
    0x0F, 0xE0, 0x3F, 0xF0, 0xFF, 0xC3, 0x00, 0x0C, 0x00, 0x30, 0x00, 0xC0, 0x03, 0x00, 0x0F, 0xF8,
    0x3F, 0xE0, 0xC0, 0x03, 0x00, 0x0C, 0x00, 0x30, 0x00, 0xC0, 0x03, 0xFF, 0x0F, 0xFC, 0x00, 0x20,
    0x01, 0x80, 0x07, 0x80, 0x0E, 0x0F, 0x80, 0x7F, 0x83, 0x86, 0x1C, 0x0C, 0x60, 0x31, 0xFF, 0xC7,
    0xFF, 0x18, 0x00, 0x70, 0x00, 0xE0, 0x41, 0xFF, 0x03, 0xF8, 0x00, 0x40, 0x03, 0x00, 0x0F, 0x00,
    0x1C, 0x0C, 0x60, 0x1B, 0x00, 0x38, 0x00, 0x00, 0x00, 0x00, 0xFF, 0xC3, 0xFF, 0x0C, 0x00, 0x30,
    0x00, 0xC0, 0x03, 0x00, 0x0C, 0x00, 0x3F, 0xE0, 0xFF, 0x83, 0x00, 0x0C, 0x00, 0x30, 0x00, 0xC0,
    0x03, 0x00, 0x0F, 0xFC, 0x3F, 0xF0, 0x18, 0xC0, 0x36, 0x00, 0x50, 0x01, 0xC0, 0x00, 0x00, 0x00,
    0x00, 0xF8, 0x07, 0xF8, 0x38, 0x61, 0xC0, 0xC6, 0x03, 0x1F, 0xFC, 0x7F, 0xF1, 0x80, 0x07, 0x00,
    0x0E, 0x04, 0x1F, 0xF0, 0x3F, 0x80, 0x01, 0xC0, 0x01, 0xB0, 0x01, 0x8C, 0x00, 0x00, 0x00, 0x00,
    0x00, 0x1F, 0x00, 0x3F, 0xE0, 0x38, 0x18, 0x30, 0x04, 0x18, 0x00, 0x18, 0x00, 0x0C, 0x00, 0x06,
    0x07, 0xE3, 0x03, 0xF1, 0x80, 0x18, 0xC0, 0x0C, 0x30, 0x06, 0x1C, 0x03, 0x07, 0x03, 0x81, 0xFF,
    0x80, 0x3F, 0x00, 0x07, 0x00, 0x14, 0x00, 0xD8, 0x06, 0x30, 0x00, 0x00, 0x00, 0x00, 0xF3, 0x07,
    0xFC, 0x38, 0xF1, 0xC1, 0xC6, 0x03, 0x18, 0x0C, 0x60, 0x31, 0x80, 0xC7, 0x07, 0x0E, 0x3C, 0x1F,
    0xF0, 0x3C, 0xC0, 0x03, 0x00, 0x1C, 0x20, 0xE0, 0xFF, 0x01, 0xF8, 0x00, 0x04, 0x10, 0x01, 0xF0,
    0x00, 0x00, 0x00, 0x00, 0x00, 0x3E, 0x00, 0x7F, 0xC0, 0x70, 0x30, 0x60, 0x08, 0x30, 0x00, 0x30,
    0x00, 0x18, 0x00, 0x0C, 0x0F, 0xC6, 0x07, 0xE3, 0x00, 0x31, 0x80, 0x18, 0x60, 0x0C, 0x38, 0x06,
    0x0E, 0x07, 0x03, 0xFF, 0x00, 0x7E, 0x00, 0x08, 0x20, 0x31, 0x80, 0x7C, 0x00, 0xE0, 0x00, 0x00,
    0x00, 0x00, 0xF3, 0x07, 0xFC, 0x38, 0xF1, 0xC1, 0xC6, 0x03, 0x18, 0x0C, 0x60, 0x31, 0x80, 0xC7,
    0x07, 0x0E, 0x3C, 0x1F, 0xF0, 0x3C, 0xC0, 0x03, 0x00, 0x1C, 0x20, 0xE0, 0xFF, 0x01, 0xF8, 0x00,
    0x00, 0xC0, 0x00, 0x60, 0x00, 0x00, 0x00, 0x00, 0x00, 0x3E, 0x00, 0x7F, 0xC0, 0x70, 0x30, 0x60,
    0x08, 0x30, 0x00, 0x30, 0x00, 0x18, 0x00, 0x0C, 0x0F, 0xC6, 0x07, 0xE3, 0x00, 0x31, 0x80, 0x18,
    0x60, 0x0C, 0x38, 0x06, 0x0E, 0x07, 0x03, 0xFF, 0x00, 0x7E, 0x00, 0x06, 0x00, 0x18, 0x00, 0x60,
    0x00, 0x00, 0x00, 0x00, 0x3C, 0xC1, 0xFF, 0x0E, 0x3C, 0x70, 0x71, 0x80, 0xC6, 0x03, 0x18, 0x0C,
    0x60, 0x31, 0xC1, 0xC3, 0x8F, 0x07, 0xFC, 0x0F, 0x30, 0x00, 0xC0, 0x07, 0x08, 0x38, 0x3F, 0xC0,
    0x7E, 0x00, 0x03, 0xE0, 0x07, 0xFC, 0x07, 0x03, 0x06, 0x00, 0x83, 0x00, 0x03, 0x00, 0x01, 0x80,
    0x00, 0xC0, 0xFC, 0x60, 0x7E, 0x30, 0x03, 0x18, 0x01, 0x86, 0x00, 0xC3, 0x80, 0x60, 0xE0, 0x70,
    0x3F, 0xF0, 0x07, 0xE0, 0x00, 0x00, 0x00, 0x00, 0x00, 0x18, 0x00, 0x18, 0x00, 0x0C, 0x00, 0x01,
    0x80, 0x06, 0x00, 0x30, 0x00, 0x00, 0x00, 0x00, 0x3C, 0xC1, 0xFF, 0x0E, 0x3C, 0x70, 0x71, 0x80,
    0xC6, 0x03, 0x18, 0x0C, 0x60, 0x31, 0xC1, 0xC3, 0x8F, 0x07, 0xFC, 0x0F, 0x30, 0x00, 0xC0, 0x07,
    0x08, 0x38, 0x3F, 0xC0, 0x7E, 0x00, 0x01, 0x80, 0x01, 0xE0, 0x01, 0x98, 0x00, 0x00, 0x00, 0x00,
    0x01, 0x80, 0x60, 0xC0, 0x30, 0x60, 0x18, 0x30, 0x0C, 0x18, 0x06, 0x0C, 0x03, 0x06, 0x01, 0x83,
    0xFF, 0xC1, 0xFF, 0xE0, 0xC0, 0x30, 0x60, 0x18, 0x30, 0x0C, 0x18, 0x06, 0x0C, 0x03, 0x06, 0x01,
    0x83, 0x00, 0xC0, 0x3C, 0x00, 0xCC, 0x01, 0x0C, 0x00, 0x00, 0x01, 0x80, 0x03, 0x00, 0x06, 0x00,
    0x0C, 0x00, 0x18, 0x00, 0x33, 0xC0, 0x7F, 0xC0, 0xE1, 0xC1, 0x81, 0x83, 0x03, 0x06, 0x06, 0x0C,
    0x0C, 0x18, 0x18, 0x30, 0x30, 0x60, 0x60, 0xC0, 0xC1, 0x81, 0x80, 0x0C, 0x03, 0x00, 0xC0, 0x30,
    0x0C, 0x03, 0x03, 0xFF, 0xFC, 0x3F, 0xFF, 0xC0, 0xC0, 0x30, 0x0C, 0x03, 0x00, 0xFF, 0xF0, 0x0F,
    0xFF, 0x00, 0xC0, 0x30, 0x0C, 0x03, 0x00, 0xC0, 0x30, 0x0C, 0x03, 0x00, 0xC0, 0x30, 0x0C, 0x03,
    0x00, 0xC0, 0x30, 0x18, 0x00, 0x30, 0x00, 0xFE, 0x01, 0xFC, 0x01, 0x80, 0x03, 0x3C, 0x07, 0xFC,
    0x0E, 0x1C, 0x18, 0x18, 0x30, 0x30, 0x60, 0x60, 0xC0, 0xC1, 0x81, 0x83, 0x03, 0x06, 0x06, 0x0C,
    0x0C, 0x18, 0x18, 0x71, 0x0E, 0x00, 0x00, 0x18, 0x18, 0x18, 0x18, 0x18, 0x18, 0x18, 0x18, 0x18,
    0x18, 0x18, 0x18, 0x18, 0x18, 0x18, 0x18, 0x71, 0x19, 0x0E, 0x00, 0x00, 0x18, 0x18, 0x18, 0x18,
    0x18, 0x18, 0x18, 0x18, 0x18, 0x18, 0x18, 0x18, 0xFD, 0xF8, 0x01, 0x83, 0x06, 0x0C, 0x18, 0x30,
    0x60, 0xC1, 0x83, 0x06, 0x0C, 0x18, 0x30, 0x60, 0xC0, 0x7E, 0x7E, 0x00, 0x00, 0x18, 0x18, 0x18,
    0x18, 0x18, 0x18, 0x18, 0x18, 0x18, 0x18, 0x18, 0x18, 0x43, 0x7E, 0x00, 0x00, 0x18, 0x18, 0x18,
    0x18, 0x18, 0x18, 0x18, 0x18, 0x18, 0x18, 0x18, 0x18, 0x18, 0x18, 0x18, 0x18, 0x01, 0x43, 0x7E,
    0x3C, 0x00, 0x00, 0x18, 0x18, 0x18, 0x18, 0x18, 0x18, 0x18, 0x18, 0x18, 0x18, 0x18, 0x18, 0x30,
    0xC3, 0x0C, 0x30, 0xC3, 0x0C, 0x30, 0xC3, 0x0C, 0x30, 0xC3, 0x0C, 0x10, 0xC3, 0xC7, 0x30, 0xC3,
    0x00, 0x00, 0xC3, 0x0C, 0x30, 0xC3, 0x0C, 0x30, 0xC3, 0x0C, 0x30, 0x43, 0x0F, 0x1C, 0x30, 0xC0,
    0x00, 0x30, 0xC3, 0x0C, 0x30, 0xC3, 0x0C, 0x30, 0xC3, 0x0C, 0x30, 0xC3, 0x0C, 0x30, 0xC3, 0x0C,
    0x30, 0xC3, 0x0C, 0x30, 0xC3, 0x0C, 0x30, 0xC1, 0x86, 0x0C, 0x30, 0x61, 0x83, 0x0C, 0x18, 0x60,
    0xC3, 0x06, 0x18, 0x30, 0xC1, 0x86, 0x0C, 0x30, 0x61, 0x83, 0x0C, 0x18, 0x60, 0xC3, 0x06, 0x18,
    0x00, 0xC0, 0x0E, 0x01, 0xE0, 0x0E, 0x00, 0x30, 0xC3, 0x0C, 0x30, 0xC0, 0x00, 0x00, 0x03, 0x0C,
    0x30, 0xC3, 0x0C, 0x30, 0xC3, 0x0C, 0x30, 0xC3, 0x0C, 0x30, 0xC3, 0x0C, 0x30, 0xC3, 0x0C, 0x30,
    0xC0, 0x0C, 0x00, 0xC0, 0x0C, 0x03, 0x80, 0x38, 0x1E, 0x19, 0x88, 0x60, 0x00, 0x00, 0x60, 0x30,
    0x18, 0x0C, 0x06, 0x03, 0x01, 0x80, 0xC0, 0x60, 0x30, 0x18, 0x0C, 0x06, 0x03, 0x01, 0x80, 0xC0,
    0x60, 0x70, 0x70, 0x30, 0x00, 0x18, 0x3C, 0x66, 0x43, 0x00, 0x00, 0x18, 0x18, 0x18, 0x18, 0x18,
    0x18, 0x18, 0x18, 0x18, 0x18, 0x18, 0x18, 0x18, 0x18, 0x18, 0x70, 0x70, 0x30, 0x38, 0x60, 0xE0,
    0xC3, 0x81, 0x8E, 0x03, 0x38, 0x06, 0xE0, 0x0F, 0x80, 0x1E, 0x00, 0x3E, 0x00, 0x6E, 0x00, 0xCE,
    0x01, 0x8E, 0x03, 0x0E, 0x06, 0x0E, 0x0C, 0x0E, 0x18, 0x0E, 0x00, 0x00, 0x00, 0x00, 0x03, 0x00,
    0x0C, 0x00, 0x18, 0x00, 0x30, 0x01, 0x80, 0x0C, 0x00, 0x60, 0x03, 0x00, 0x18, 0x38, 0xC3, 0x86,
    0x38, 0x33, 0x81, 0xF8, 0x0F, 0x00, 0x7C, 0x03, 0x70, 0x19, 0xC0, 0xC7, 0x06, 0x1C, 0x30, 0x70,
    0x00, 0x00, 0x00, 0x03, 0x00, 0x30, 0x01, 0x80, 0x30, 0x71, 0x87, 0x0C, 0x70, 0x67, 0x03, 0xF0,
    0x1E, 0x00, 0xF8, 0x06, 0xE0, 0x33, 0x81, 0x8E, 0x0C, 0x38, 0x60, 0xE0, 0x0C, 0x00, 0xC0, 0x0C,
    0x00, 0x00, 0x00, 0x00, 0x18, 0x00, 0xC0, 0x06, 0x00, 0x30, 0x01, 0x80, 0x0C, 0x00, 0x60, 0x03,
    0x00, 0x18, 0x00, 0xC0, 0x06, 0x00, 0x30, 0x01, 0x80, 0x0C, 0x00, 0x7F, 0xE3, 0xFF, 0x00, 0x0C,
    0x30, 0xC0, 0x03, 0x06, 0x0C, 0x18, 0x30, 0x60, 0xC1, 0x83, 0x06, 0x0C, 0x18, 0x30, 0x60, 0xC1,
    0x83, 0x00, 0x30, 0x01, 0x80, 0x0C, 0x00, 0x60, 0x03, 0x00, 0x18, 0x00, 0xC0, 0x06, 0x00, 0x30,
    0x01, 0x80, 0x0C, 0x00, 0x60, 0x03, 0x00, 0x18, 0x00, 0xFF, 0xC7, 0xFE, 0x00, 0x00, 0x00, 0x00,
    0x60, 0x06, 0x00, 0x30, 0x00, 0x30, 0xC3, 0x0C, 0x30, 0xC3, 0x0C, 0x30, 0xC3, 0x0C, 0x30, 0xC3,
    0x0C, 0x30, 0x00, 0x06, 0x30, 0xC0, 0x31, 0x81, 0x8C, 0x0C, 0x40, 0x66, 0x03, 0x00, 0x18, 0x00,
    0xC0, 0x06, 0x00, 0x30, 0x01, 0x80, 0x0C, 0x00, 0x60, 0x03, 0x00, 0x18, 0x00, 0xFF, 0xC7, 0xFE,
    0x33, 0x19, 0x8C, 0x86, 0xC3, 0x01, 0x80, 0xC0, 0x60, 0x30, 0x18, 0x0C, 0x06, 0x03, 0x01, 0x80,
    0xC0, 0x60, 0x30, 0x00, 0x30, 0x01, 0x80, 0x0C, 0x00, 0x60, 0x03, 0x00, 0x18, 0x00, 0xC3, 0x06,
    0x18, 0x30, 0xC1, 0x80, 0x0C, 0x00, 0x60, 0x03, 0x00, 0x18, 0x00, 0xFF, 0xC7, 0xFE, 0x30, 0x30,
    0x30, 0x30, 0x30, 0x30, 0x30, 0x36, 0x36, 0x36, 0x30, 0x30, 0x30, 0x30, 0x30, 0x30, 0x30, 0x18,
    0x00, 0x60, 0x01, 0x80, 0x06, 0x00, 0x18, 0x00, 0x6E, 0x01, 0xE0, 0x07, 0x00, 0x38, 0x01, 0xE0,
    0x05, 0x80, 0x06, 0x00, 0x18, 0x00, 0x60, 0x01, 0xFF, 0x87, 0xFE, 0x30, 0x60, 0xC1, 0x83, 0x06,
    0x0F, 0x1C, 0x71, 0xE0, 0xC1, 0x83, 0x06, 0x0C, 0x18, 0x30, 0x00, 0xC0, 0x01, 0x80, 0x03, 0x00,
    0x00, 0x00, 0x00, 0x00, 0x38, 0x0C, 0x3C, 0x0C, 0x3C, 0x0C, 0x3E, 0x0C, 0x36, 0x0C, 0x33, 0x0C,
    0x33, 0x0C, 0x31, 0x8C, 0x31, 0x8C, 0x30, 0xCC, 0x30, 0xCC, 0x30, 0x6C, 0x30, 0x7C, 0x30, 0x3C,
    0x30, 0x3C, 0x30, 0x1C, 0x00, 0xC0, 0x06, 0x00, 0x30, 0x01, 0x80, 0x00, 0x00, 0x00, 0x03, 0x3C,
    0x0F, 0xF8, 0x38, 0x70, 0xC0, 0xC3, 0x03, 0x0C, 0x0C, 0x30, 0x30, 0xC0, 0xC3, 0x03, 0x0C, 0x0C,
    0x30, 0x30, 0xC0, 0xC0, 0x38, 0x0C, 0x3C, 0x0C, 0x3C, 0x0C, 0x3E, 0x0C, 0x36, 0x0C, 0x33, 0x0C,
    0x33, 0x0C, 0x31, 0x8C, 0x31, 0x8C, 0x30, 0xCC, 0x30, 0xCC, 0x30, 0x6C, 0x30, 0x7C, 0x30, 0x3C,
    0x30, 0x3C, 0x30, 0x1C, 0x00, 0x00, 0x00, 0x00, 0x00, 0xC0, 0x01, 0x80, 0x01, 0x80, 0x33, 0xC0,
    0xFF, 0x83, 0x87, 0x0C, 0x0C, 0x30, 0x30, 0xC0, 0xC3, 0x03, 0x0C, 0x0C, 0x30, 0x30, 0xC0, 0xC3,
    0x03, 0x0C, 0x0C, 0x00, 0x00, 0x00, 0x00, 0x18, 0x00, 0xC0, 0x03, 0x00, 0x06, 0x60, 0x03, 0xC0,
    0x01, 0x80, 0x00, 0x00, 0x00, 0x00, 0x38, 0x0C, 0x3C, 0x0C, 0x3C, 0x0C, 0x3E, 0x0C, 0x36, 0x0C,
    0x33, 0x0C, 0x33, 0x0C, 0x31, 0x8C, 0x31, 0x8C, 0x30, 0xCC, 0x30, 0xCC, 0x30, 0x6C, 0x30, 0x7C,
    0x30, 0x3C, 0x30, 0x3C, 0x30, 0x1C, 0x0C, 0xC0, 0x12, 0x00, 0x78, 0x00, 0xC0, 0x00, 0x00, 0x00,
    0x03, 0x3C, 0x0F, 0xF8, 0x38, 0x70, 0xC0, 0xC3, 0x03, 0x0C, 0x0C, 0x30, 0x30, 0xC0, 0xC3, 0x03,
    0x0C, 0x0C, 0x30, 0x30, 0xC0, 0xC0, 0x18, 0x00, 0x06, 0x00, 0x01, 0x00, 0x00, 0xC0, 0x00, 0x23,
    0x3C, 0x00, 0xFF, 0x80, 0x38, 0x70, 0x0C, 0x0C, 0x03, 0x03, 0x00, 0xC0, 0xC0, 0x30, 0x30, 0x0C,
    0x0C, 0x03, 0x03, 0x00, 0xC0, 0xC0, 0x30, 0x30, 0x0C, 0x0C, 0x33, 0xE0, 0x37, 0xF8, 0x3C, 0x38,
    0x38, 0x1C, 0x30, 0x0C, 0x30, 0x0C, 0x30, 0x0C, 0x30, 0x0C, 0x30, 0x0C, 0x30, 0x0C, 0x30, 0x0C,
    0x30, 0x0C, 0x30, 0x0C, 0x30, 0x0C, 0x30, 0x0C, 0x30, 0x0C, 0x00, 0x0C, 0x00, 0x0C, 0x00, 0x3C,
    0x00, 0x38, 0x33, 0xC0, 0xFF, 0x83, 0x87, 0x0C, 0x0C, 0x30, 0x30, 0xC0, 0xC3, 0x03, 0x0C, 0x0C,
    0x30, 0x30, 0xC0, 0xC3, 0x03, 0x0C, 0x0C, 0x00, 0x30, 0x00, 0xC0, 0x03, 0x00, 0xF8, 0x03, 0xE0,
    0x03, 0xE0, 0x01, 0xF0, 0x00, 0x00, 0x00, 0x7C, 0x00, 0xFF, 0x80, 0xE0, 0xE0, 0xE0, 0x38, 0x60,
    0x0C, 0x60, 0x03, 0x30, 0x01, 0x98, 0x00, 0xCC, 0x00, 0x66, 0x00, 0x33, 0x00, 0x18, 0xC0, 0x18,
    0x70, 0x1C, 0x1C, 0x1C, 0x07, 0xFC, 0x00, 0xF8, 0x00, 0x0F, 0x80, 0x7C, 0x00, 0x00, 0x00, 0x00,
    0xF8, 0x0F, 0xE0, 0xE3, 0x8E, 0x0E, 0x60, 0x33, 0x01, 0x98, 0x0C, 0xC0, 0x67, 0x07, 0x1C, 0x70,
    0x7F, 0x01, 0xF0, 0x04, 0x10, 0x01, 0xF0, 0x00, 0x00, 0x00, 0x00, 0x00, 0x3E, 0x00, 0x7F, 0xC0,
    0x70, 0x70, 0x70, 0x1C, 0x30, 0x06, 0x30, 0x01, 0x98, 0x00, 0xCC, 0x00, 0x66, 0x00, 0x33, 0x00,
    0x19, 0x80, 0x0C, 0x60, 0x0C, 0x38, 0x0E, 0x0E, 0x0E, 0x03, 0xFE, 0x00, 0x7C, 0x00, 0x10, 0x40,
    0xC6, 0x03, 0xE0, 0x0E, 0x00, 0x00, 0x00, 0x00, 0x3E, 0x03, 0xF8, 0x38, 0xE3, 0x83, 0x98, 0x0C,
    0xC0, 0x66, 0x03, 0x30, 0x19, 0xC1, 0xC7, 0x1C, 0x1F, 0xC0, 0x7C, 0x00, 0x01, 0x98, 0x00, 0x88,
    0x00, 0xCC, 0x00, 0x00, 0x00, 0x00, 0x00, 0x1F, 0x00, 0x3F, 0xE0, 0x38, 0x38, 0x38, 0x0E, 0x18,
    0x03, 0x18, 0x00, 0xCC, 0x00, 0x66, 0x00, 0x33, 0x00, 0x19, 0x80, 0x0C, 0xC0, 0x06, 0x30, 0x06,
    0x1C, 0x07, 0x07, 0x07, 0x01, 0xFF, 0x00, 0x3E, 0x00, 0x01, 0x98, 0x19, 0x80, 0x88, 0x0C, 0xC0,
    0x00, 0x00, 0x00, 0x3E, 0x03, 0xF8, 0x38, 0xE3, 0x83, 0x98, 0x0C, 0xC0, 0x66, 0x03, 0x30, 0x19,
    0xC1, 0xC7, 0x1C, 0x1F, 0xC0, 0x7C, 0x00, 0x01, 0xFF, 0xFC, 0x0F, 0xFF, 0xFC, 0x1E, 0x0C, 0x00,
    0x38, 0x0C, 0x00, 0x30, 0x0C, 0x00, 0x60, 0x0C, 0x00, 0x60, 0x0C, 0x00, 0x60, 0x0F, 0xF8, 0x60,
    0x0F, 0xF8, 0x60, 0x0C, 0x00, 0x60, 0x0C, 0x00, 0x30, 0x0C, 0x00, 0x38, 0x0C, 0x00, 0x1E, 0x0C,
    0x00, 0x0F, 0xFF, 0xFC, 0x01, 0xFF, 0xFC, 0x0F, 0x87, 0xC0, 0x3F, 0xFF, 0xE0, 0xE3, 0xF0, 0xC3,
    0x83, 0xC0, 0xC6, 0x03, 0x01, 0x8C, 0x07, 0xFF, 0x18, 0x0F, 0xFE, 0x30, 0x18, 0x00, 0x70, 0x78,
    0x00, 0x71, 0xF8, 0x10, 0x7F, 0xBF, 0xE0, 0x7C, 0x3F, 0x80, 0x00, 0xC0, 0x03, 0x00, 0x0C, 0x00,
    0x00, 0x00, 0x00, 0x07, 0xF8, 0x0F, 0xF8, 0x18, 0x38, 0x30, 0x30, 0x60, 0x60, 0xC0, 0xC1, 0x83,
    0x83, 0xFE, 0x07, 0xF8, 0x0C, 0x38, 0x18, 0x30, 0x30, 0x30, 0x60, 0x60, 0xC0, 0x61, 0x80, 0xC3,
    0x00, 0xC0, 0x00, 0xC0, 0x60, 0x30, 0x18, 0x00, 0x00, 0x03, 0x38, 0xFE, 0x38, 0x0E, 0x03, 0x00,
    0xC0, 0x30, 0x0C, 0x03, 0x00, 0xC0, 0x30, 0x0C, 0x00, 0x3F, 0xC0, 0x7F, 0xC0, 0xC1, 0xC1, 0x81,
    0x83, 0x03, 0x06, 0x06, 0x0C, 0x1C, 0x1F, 0xF0, 0x3F, 0xC0, 0x61, 0xC0, 0xC1, 0x81, 0x81, 0x83,
    0x03, 0x06, 0x03, 0x0C, 0x06, 0x18, 0x06, 0x00, 0x00, 0x00, 0x00, 0x03, 0x00, 0x0C, 0x00, 0x18,
    0x00, 0x33, 0x8F, 0xE3, 0x80, 0xE0, 0x30, 0x0C, 0x03, 0x00, 0xC0, 0x30, 0x0C, 0x03, 0x00, 0xC0,
    0x00, 0x00, 0x01, 0x80, 0xC0, 0x30, 0x00, 0x18, 0xC0, 0x1B, 0x00, 0x1C, 0x00, 0x00, 0x00, 0x00,
    0x07, 0xF8, 0x0F, 0xF8, 0x18, 0x38, 0x30, 0x30, 0x60, 0x60, 0xC0, 0xC1, 0x83, 0x83, 0xFE, 0x07,
    0xF8, 0x0C, 0x38, 0x18, 0x30, 0x30, 0x30, 0x60, 0x60, 0xC0, 0x61, 0x80, 0xC3, 0x00, 0xC0, 0x31,
    0x86, 0xC0, 0xA0, 0x38, 0x00, 0x00, 0x03, 0x38, 0xFE, 0x38, 0x0E, 0x03, 0x00, 0xC0, 0x30, 0x0C,
    0x03, 0x00, 0xC0, 0x30, 0x0C, 0x00, 0x00, 0xC0, 0x06, 0x00, 0x30, 0x00, 0x00, 0x00, 0x00, 0x3F,
    0x03, 0xFE, 0x1C, 0x08, 0x60, 0x01, 0x80, 0x06, 0x00, 0x1E, 0x00, 0x3F, 0x80, 0x3F, 0x80, 0x07,
    0x00, 0x0C, 0x00, 0x30, 0x00, 0xC6, 0x07, 0x1F, 0xF8, 0x1F, 0x80, 0x00, 0xC0, 0x30, 0x0C, 0x03,
    0x00, 0x00, 0x00, 0x07, 0xC1, 0xFC, 0x70, 0x8C, 0x01, 0xC0, 0x1F, 0x80, 0xF8, 0x01, 0x80, 0x32,
    0x0E, 0x7F, 0x87, 0xE0, 0x07, 0x00, 0x36, 0x01, 0x8C, 0x00, 0x00, 0x00, 0x00, 0x3F, 0x03, 0xFE,
    0x1C, 0x08, 0x60, 0x01, 0x80, 0x06, 0x00, 0x1E, 0x00, 0x3F, 0x80, 0x3F, 0x80, 0x07, 0x00, 0x0C,
    0x00, 0x30, 0x00, 0xC6, 0x07, 0x1F, 0xF8, 0x1F, 0x80, 0x0E, 0x01, 0x40, 0x6C, 0x18, 0xC0, 0x00,
    0x00, 0x07, 0xC1, 0xFC, 0x70, 0x8C, 0x01, 0xC0, 0x1F, 0x80, 0xF8, 0x01, 0x80, 0x32, 0x0E, 0x7F,
    0x87, 0xE0, 0x0F, 0xC0, 0xFF, 0x87, 0x02, 0x18, 0x00, 0x60, 0x01, 0x80, 0x07, 0x80, 0x0F, 0xE0,
    0x0F, 0xE0, 0x01, 0xC0, 0x03, 0x00, 0x0C, 0x00, 0x31, 0x81, 0xC7, 0xFE, 0x07, 0xE0, 0x01, 0x00,
    0x06, 0x00, 0x78, 0x01, 0xC0, 0x1F, 0x07, 0xF1, 0xC2, 0x30, 0x07, 0x00, 0x7E, 0x03, 0xE0, 0x06,
    0x00, 0xC8, 0x39, 0xFE, 0x1F, 0x80, 0x40, 0x0C, 0x07, 0x80, 0xE0, 0x18, 0xC0, 0x36, 0x00, 0x70,
    0x00, 0x00, 0x00, 0x00, 0x3F, 0x03, 0xFE, 0x1C, 0x08, 0x60, 0x01, 0x80, 0x06, 0x00, 0x1E, 0x00,
    0x3F, 0x80, 0x3F, 0x80, 0x07, 0x00, 0x0C, 0x00, 0x30, 0x00, 0xC6, 0x07, 0x1F, 0xF8, 0x1F, 0x80,
    0x31, 0x83, 0x60, 0x28, 0x07, 0x00, 0x00, 0x00, 0x07, 0xC1, 0xFC, 0x70, 0x8C, 0x01, 0xC0, 0x1F,
    0x80, 0xF8, 0x01, 0x80, 0x32, 0x0E, 0x7F, 0x87, 0xE0, 0x7F, 0xFE, 0xFF, 0xFC, 0x06, 0x00, 0x0C,
    0x00, 0x18, 0x00, 0x30, 0x00, 0x60, 0x00, 0xC0, 0x01, 0x80, 0x03, 0x00, 0x06, 0x00, 0x0C, 0x00,
    0x18, 0x00, 0x30, 0x00, 0x60, 0x00, 0xC0, 0x01, 0x00, 0x03, 0x00, 0x1E, 0x00, 0x38, 0x00, 0x30,
    0x18, 0x0C, 0x0F, 0xE7, 0xF1, 0x80, 0xC0, 0x60, 0x30, 0x18, 0x0C, 0x06, 0x03, 0x01, 0xF8, 0x7C,
    0x08, 0x06, 0x0F, 0x07, 0x00, 0x06, 0x60, 0x07, 0x80, 0x06, 0x00, 0x00, 0x00, 0x00, 0x0F, 0xFF,
    0xDF, 0xFF, 0x80, 0xC0, 0x01, 0x80, 0x03, 0x00, 0x06, 0x00, 0x0C, 0x00, 0x18, 0x00, 0x30, 0x00,
    0x60, 0x00, 0xC0, 0x01, 0x80, 0x03, 0x00, 0x06, 0x00, 0x0C, 0x00, 0x18, 0x00, 0x03, 0x01, 0x80,
    0x86, 0xC3, 0x01, 0x81, 0xFC, 0xFE, 0x30, 0x18, 0x0C, 0x06, 0x03, 0x01, 0x80, 0xC0, 0x60, 0x3F,
    0x0F, 0x80, 0x7F, 0xFE, 0xFF, 0xFC, 0x06, 0x00, 0x0C, 0x00, 0x18, 0x00, 0x30, 0x00, 0x60, 0x00,
    0xC0, 0x0F, 0xF0, 0x1F, 0xE0, 0x06, 0x00, 0x0C, 0x00, 0x18, 0x00, 0x30, 0x00, 0x60, 0x00, 0xC0,
    0x30, 0x18, 0x0C, 0x0F, 0xE7, 0xF1, 0x80, 0xC0, 0x60, 0x7F, 0x3F, 0x8C, 0x06, 0x03, 0x01, 0xF8,
    0x7C, 0x03, 0x20, 0x04, 0xC0, 0x00, 0x00, 0x00, 0x00, 0x30, 0x0C, 0x30, 0x0C, 0x30, 0x0C, 0x30,
    0x0C, 0x30, 0x0C, 0x30, 0x0C, 0x30, 0x0C, 0x30, 0x0C, 0x30, 0x0C, 0x30, 0x0C, 0x30, 0x0C, 0x30,
    0x0C, 0x38, 0x1C, 0x1C, 0x38, 0x0F, 0xF0, 0x07, 0xE0, 0x0E, 0x20, 0x4C, 0x81, 0x1C, 0x00, 0x00,
    0x00, 0x00, 0xC0, 0xC3, 0x03, 0x0C, 0x0C, 0x30, 0x30, 0xC0, 0xC3, 0x03, 0x0C, 0x0C, 0x30, 0x30,
    0xC0, 0xC3, 0x87, 0x07, 0xFC, 0x0F, 0x30, 0x07, 0xE0, 0x07, 0xE0, 0x00, 0x00, 0x30, 0x0C, 0x30,
    0x0C, 0x30, 0x0C, 0x30, 0x0C, 0x30, 0x0C, 0x30, 0x0C, 0x30, 0x0C, 0x30, 0x0C, 0x30, 0x0C, 0x30,
    0x0C, 0x30, 0x0C, 0x30, 0x0C, 0x38, 0x1C, 0x1C, 0x38, 0x0F, 0xF0, 0x07, 0xE0, 0x0F, 0xC0, 0x3F,
    0x00, 0x00, 0x00, 0x00, 0x30, 0x30, 0xC0, 0xC3, 0x03, 0x0C, 0x0C, 0x30, 0x30, 0xC0, 0xC3, 0x03,
    0x0C, 0x0C, 0x30, 0x30, 0xE1, 0xC1, 0xFF, 0x03, 0xCC, 0x04, 0x20, 0x03, 0xC0, 0x00, 0x00, 0x00,
    0x00, 0x30, 0x0C, 0x30, 0x0C, 0x30, 0x0C, 0x30, 0x0C, 0x30, 0x0C, 0x30, 0x0C, 0x30, 0x0C, 0x30,
    0x0C, 0x30, 0x0C, 0x30, 0x0C, 0x30, 0x0C, 0x30, 0x0C, 0x38, 0x1C, 0x1C, 0x38, 0x0F, 0xF0, 0x07,
    0xE0, 0x10, 0x20, 0x61, 0x80, 0xFC, 0x01, 0xE0, 0x00, 0x00, 0x00, 0x03, 0x03, 0x0C, 0x0C, 0x30,
    0x30, 0xC0, 0xC3, 0x03, 0x0C, 0x0C, 0x30, 0x30, 0xC0, 0xC3, 0x03, 0x0E, 0x1C, 0x1F, 0xF0, 0x3C,
    0xC0, 0x01, 0xE0, 0x03, 0x30, 0x02, 0x10, 0x02, 0x10, 0x33, 0x3C, 0x31, 0xEC, 0x30, 0x0C, 0x30,
    0x0C, 0x30, 0x0C, 0x30, 0x0C, 0x30, 0x0C, 0x30, 0x0C, 0x30, 0x0C, 0x30, 0x0C, 0x30, 0x0C, 0x30,
    0x0C, 0x38, 0x1C, 0x1C, 0x38, 0x0F, 0xF0, 0x07, 0xE0, 0x07, 0x80, 0x33, 0x00, 0x84, 0x02, 0x10,
    0x0C, 0xC0, 0x1E, 0x03, 0x03, 0x0C, 0x0C, 0x30, 0x30, 0xC0, 0xC3, 0x03, 0x0C, 0x0C, 0x30, 0x30,
    0xC0, 0xC3, 0x03, 0x0E, 0x1C, 0x1F, 0xF0, 0x3C, 0xC0, 0x01, 0x98, 0x01, 0x10, 0x03, 0x30, 0x00,
    0x00, 0x00, 0x00, 0x30, 0x0C, 0x30, 0x0C, 0x30, 0x0C, 0x30, 0x0C, 0x30, 0x0C, 0x30, 0x0C, 0x30,
    0x0C, 0x30, 0x0C, 0x30, 0x0C, 0x30, 0x0C, 0x30, 0x0C, 0x30, 0x0C, 0x38, 0x1C, 0x1C, 0x38, 0x0F,
    0xF0, 0x07, 0xE0, 0x01, 0x98, 0x0C, 0xC0, 0x22, 0x01, 0x98, 0x00, 0x00, 0x00, 0x03, 0x03, 0x0C,
    0x0C, 0x30, 0x30, 0xC0, 0xC3, 0x03, 0x0C, 0x0C, 0x30, 0x30, 0xC0, 0xC3, 0x03, 0x0E, 0x1C, 0x1F,
    0xF0, 0x3C, 0xC0, 0x30, 0x0C, 0x30, 0x0C, 0x30, 0x0C, 0x30, 0x0C, 0x30, 0x0C, 0x30, 0x0C, 0x30,
    0x0C, 0x30, 0x0C, 0x30, 0x0C, 0x30, 0x0C, 0x30, 0x0C, 0x30, 0x0C, 0x38, 0x1C, 0x1C, 0x38, 0x0F,
    0xF0, 0x07, 0xE0, 0x00, 0x80, 0x01, 0x80, 0x01, 0xE0, 0x00, 0xE0, 0x30, 0x30, 0xC0, 0xC3, 0x03,
    0x0C, 0x0C, 0x30, 0x30, 0xC0, 0xC3, 0x03, 0x0C, 0x0C, 0x30, 0x30, 0xE1, 0xC1, 0xFF, 0x03, 0xCC,
    0x00, 0x10, 0x00, 0xC0, 0x03, 0xC0, 0x07, 0x00, 0x30, 0x00, 0x01, 0xE0, 0x00, 0x0C, 0xC0, 0x00,
    0x00, 0x00, 0x00, 0x00, 0x01, 0x81, 0xE0, 0x66, 0x07, 0x81, 0x8C, 0x1E, 0x0C, 0x30, 0x78, 0x30,
    0xC3, 0x30, 0xC3, 0x0C, 0xC3, 0x06, 0x33, 0x18, 0x18, 0xCC, 0x60, 0x66, 0x19, 0x81, 0x98, 0x66,
    0x03, 0x61, 0xB0, 0x0D, 0x86, 0xC0, 0x3C, 0x0F, 0x00, 0xF0, 0x3C, 0x01, 0xC0, 0xE0, 0x07, 0x03,
    0x80, 0x00, 0xC0, 0x00, 0x78, 0x00, 0x12, 0x00, 0x0C, 0xC0, 0x00, 0x00, 0x00, 0x00, 0x06, 0x1E,
    0x19, 0x87, 0x86, 0x31, 0xE3, 0x0C, 0x78, 0xC3, 0x33, 0x30, 0xCC, 0xDC, 0x1B, 0x36, 0x06, 0xCD,
    0x81, 0xE1, 0xE0, 0x78, 0x78, 0x0E, 0x1C, 0x03, 0x87, 0x00, 0x01, 0x80, 0x07, 0x80, 0x19, 0x80,
    0x00, 0x00, 0x00, 0x0E, 0x01, 0xCE, 0x07, 0x0C, 0x0C, 0x0C, 0x30, 0x1C, 0xE0, 0x19, 0x80, 0x1E,
    0x00, 0x3C, 0x00, 0x30, 0x00, 0x60, 0x00, 0xC0, 0x01, 0x80, 0x03, 0x00, 0x06, 0x00, 0x0C, 0x00,
    0x18, 0x00, 0x03, 0x00, 0x3C, 0x01, 0x20, 0x19, 0x80, 0x00, 0x00, 0x01, 0x80, 0x66, 0x06, 0x30,
    0x31, 0xC3, 0x86, 0x18, 0x30, 0xC0, 0xCC, 0x06, 0x60, 0x1E, 0x00, 0xF0, 0x07, 0x80, 0x18, 0x00,
    0xC0, 0x0C, 0x00, 0x60, 0x1E, 0x00, 0xF0, 0x00, 0x06, 0x60, 0x0C, 0xC0, 0x00, 0x00, 0x00, 0x07,
    0x00, 0xE7, 0x03, 0x86, 0x06, 0x06, 0x18, 0x0E, 0x70, 0x0C, 0xC0, 0x0F, 0x00, 0x1E, 0x00, 0x18,
    0x00, 0x30, 0x00, 0x60, 0x00, 0xC0, 0x01, 0x80, 0x03, 0x00, 0x06, 0x00, 0x0C, 0x00, 0x00, 0xC0,
    0x03, 0x00, 0x0C, 0x00, 0x00, 0x00, 0x00, 0x0F, 0xFF, 0x9F, 0xFF, 0x00, 0x0C, 0x00, 0x30, 0x00,
    0xE0, 0x03, 0x80, 0x0E, 0x00, 0x18, 0x00, 0x60, 0x01, 0xC0, 0x07, 0x00, 0x1C, 0x00, 0x30, 0x00,
    0xC0, 0x03, 0xFF, 0xE7, 0xFF, 0xC0, 0x00, 0xC0, 0x18, 0x03, 0x00, 0x60, 0x00, 0x00, 0x00, 0x7F,
    0xE7, 0xFE, 0x00, 0xC0, 0x18, 0x03, 0x80, 0x70, 0x0E, 0x01, 0xC0, 0x18, 0x03, 0x00, 0x7F, 0xE7,
    0xFE, 0x03, 0x00, 0x06, 0x00, 0x00, 0x00, 0x00, 0x07, 0xFF, 0xCF, 0xFF, 0x80, 0x06, 0x00, 0x18,
    0x00, 0x70, 0x01, 0xC0, 0x07, 0x00, 0x0C, 0x00, 0x30, 0x00, 0xE0, 0x03, 0x80, 0x0E, 0x00, 0x18,
    0x00, 0x60, 0x01, 0xFF, 0xF3, 0xFF, 0xE0, 0x0C, 0x00, 0xC0, 0x0C, 0x00, 0x00, 0x00, 0x03, 0xFF,
    0x3F, 0xF0, 0x06, 0x00, 0xC0, 0x1C, 0x03, 0x80, 0x70, 0x0E, 0x00, 0xC0, 0x18, 0x03, 0xFF, 0x3F,
    0xF0, 0x0C, 0x60, 0x0D, 0x80, 0x0E, 0x00, 0x00, 0x00, 0x00, 0x0F, 0xFF, 0x9F, 0xFF, 0x00, 0x0C,
    0x00, 0x30, 0x00, 0xE0, 0x03, 0x80, 0x0E, 0x00, 0x18, 0x00, 0x60, 0x01, 0xC0, 0x07, 0x00, 0x1C,
    0x00, 0x30, 0x00, 0xC0, 0x03, 0xFF, 0xE7, 0xFF, 0xC0, 0x19, 0x80, 0x90, 0x0F, 0x00, 0x60, 0x00,
    0x00, 0x00, 0x7F, 0xE7, 0xFE, 0x00, 0xC0, 0x18, 0x03, 0x80, 0x70, 0x0E, 0x01, 0xC0, 0x18, 0x03,
    0x00, 0x7F, 0xE7, 0xFE, 0x0F, 0x0F, 0x8C, 0x06, 0x03, 0x07, 0x83, 0xC0, 0x60, 0x30, 0x18, 0x0C,
    0x06, 0x03, 0x01, 0x80, 0xC0, 0x60, 0x30, 0x00, 0x30, 0x03, 0xF8, 0x0F, 0xE0, 0x0C, 0x00, 0x30,
    0x00, 0xCF, 0x03, 0xFE, 0x0F, 0x1C, 0x38, 0x38, 0xC0, 0x63, 0x01, 0x8C, 0x06, 0x30, 0x18, 0xE0,
    0xE3, 0xC7, 0x0F, 0xF8, 0x33, 0xC0, 0x3F, 0xE0, 0x0F, 0xFC, 0x01, 0x83, 0x80, 0x60, 0x60, 0x18,
    0x18, 0x06, 0x06, 0x01, 0x83, 0x80, 0x7F, 0xC0, 0x1F, 0xF0, 0x06, 0x06, 0x01, 0x80, 0xC0, 0x60,
    0x30, 0x18, 0x0C, 0x06, 0x07, 0x01, 0xFF, 0x80, 0x7F, 0x80, 0x3F, 0xF0, 0x7F, 0xE0, 0xC0, 0x01,
    0x80, 0x03, 0x00, 0x06, 0x00, 0x0C, 0x00, 0x1F, 0xE0, 0x3F, 0xF0, 0x60, 0x70, 0xC0, 0x61, 0x80,
    0xC3, 0x01, 0x86, 0x07, 0x0F, 0xFC, 0x1F, 0xF0, 0x3F, 0xE0, 0xFF, 0x83, 0x00, 0x0C, 0x00, 0x30,
    0x00, 0xCF, 0x03, 0xFE, 0x0F, 0x1C, 0x38, 0x38, 0xC0, 0x63, 0x01, 0x8C, 0x06, 0x30, 0x18, 0xE0,
    0xE3, 0xC7, 0x0F, 0xF8, 0x33, 0xC0, 0x10, 0x00, 0x60, 0x01, 0xC0, 0x07, 0x80, 0x03, 0x00, 0x06,
    0x00, 0x0C, 0x00, 0x1F, 0xE0, 0x3F, 0xF0, 0x60, 0x70, 0xC0, 0x61, 0x80, 0xC3, 0x01, 0x86, 0x07,
    0x0F, 0xFC, 0x1F, 0xF0, 0x10, 0x00, 0xC0, 0x07, 0x00, 0x1C, 0x00, 0xF0, 0x00, 0xCF, 0x03, 0xFE,
    0x0F, 0x1C, 0x38, 0x38, 0xC0, 0x63, 0x01, 0x8C, 0x06, 0x30, 0x18, 0xE0, 0xE3, 0xC7, 0x0F, 0xF8,
    0x33, 0xC0, 0x1F, 0x80, 0x7F, 0xC1, 0x81, 0xC2, 0x01, 0xC0, 0x01, 0x80, 0x01, 0x80, 0x03, 0x00,
    0x06, 0x00, 0x0C, 0x00, 0x18, 0x00, 0x30, 0x00, 0xC4, 0x03, 0x8C, 0x0E, 0x0F, 0xF8, 0x0F, 0xC0,
    0x00, 0x03, 0x80, 0x01, 0xE0, 0x00, 0xE0, 0x00, 0x30, 0x03, 0xFC, 0x03, 0xFF, 0x01, 0xC0, 0xC0,
    0xE0, 0x10, 0x30, 0x00, 0x18, 0x00, 0x06, 0x00, 0x01, 0x80, 0x00, 0x60, 0x00, 0x18, 0x00, 0x06,
    0x00, 0x00, 0xC0, 0x00, 0x38, 0x04, 0x07, 0x03, 0x00, 0xFF, 0x80, 0x0F, 0xC0, 0x00, 0x38, 0x00,
    0xE0, 0x07, 0x00, 0x18, 0x00, 0x60, 0x3F, 0x81, 0xFE, 0x0E, 0x08, 0x70, 0x01, 0x80, 0x06, 0x00,
    0x18, 0x00, 0x60, 0x01, 0xC0, 0x03, 0x82, 0x07, 0xF8, 0x0F, 0xC0, 0x3F, 0xC0, 0x1F, 0xF8, 0x0C,
    0x0E, 0x06, 0x01, 0x83, 0x00, 0xE1, 0x80, 0x30, 0xC0, 0x19, 0xFE, 0x0C, 0xFF, 0x06, 0x18, 0x03,
    0x0C, 0x01, 0x86, 0x01, 0xC3, 0x00, 0xC1, 0x81, 0xC0, 0xFF, 0xC0, 0x7F, 0x80, 0x3F, 0xE0, 0x03,
    0xFF, 0x80, 0x18, 0x1C, 0x01, 0x80, 0x60, 0x18, 0x07, 0x01, 0x80, 0x30, 0x18, 0x03, 0x01, 0x80,
    0x30, 0x18, 0x03, 0x01, 0x80, 0x30, 0x18, 0x03, 0x01, 0x80, 0x60, 0x18, 0x06, 0x01, 0x81, 0xC0,
    0x1F, 0xF8, 0x01, 0xFE, 0x00, 0x1F, 0xF0, 0x3F, 0xE0, 0x00, 0xC0, 0x01, 0x80, 0x03, 0x00, 0x06,
    0x00, 0x0C, 0x07, 0xF8, 0x3F, 0xF0, 0xE0, 0x61, 0x80, 0xC3, 0x01, 0x86, 0x03, 0x0E, 0x06, 0x0F,
    0xFC, 0x0F, 0xF8, 0x1F, 0xF0, 0x7F, 0xC0, 0x03, 0x00, 0x0C, 0x00, 0x30, 0x3C, 0xC1, 0xFF, 0x0E,
    0x3C, 0x70, 0x71, 0x80, 0xC6, 0x03, 0x18, 0x0C, 0x60, 0x31, 0xC1, 0xC3, 0x8F, 0x07, 0xFC, 0x0F,
    0x30, 0x0F, 0x80, 0xFE, 0x0E, 0x38, 0xE0, 0xE6, 0x03, 0x30, 0x19, 0x80, 0xCC, 0x06, 0x60, 0x31,
    0x83, 0x0F, 0xB0, 0x1F, 0x80, 0x1E, 0x00, 0x30, 0x81, 0x87, 0xF8, 0x1F, 0x80, 0x7F, 0xE1, 0xFF,
    0x80, 0x06, 0x00, 0x18, 0x00, 0x60, 0x01, 0x80, 0x06, 0x0F, 0xF8, 0x3F, 0xE0, 0x01, 0x80, 0x06,
    0x00, 0x18, 0x00, 0x60, 0x01, 0x87, 0xFE, 0x1F, 0xF8, 0x07, 0xE0, 0x0F, 0xFC, 0x0E, 0x07, 0x04,
    0x01, 0xC0, 0x00, 0x60, 0x00, 0x18, 0x00, 0x0C, 0x00, 0x06, 0x7F, 0xFF, 0x3F, 0xFF, 0x98, 0x00,
    0xC4, 0x00, 0x43, 0x00, 0x60, 0xE0, 0xE0, 0x3F, 0xE0, 0x0F, 0xC0, 0x0F, 0xC0, 0xFF, 0x87, 0x02,
    0x18, 0x00, 0x60, 0x01, 0x80, 0x03, 0x00, 0x07, 0xC0, 0x3F, 0x01, 0xC0, 0x06, 0x00, 0x18, 0x00,
    0x60, 0x01, 0xC0, 0x83, 0xFE, 0x03, 0xF0, 0x0F, 0xF8, 0x1F, 0xF0, 0x30, 0x00, 0x60, 0x00, 0xC0,
    0x01, 0x80, 0x03, 0x00, 0x07, 0xF8, 0x0F, 0xF0, 0x18, 0x00, 0x30, 0x00, 0x60, 0x00, 0xC0, 0x01,
    0x80, 0x03, 0x00, 0x06, 0x00, 0x0C, 0x00, 0x30, 0x00, 0xE0, 0x01, 0x80, 0x00, 0x07, 0x81, 0xF0,
    0x60, 0x0C, 0x01, 0x80, 0x7E, 0x0F, 0xC0, 0xC0, 0x18, 0x03, 0x00, 0x60, 0x0C, 0x01, 0x80, 0x30,
    0x06, 0x00, 0xC0, 0x18, 0x03, 0x00, 0x60, 0x0C, 0x03, 0x00, 0x40, 0x00, 0x00, 0x01, 0xE0, 0x00,
    0x7C, 0x00, 0x1C, 0x00, 0x03, 0x00, 0x1F, 0xE0, 0x0F, 0xFC, 0x03, 0x81, 0x80, 0xC0, 0x10, 0x18,
    0x00, 0x06, 0x00, 0x00, 0xC0, 0x00, 0x18, 0x1F, 0x83, 0x03, 0xF0, 0x60, 0x06, 0x0C, 0x00, 0xC0,
    0xC0, 0x18, 0x1C, 0x03, 0x01, 0xC0, 0xE0, 0x1F, 0xF8, 0x00, 0xFC, 0x00, 0xE0, 0x0E, 0x60, 0x0C,
    0x70, 0x1C, 0x30, 0x18, 0x38, 0x38, 0x18, 0x30, 0x1C, 0x70, 0x0C, 0x60, 0x06, 0xC0, 0x06, 0xC0,
    0x03, 0x80, 0x03, 0x80, 0x03, 0x80, 0x03, 0x80, 0x06, 0xC0, 0x06, 0xC0, 0x0C, 0x60, 0x0C, 0x60,
    0x0C, 0x60, 0x0F, 0xE0, 0x07, 0xC0, 0x30, 0x00, 0x00, 0xC0, 0x00, 0x03, 0x00, 0x00, 0x0C, 0x00,
    0x00, 0x30, 0x00, 0x00, 0xCF, 0x06, 0x03, 0xFE, 0x1C, 0x0E, 0x1C, 0x38, 0x30, 0x30, 0x70, 0xC0,
    0xC0, 0xC3, 0x03, 0x03, 0x0C, 0x0C, 0x0C, 0x30, 0x30, 0x30, 0xC0, 0xC1, 0xC3, 0x03, 0x06, 0x0C,
    0x07, 0xF0, 0x30, 0x0F, 0x80, 0x30, 0x30, 0x30, 0x30, 0x30, 0x30, 0x30, 0x30, 0x30, 0x30, 0x30,
    0x30, 0x30, 0x38, 0x1E, 0x0E, 0x30, 0x60, 0xC1, 0x83, 0x06, 0x0C, 0x18, 0xFD, 0xF8, 0xC1, 0x83,
    0x06, 0x0C, 0x18, 0x30, 0x1C, 0x18, 0x1F, 0x0C, 0x1C, 0xC6, 0x1C, 0x63, 0x38, 0x31, 0xB8, 0x00,
    0xF8, 0x00, 0x78, 0x00, 0x3E, 0x00, 0x1B, 0x80, 0x0C, 0xE0, 0x06, 0x38, 0x03, 0x0E, 0x01, 0x83,
    0x80, 0xC0, 0x60, 0x60, 0x18, 0x0F, 0x00, 0xF8, 0x0C, 0x00, 0x60, 0x03, 0x00, 0x18, 0x38, 0xC3,
    0x86, 0x38, 0x33, 0x81, 0xF8, 0x0F, 0x00, 0x7C, 0x03, 0x70, 0x19, 0xC0, 0xC7, 0x06, 0x1C, 0x30,
    0x70, 0x30, 0xC3, 0x0C, 0x30, 0xC3, 0x3F, 0xFC, 0xC3, 0x0C, 0x30, 0xC3, 0x0C, 0x30, 0x0C, 0x40,
    0x3E, 0x07, 0xE0, 0x7E, 0x01, 0x30, 0x01, 0x80, 0x0E, 0x00, 0xF0, 0x07, 0xC0, 0x66, 0x03, 0x30,
    0x38, 0xC1, 0x86, 0x0C, 0x38, 0xC0, 0xC6, 0x06, 0x60, 0x18, 0x30, 0x30, 0x31, 0x81, 0x81, 0x8C,
    0x0C, 0x0C, 0x60, 0x60, 0x63, 0x03, 0x03, 0x18, 0x18, 0x18, 0xC0, 0xC0, 0xC6, 0x06, 0x06, 0x30,
    0x30, 0x31, 0x81, 0x81, 0x8C, 0x0C, 0x0C, 0x60, 0x60, 0x63, 0x03, 0x03, 0x1C, 0x3C, 0x38, 0x7F,
    0x7F, 0xC1, 0xE1, 0xE6, 0x0E, 0x03, 0x03, 0xC0, 0xC0, 0xF0, 0x30, 0x3E, 0x0C, 0x0D, 0x83, 0x03,
    0x30, 0xC0, 0xCC, 0x30, 0x31, 0x8C, 0x0C, 0x63, 0x03, 0x0C, 0xC0, 0xC3, 0x30, 0x30, 0x6C, 0x0C,
    0x1F, 0x03, 0x03, 0xC0, 0xC0, 0xF0, 0x30, 0x1C, 0x0C, 0x00, 0x07, 0x00, 0x03, 0x80, 0x00, 0xC0,
    0x00, 0x33, 0xC0, 0xFF, 0x83, 0x87, 0x0E, 0x0C, 0x30, 0x30, 0xC0, 0xC3, 0x03, 0x0C, 0x0C, 0x30,
    0x30, 0xC0, 0xC3, 0x03, 0x0C, 0x0C, 0x00, 0x30, 0x00, 0xC0, 0x03, 0x00, 0x0C, 0x00, 0x30, 0x03,
    0xE0, 0x07, 0xFC, 0x07, 0x07, 0x07, 0x01, 0xC3, 0x00, 0x63, 0x00, 0x19, 0x80, 0x0C, 0xFF, 0xFE,
    0x7F, 0xFF, 0x30, 0x01, 0x98, 0x00, 0xC6, 0x00, 0xC3, 0x00, 0x60, 0xE0, 0xE0, 0x3F, 0xE0, 0x07,
    0xC0, 0x03, 0xE1, 0x00, 0xFF, 0x90, 0x1C, 0x1D, 0x03, 0x80, 0xE0, 0x30, 0x06, 0x06, 0x00, 0x30,
    0x60, 0x03, 0x06, 0x00, 0x30, 0x60, 0x03, 0x06, 0x00, 0x30, 0x60, 0x03, 0x03, 0x00, 0x60, 0x38,
    0x0E, 0x01, 0xC1, 0xC0, 0x0F, 0xF8, 0x00, 0x3E, 0x00, 0x00, 0x08, 0x3E, 0x21, 0xFC, 0x8E, 0x3C,
    0x70, 0x71, 0x80, 0xC6, 0x03, 0x18, 0x0C, 0x60, 0x31, 0xC1, 0xC3, 0x8E, 0x07, 0xF0, 0x0F, 0x80,
    0x03, 0xFF, 0x80, 0x7F, 0xFE, 0x07, 0x03, 0x38, 0x70, 0x18, 0xC3, 0x00, 0xC6, 0x30, 0x06, 0x31,
    0x80, 0x31, 0x8C, 0x01, 0x8C, 0x60, 0x0C, 0x63, 0x00, 0x63, 0x18, 0x03, 0x18, 0x60, 0x18, 0xC3,
    0x80, 0xC6, 0x0E, 0x0E, 0x30, 0x3F, 0xE1, 0x80, 0x7C, 0x0C, 0x0F, 0xF8, 0x0F, 0xFE, 0x0E, 0x19,
    0x8E, 0x0C, 0xC6, 0x06, 0x63, 0x03, 0x31, 0x81, 0x98, 0xC0, 0xCC, 0x70, 0x66, 0x1C, 0x33, 0x07,
    0xF9, 0x81, 0xF0, 0xC0, 0x00, 0x60, 0x00, 0x30, 0x00, 0x18, 0x00, 0x0C, 0x00, 0x06, 0x00, 0x3F,
    0xE0, 0x3F, 0xF0, 0x18, 0x38, 0x18, 0x18, 0x18, 0x18, 0x18, 0x18, 0x18, 0x18, 0x18, 0x38, 0x1F,
    0xF0, 0x1F, 0xE0, 0x18, 0x00, 0x18, 0x00, 0x18, 0x00, 0x18, 0x00, 0x18, 0x00, 0x18, 0x00, 0x0F,
    0x00, 0x7C, 0x03, 0x00, 0x0C, 0x00, 0x30, 0x00, 0xCF, 0x03, 0xFE, 0x0F, 0x1C, 0x38, 0x38, 0xC0,
    0x63, 0x01, 0x8C, 0x06, 0x30, 0x18, 0xE0, 0xE3, 0xC7, 0x0F, 0xF8, 0x33, 0xC0, 0xC0, 0x03, 0x00,
    0x0C, 0x00, 0x30, 0x00, 0xC0, 0x00, 0x30, 0x00, 0x60, 0x00, 0xC0, 0x01, 0xFE, 0x03, 0xFE, 0x06,
    0x0E, 0x0C, 0x0C, 0x18, 0x18, 0x30, 0x30, 0x60, 0xC0, 0xFF, 0x81, 0xFE, 0x03, 0x0E, 0x06, 0x0E,
    0x0C, 0x0C, 0x18, 0x18, 0x00, 0x18, 0x00, 0x30, 0x00, 0x30, 0x1F, 0x80, 0xFF, 0x82, 0x07, 0x00,
    0x0C, 0x00, 0x30, 0x00, 0xC0, 0x0F, 0x03, 0xF8, 0x3F, 0x81, 0xC0, 0x06, 0x00, 0x18, 0x00, 0x60,
    0x01, 0xC0, 0xC3, 0xFF, 0x03, 0xF0, 0x1F, 0x07, 0xF0, 0x87, 0x00, 0x60, 0x1C, 0x3F, 0x0F, 0x83,
    0x00, 0x60, 0x0E, 0x08, 0xFF, 0x0F, 0xC0, 0x3F, 0xF0, 0xFF, 0xC3, 0x80, 0x07, 0x00, 0x0E, 0x00,
    0x1C, 0x00, 0x38, 0x00, 0x70, 0x03, 0x80, 0x0C, 0x00, 0x60, 0x03, 0x80, 0x1C, 0x00, 0xE0, 0x03,
    0xFF, 0x0F, 0xFC, 0x18, 0x03, 0x80, 0x18, 0x0F, 0xC1, 0xF8, 0x0C, 0x01, 0x80, 0x30, 0x06, 0x00,
    0xC0, 0x18, 0x03, 0x00, 0x60, 0x0C, 0x01, 0x80, 0x30, 0x06, 0x00, 0xC0, 0x18, 0x03, 0x00, 0x3E,
    0x03, 0xC0, 0x30, 0x18, 0x0C, 0x0F, 0xE7, 0xF1, 0x80, 0xC0, 0x60, 0x30, 0x18, 0x0C, 0x06, 0x03,
    0x01, 0xF8, 0x7C, 0x06, 0x03, 0x01, 0x83, 0x81, 0xC0, 0x3F, 0xFD, 0xFF, 0xF6, 0x30, 0x18, 0xC0,
    0x03, 0x00, 0x0C, 0x00, 0x30, 0x00, 0xC0, 0x03, 0x00, 0x0C, 0x00, 0x30, 0x00, 0xC0, 0x03, 0x00,
    0x0C, 0x00, 0x30, 0x00, 0xC0, 0x0F, 0x0F, 0x8C, 0x06, 0x03, 0x03, 0xF9, 0xFC, 0x60, 0x30, 0x18,
    0x0C, 0x06, 0x03, 0x01, 0x80, 0xC0, 0x7E, 0x1F, 0x00, 0x7F, 0xFE, 0xFF, 0xFC, 0x06, 0x00, 0x0C,
    0x00, 0x18, 0x00, 0x30, 0x00, 0x60, 0x00, 0xC0, 0x01, 0x80, 0x03, 0x00, 0x06, 0x00, 0x0C, 0x00,
    0x18, 0x00, 0x30, 0x00, 0x60, 0x00, 0xC0, 0x01, 0x80, 0x03, 0x00, 0x07, 0x00, 0x07, 0x80, 0x07,
    0x00, 0x30, 0x0C, 0x86, 0x01, 0x90, 0xC0, 0x32, 0x18, 0x07, 0x83, 0x00, 0xC0, 0x60, 0x18, 0x0C,
    0x03, 0x01, 0x80, 0x60, 0x30, 0x0C, 0x06, 0x01, 0x80, 0xC0, 0x30, 0x18, 0x06, 0x03, 0x81, 0xC0,
    0x38, 0x70, 0x03, 0xFC, 0x00, 0x3F, 0x00, 0x00, 0x02, 0x60, 0x64, 0xC0, 0xC9, 0x81, 0xE3, 0x03,
    0x06, 0x06, 0x0C, 0x0C, 0x18, 0x18, 0x30, 0x30, 0x60, 0x60, 0xE1, 0xC0, 0xFF, 0x80, 0xF3, 0x00,
    0x7E, 0x3F, 0x3F, 0x1F, 0x87, 0x06, 0x03, 0x01, 0x83, 0x00, 0x61, 0x80, 0x31, 0x80, 0x0C, 0xC0,
    0x06, 0x60, 0x03, 0x30, 0x01, 0x98, 0x00, 0xC6, 0x00, 0xE3, 0x80, 0xE0, 0xE0, 0xE0, 0x3F, 0xE0,
    0x07, 0xC0, 0x30, 0x00, 0x30, 0x00, 0x30, 0x30, 0x30, 0x18, 0x30, 0x0C, 0x30, 0x0C, 0x30, 0x06,
    0x30, 0x06, 0x30, 0x06, 0x30, 0x06, 0x30, 0x06, 0x30, 0x0E, 0x30, 0x1C, 0x38, 0x38, 0x1F, 0xF0,
    0x0F, 0xC0, 0x70, 0x0F, 0x0E, 0x07, 0xE1, 0x81, 0x8C, 0x30, 0xC3, 0x0E, 0x70, 0xC1, 0x98, 0x00,
    0x3C, 0x00, 0x0F, 0x00, 0x01, 0x80, 0x00, 0x60, 0x00, 0x18, 0x00, 0x06, 0x00, 0x01, 0x80, 0x00,
    0x60, 0x00, 0x18, 0x00, 0x06, 0x00, 0x60, 0x0E, 0x18, 0x0F, 0xCC, 0x0C, 0x67, 0x06, 0x31, 0x86,
    0x00, 0xC3, 0x00, 0x33, 0x00, 0x19, 0x80, 0x07, 0xC0, 0x03, 0xC0, 0x01, 0xE0, 0x00, 0x60, 0x00,
    0x30, 0x00, 0x30, 0x00, 0x18, 0x00, 0x7C, 0x00, 0x3C, 0x00, 0x00, 0x7F, 0xFC, 0xFF, 0xF8, 0x00,
    0x60, 0x01, 0x80, 0x07, 0x00, 0x1C, 0x00, 0x70, 0x1F, 0xF8, 0x3F, 0xF0, 0x0E, 0x00, 0x38, 0x00,
    0xE0, 0x01, 0x80, 0x06, 0x00, 0x1F, 0xFF, 0x3F, 0xFE, 0x7F, 0xE7, 0xFE, 0x00, 0xC0, 0x1C, 0x03,
    0x83, 0xFC, 0x3F, 0xC1, 0xC0, 0x18, 0x03, 0x00, 0x7F, 0xE7, 0xFE, 0x3F, 0xF8, 0x7F, 0xF0, 0x00,
    0xC0, 0x03, 0x80, 0x0E, 0x00, 0x38, 0x00, 0x60, 0x01, 0xF0, 0x03, 0xF8, 0x00, 0x30, 0x00, 0x30,
    0x00, 0x62, 0x00, 0xC7, 0x03, 0x87, 0xFE, 0x03, 0xF0, 0x3F, 0xF8, 0x7F, 0xF0, 0x60, 0x00, 0xE0,
    0x00, 0xE0, 0x00, 0xE0, 0x00, 0xC0, 0x07, 0xC0, 0x3F, 0x80, 0x60, 0x01, 0x80, 0x03, 0x00, 0x06,
    0x00, 0x8E, 0x07, 0x0F, 0xFC, 0x07, 0xE0, 0x3F, 0xE1, 0xFF, 0x06, 0x00, 0x38, 0x00, 0xE0, 0x03,
    0x80, 0x0E, 0x01, 0xF0, 0x1F, 0x81, 0x80, 0x18, 0x00, 0xC0, 0x06, 0x00, 0x30, 0x00, 0xE0, 0x47,
    0xFE, 0x0F, 0xE0, 0x7F, 0xE7, 0xFE, 0x00, 0xC0, 0x18, 0x03, 0x00, 0x60, 0x0F, 0x81, 0xFC, 0x00,
    0x60, 0x06, 0x07, 0xC3, 0xF8, 0x30, 0x06, 0x00, 0x30, 0x43, 0xFC, 0x07, 0x00, 0x00, 0x3F, 0xC0,
    0xFF, 0x82, 0x06, 0x00, 0x1C, 0x00, 0x30, 0x01, 0xC0, 0x06, 0x00, 0x38, 0x1F, 0xE0, 0x0E, 0x00,
    0x70, 0x03, 0x80, 0x1C, 0x00, 0xE0, 0x03, 0xFF, 0x0F, 0xFC, 0x00, 0x00, 0x3F, 0xF0, 0x7F, 0xE0,
    0xC0, 0x01, 0x80, 0x03, 0x00, 0x06, 0x00, 0x0C, 0x00, 0x1F, 0xF0, 0x3F, 0xF0, 0x00, 0x70, 0x00,
    0x30, 0x00, 0x66, 0x00, 0xCC, 0x01, 0x8E, 0x0E, 0x1F, 0xFC, 0x0F, 0xE0, 0x3F, 0xE1, 0xFF, 0x0C,
    0x00, 0x60, 0x03, 0x00, 0x18, 0x00, 0xC0, 0x07, 0xF0, 0x3F, 0xC0, 0x03, 0x00, 0x0C, 0x00, 0x60,
    0x03, 0x00, 0x19, 0x03, 0x8F, 0xFC, 0x3F, 0x80, 0x0C, 0x01, 0x80, 0x30, 0x3F, 0x80, 0xC0, 0x18,
    0x03, 0xC0, 0x1C, 0x01, 0xC0, 0x18, 0x03, 0x00, 0x60, 0x1C, 0xC7, 0x1F, 0xC0, 0x00, 0x00, 0x00,
    0x33, 0xE0, 0xDF, 0xC3, 0xC3, 0x8E, 0x06, 0x30, 0x18, 0xC0, 0x63, 0x03, 0x0C, 0x18, 0x30, 0xE0,
    0xCE, 0x03, 0x70, 0x0F, 0x80, 0x38, 0x00, 0xC0, 0x03, 0x00, 0x0C, 0x00, 0x30, 0x00, 0x30, 0xC3,
    0x0C, 0x30, 0xC3, 0x0C, 0x30, 0xC3, 0x0C, 0x30, 0xC3, 0x0C, 0x30, 0xC3, 0x0C, 0x30, 0xC0, 0x33,
    0x06, 0x60, 0xCC, 0x19, 0x83, 0x30, 0x66, 0x0C, 0xC1, 0x98, 0x33, 0x06, 0x60, 0xCC, 0x19, 0x83,
    0x30, 0x66, 0x0C, 0xC1, 0x98, 0x33, 0x06, 0x60, 0xCC, 0x19, 0x83, 0x30, 0x66, 0x00, 0x0C, 0x03,
    0x00, 0xC0, 0x30, 0x0C, 0x03, 0x00, 0xC3, 0xFF, 0xFF, 0xC3, 0x00, 0xC0, 0x30, 0xFF, 0xFF, 0xF0,
    0xC0, 0x30, 0x0C, 0x03, 0x00, 0xC0, 0x30, 0x0C, 0x03, 0x00, 0x30, 0x60, 0xC1, 0x83, 0x06, 0x0C,
    0x18, 0x30, 0x60, 0xC0, 0x00, 0x06, 0x0C, 0x18, 0x00, 0x00, 0x0C, 0x60, 0x00, 0x00, 0x0D, 0x80,
    0x00, 0x00, 0x0E, 0x00, 0x00, 0x00, 0x00, 0x00, 0x00, 0x00, 0x00, 0x07, 0xF8, 0x0F, 0xFF, 0x8F,
    0xFC, 0x1F, 0xFF, 0x18, 0x1C, 0x00, 0x0C, 0x30, 0x0C, 0x00, 0x30, 0x60, 0x1C, 0x00, 0xE0, 0xC0,
    0x18, 0x03, 0x81, 0x80, 0x30, 0x0E, 0x03, 0x00, 0x60, 0x18, 0x06, 0x00, 0xC0, 0x60, 0x0C, 0x01,
    0x81, 0xC0, 0x18, 0x03, 0x07, 0x00, 0x30, 0x0C, 0x1C, 0x00, 0x60, 0x18, 0x30, 0x00, 0xC0, 0xE0,
    0xC0, 0x01, 0xFF, 0x83, 0xFF, 0xE3, 0xFC, 0x07, 0xFF, 0xC0, 0x00, 0x00, 0x19, 0x80, 0x00, 0x00,
    0x48, 0x0F, 0xF0, 0x03, 0xC0, 0x7F, 0xE0, 0x0C, 0x03, 0x03, 0x80, 0x00, 0x18, 0x06, 0x00, 0x00,
    0xC0, 0x39, 0xFF, 0x86, 0x00, 0xCF, 0xFC, 0x30, 0x06, 0x00, 0xC1, 0x80, 0x30, 0x0C, 0x0C, 0x01,
    0x80, 0xE0, 0x60, 0x0C, 0x0E, 0x03, 0x00, 0x60, 0xE0, 0x18, 0x06, 0x0E, 0x00, 0xC0, 0x30, 0x60,
    0x06, 0x07, 0x06, 0x00, 0x3F, 0xF0, 0x7F, 0xE1, 0xFE, 0x03, 0xFF, 0x00, 0x00, 0x00, 0xCC, 0x00,
    0x18, 0x24, 0x00, 0x0C, 0x1E, 0x00, 0x06, 0x06, 0x00, 0x03, 0x00, 0x00, 0x01, 0x80, 0x00, 0x3C,
    0xCF, 0xFC, 0x3F, 0xE7, 0xFE, 0x38, 0xF0, 0x06, 0x38, 0x38, 0x06, 0x18, 0x0C, 0x07, 0x0C, 0x06,
    0x07, 0x06, 0x03, 0x07, 0x03, 0x01, 0x87, 0x01, 0xC1, 0xC3, 0x00, 0x71, 0xE3, 0x00, 0x1F, 0xF3,
    0xFF, 0x07, 0x99, 0xFF, 0x80, 0x30, 0x01, 0x8C, 0x00, 0x63, 0x00, 0x18, 0xC0, 0x06, 0x30, 0x01,
    0x8C, 0x00, 0x63, 0x00, 0x18, 0xC0, 0x06, 0x30, 0x01, 0x8C, 0x00, 0x63, 0x00, 0x18, 0xC0, 0x06,
    0x30, 0x01, 0x8C, 0x00, 0x63, 0xFF, 0x18, 0xFF, 0xC6, 0x00, 0x01, 0x80, 0x00, 0xE0, 0x00, 0xF0,
    0x00, 0x38, 0x00, 0x03, 0x18, 0x01, 0x8C, 0x00, 0xC6, 0x00, 0x03, 0x00, 0x01, 0x80, 0x18, 0xC0,
    0x0C, 0x60, 0x06, 0x30, 0x03, 0x18, 0x01, 0x8C, 0x00, 0xC6, 0x00, 0x63, 0x00, 0x31, 0x80, 0x18,
    0xC0, 0x0C, 0x7F, 0xE6, 0x3F, 0xF3, 0x00, 0x01, 0x80, 0x00, 0xC0, 0x00, 0x60, 0x00, 0xE0, 0x00,
    0x70, 0x33, 0x0C, 0xC3, 0x30, 0xC0, 0x30, 0x0C, 0xC3, 0x30, 0xCC, 0x33, 0x0C, 0xC3, 0x30, 0xCC,
    0x33, 0x0C, 0xC3, 0x30, 0xCC, 0x33, 0x00, 0xC0, 0x30, 0x0C, 0x0E, 0x03, 0x80, 0x38, 0x0C, 0x63,
    0xC0, 0xC6, 0x3C, 0x0C, 0x63, 0xE0, 0xC6, 0x36, 0x0C, 0x63, 0x30, 0xC6, 0x33, 0x0C, 0x63, 0x18,
    0xC6, 0x31, 0x8C, 0x63, 0x0C, 0xC6, 0x30, 0xCC, 0x63, 0x06, 0xC6, 0x30, 0x7C, 0x63, 0x03, 0xC6,
    0x30, 0x3C, 0x63, 0x01, 0xC6, 0x00, 0x00, 0x60, 0x00, 0x0E, 0x00, 0x03, 0xC0, 0x00, 0x38, 0x00,
    0x00, 0xC3, 0x80, 0xCC, 0x3C, 0x0C, 0xC3, 0xC0, 0xC0, 0x3E, 0x0C, 0x03, 0x60, 0xCC, 0x33, 0x0C,
    0xC3, 0x30, 0xCC, 0x31, 0x8C, 0xC3, 0x18, 0xCC, 0x30, 0xCC, 0xC3, 0x0C, 0xCC, 0x30, 0x6C, 0xC3,
    0x07, 0xCC, 0x30, 0x3C, 0xC3, 0x03, 0xCC, 0x30, 0x1C, 0xC0, 0x00, 0x0C, 0x00, 0x00, 0xC0, 0x00,
    0x0C, 0x00, 0x03, 0x80, 0x00, 0x38, 0x00, 0x03, 0x00, 0x00, 0xC0, 0x00, 0x30, 0x00, 0x00, 0x00,
    0x00, 0x0C, 0xF0, 0xC3, 0xFE, 0x30, 0xE1, 0xCC, 0x30, 0x33, 0x0C, 0x0C, 0xC3, 0x03, 0x30, 0xC0,
    0xCC, 0x30, 0x33, 0x0C, 0x0C, 0xC3, 0x03, 0x30, 0xC0, 0xCC, 0x30, 0x33, 0x00, 0x00, 0xC0, 0x00,
    0x30, 0x00, 0x0C, 0x00, 0x0E, 0x00, 0x03, 0x80, 0x0C, 0x60, 0x0D, 0x80, 0x0E, 0x00, 0x00, 0x00,
    0x00, 0x00, 0x70, 0x00, 0xE0, 0x03, 0x60, 0x06, 0xC0, 0x1D, 0xC0, 0x31, 0x80, 0x63, 0x01, 0x83,
    0x03, 0x06, 0x06, 0x0C, 0x1F, 0xFC, 0x3F, 0xF8, 0xE0, 0x39, 0x80, 0x33, 0x00, 0x6C, 0x00, 0x60,
    0x19, 0x80, 0x48, 0x03, 0xC0, 0x0C, 0x00, 0x00, 0x00, 0x00, 0x7E, 0x07, 0xF8, 0x20, 0xE0, 0x03,
    0x07, 0xF8, 0x7F, 0xC7, 0x06, 0x30, 0x31, 0x83, 0x8E, 0x3C, 0x3F, 0xE0, 0xF3, 0x00, 0x66, 0x3C,
    0x18, 0x00, 0x00, 0x18, 0x18, 0x18, 0x18, 0x18, 0x18, 0x18, 0x18, 0x18, 0x18, 0x18, 0x18, 0x18,
    0x18, 0x18, 0x18, 0x42, 0x24, 0x3C, 0x18, 0x00, 0x00, 0x18, 0x18, 0x18, 0x18, 0x18, 0x18, 0x18,
    0x18, 0x18, 0x18, 0x18, 0x18, 0x06, 0x30, 0x01, 0xB0, 0x00, 0x70, 0x00, 0x00, 0x00, 0x00, 0x00,
    0x1F, 0x00, 0x3F, 0xE0, 0x38, 0x38, 0x38, 0x0E, 0x18, 0x03, 0x18, 0x00, 0xCC, 0x00, 0x66, 0x00,
    0x33, 0x00, 0x19, 0x80, 0x0C, 0xC0, 0x06, 0x30, 0x06, 0x1C, 0x07, 0x07, 0x07, 0x01, 0xFF, 0x00,
    0x3E, 0x00, 0x18, 0xC0, 0x6C, 0x01, 0x40, 0x0E, 0x00, 0x00, 0x00, 0x00, 0x3E, 0x03, 0xF8, 0x38,
    0xE3, 0x83, 0x98, 0x0C, 0xC0, 0x66, 0x03, 0x30, 0x19, 0xC1, 0xC7, 0x1C, 0x1F, 0xC0, 0x7C, 0x00,
    0x06, 0x60, 0x03, 0xC0, 0x01, 0x80, 0x00, 0x00, 0x00, 0x00, 0x30, 0x0C, 0x30, 0x0C, 0x30, 0x0C,
    0x30, 0x0C, 0x30, 0x0C, 0x30, 0x0C, 0x30, 0x0C, 0x30, 0x0C, 0x30, 0x0C, 0x30, 0x0C, 0x30, 0x0C,
    0x30, 0x0C, 0x38, 0x1C, 0x1C, 0x38, 0x0F, 0xF0, 0x07, 0xE0, 0x08, 0x40, 0x12, 0x00, 0x78, 0x00,
    0xC0, 0x00, 0x00, 0x00, 0x03, 0x03, 0x0C, 0x0C, 0x30, 0x30, 0xC0, 0xC3, 0x03, 0x0C, 0x0C, 0x30,
    0x30, 0xC0, 0xC3, 0x03, 0x0E, 0x1C, 0x1F, 0xF0, 0x3C, 0xC0, 0x00, 0x00, 0x07, 0xE0, 0x06, 0x60,
    0x06, 0x60, 0x00, 0x00, 0x00, 0x00, 0x30, 0x0C, 0x30, 0x0C, 0x30, 0x0C, 0x30, 0x0C, 0x30, 0x0C,
    0x30, 0x0C, 0x30, 0x0C, 0x30, 0x0C, 0x30, 0x0C, 0x30, 0x0C, 0x30, 0x0C, 0x30, 0x0C, 0x38, 0x1C,
    0x1C, 0x38, 0x0F, 0xF0, 0x07, 0xE0, 0x1F, 0x80, 0x7E, 0x00, 0xCC, 0x03, 0x30, 0x00, 0x00, 0x00,
    0x00, 0x00, 0x0C, 0x0C, 0x30, 0x30, 0xC0, 0xC3, 0x03, 0x0C, 0x0C, 0x30, 0x30, 0xC0, 0xC3, 0x03,
    0x0C, 0x0C, 0x38, 0x70, 0x7F, 0xC0, 0xF3, 0x00, 0x00, 0x00, 0x00, 0x00, 0x00, 0x00, 0x00, 0x00,
    0x06, 0x60, 0x06, 0x60, 0x00, 0x00, 0x00, 0x00, 0x30, 0x0C, 0x30, 0x0C, 0x30, 0x0C, 0x30, 0x0C,
    0x30, 0x0C, 0x30, 0x0C, 0x30, 0x0C, 0x30, 0x0C, 0x30, 0x0C, 0x30, 0x0C, 0x30, 0x0C, 0x30, 0x0C,
    0x38, 0x1C, 0x1C, 0x38, 0x0F, 0xF0, 0x07, 0xE0, 0x00, 0xC0, 0x06, 0x00, 0x30, 0x00, 0x00, 0x19,
    0x80, 0x66, 0x00, 0x00, 0x00, 0x00, 0x00, 0x00, 0xC0, 0xC3, 0x03, 0x0C, 0x0C, 0x30, 0x30, 0xC0,
    0xC3, 0x03, 0x0C, 0x0C, 0x30, 0x30, 0xC0, 0xC3, 0x87, 0x07, 0xFC, 0x0F, 0x30, 0x00, 0x00, 0x00,
    0x00, 0x00, 0x00, 0x00, 0x00, 0x06, 0x60, 0x06, 0x60, 0x00, 0x00, 0x00, 0x00, 0x30, 0x0C, 0x30,
    0x0C, 0x30, 0x0C, 0x30, 0x0C, 0x30, 0x0C, 0x30, 0x0C, 0x30, 0x0C, 0x30, 0x0C, 0x30, 0x0C, 0x30,
    0x0C, 0x30, 0x0C, 0x30, 0x0C, 0x38, 0x1C, 0x1C, 0x38, 0x0F, 0xF0, 0x07, 0xE0, 0x18, 0xC0, 0x36,
    0x00, 0x70, 0x00, 0x00, 0x19, 0x80, 0x66, 0x00, 0x00, 0x00, 0x00, 0x00, 0x00, 0xC0, 0xC3, 0x03,
    0x0C, 0x0C, 0x30, 0x30, 0xC0, 0xC3, 0x03, 0x0C, 0x0C, 0x30, 0x30, 0xC0, 0xC3, 0x87, 0x07, 0xFC,
    0x0F, 0x30, 0x00, 0x00, 0x00, 0x00, 0x00, 0x00, 0x00, 0x00, 0x06, 0x60, 0x06, 0x60, 0x00, 0x00,
    0x00, 0x00, 0x30, 0x0C, 0x30, 0x0C, 0x30, 0x0C, 0x30, 0x0C, 0x30, 0x0C, 0x30, 0x0C, 0x30, 0x0C,
    0x30, 0x0C, 0x30, 0x0C, 0x30, 0x0C, 0x30, 0x0C, 0x30, 0x0C, 0x38, 0x1C, 0x1C, 0x38, 0x0F, 0xF0,
    0x07, 0xE0, 0x0C, 0x00, 0x18, 0x00, 0x30, 0x00, 0x00, 0x19, 0x80, 0x66, 0x00, 0x00, 0x00, 0x00,
    0x00, 0x00, 0xC0, 0xC3, 0x03, 0x0C, 0x0C, 0x30, 0x30, 0xC0, 0xC3, 0x03, 0x0C, 0x0C, 0x30, 0x30,
    0xC0, 0xC3, 0x87, 0x07, 0xFC, 0x0F, 0x30, 0x3F, 0x81, 0xFF, 0x04, 0x0E, 0x00, 0x0C, 0x00, 0x31,
    0xFF, 0xC7, 0xFF, 0x18, 0x0C, 0x60, 0x70, 0xC3, 0x83, 0xFC, 0x03, 0xE0, 0x00, 0x00, 0x1F, 0x80,
    0x33, 0x00, 0x66, 0x00, 0x00, 0x00, 0x00, 0x00, 0xE0, 0x01, 0xC0, 0x06, 0xC0, 0x0D, 0x80, 0x3B,
    0x80, 0x63, 0x00, 0xC6, 0x03, 0x06, 0x06, 0x0C, 0x0C, 0x18, 0x3F, 0xF8, 0x7F, 0xF1, 0xC0, 0x73,
    0x00, 0x66, 0x00, 0xD8, 0x00, 0xC0, 0x1F, 0x80, 0xFC, 0x06, 0x60, 0x33, 0x00, 0x00, 0x00, 0x00,
    0x00, 0x03, 0xF0, 0x3F, 0xC1, 0x07, 0x00, 0x18, 0x3F, 0xC3, 0xFE, 0x38, 0x31, 0x81, 0x8C, 0x1C,
    0x71, 0xE1, 0xFF, 0x07, 0x98, 0x00, 0x00, 0x1F, 0x80, 0x0C, 0x00, 0x18, 0x00, 0x00, 0x00, 0x00,
    0x00, 0xE0, 0x01, 0xC0, 0x06, 0xC0, 0x0D, 0x80, 0x3B, 0x80, 0x63, 0x00, 0xC6, 0x03, 0x06, 0x06,
    0x0C, 0x0C, 0x18, 0x3F, 0xF8, 0x7F, 0xF1, 0xC0, 0x73, 0x00, 0x66, 0x00, 0xD8, 0x00, 0xC0, 0x1F,
    0x80, 0xFC, 0x01, 0x80, 0x0C, 0x00, 0x00, 0x00, 0x00, 0x00, 0x03, 0xF0, 0x3F, 0xC1, 0x07, 0x00,
    0x18, 0x3F, 0xC3, 0xFE, 0x38, 0x31, 0x81, 0x8C, 0x1C, 0x71, 0xE1, 0xFF, 0x07, 0x98, 0x00, 0x3F,
    0x00, 0x01, 0xF8, 0x00, 0x00, 0x00, 0x03, 0xFF, 0xE0, 0x3F, 0xFF, 0x01, 0x98, 0x00, 0x1C, 0xC0,
    0x00, 0xC6, 0x00, 0x06, 0x30, 0x00, 0x61, 0x80, 0x03, 0x0F, 0xF8, 0x30, 0x7F, 0xC1, 0x83, 0x00,
    0x1F, 0xF8, 0x00, 0xFF, 0xC0, 0x06, 0x06, 0x00, 0x60, 0x30, 0x03, 0x01, 0xFF, 0xB0, 0x0F, 0xFC,
    0x01, 0xF8, 0x00, 0x07, 0xE0, 0x00, 0x00, 0x00, 0x00, 0x00, 0x00, 0x1F, 0x8F, 0x80, 0xFF, 0x7F,
    0x82, 0x0F, 0x86, 0x00, 0x1C, 0x0C, 0x1F, 0xE0, 0x30, 0xFF, 0xFF, 0xC7, 0x07, 0xFF, 0x18, 0x18,
    0x00, 0x60, 0x70, 0x01, 0xC3, 0xE0, 0x43, 0xF9, 0xFF, 0x07, 0x81, 0xF8, 0x03, 0xE0, 0x07, 0xFC,
    0x07, 0x03, 0x06, 0x00, 0x83, 0x00, 0x03, 0x00, 0x01, 0x80, 0x00, 0xC0, 0xFC, 0x60, 0x7E, 0x30,
    0x03, 0x18, 0x0F, 0xC6, 0x00, 0xC3, 0x80, 0x60, 0xE0, 0x70, 0x3F, 0xF0, 0x07, 0xE0, 0x0F, 0x30,
    0x7F, 0xC3, 0x8F, 0x1C, 0x1C, 0x60, 0x31, 0x80, 0xC6, 0x03, 0x18, 0x0C, 0x70, 0x70, 0xE3, 0xC1,
    0xFF, 0x03, 0xCC, 0x00, 0x30, 0x7F, 0xF2, 0x0E, 0x0F, 0xF8, 0x1F, 0x80, 0x02, 0x30, 0x01, 0xB0,
    0x00, 0x70, 0x00, 0x00, 0x00, 0x00, 0x00, 0x1F, 0x00, 0x3F, 0xE0, 0x38, 0x18, 0x30, 0x04, 0x18,
    0x00, 0x18, 0x00, 0x0C, 0x00, 0x06, 0x07, 0xE3, 0x03, 0xF1, 0x80, 0x18, 0xC0, 0x0C, 0x30, 0x06,
    0x1C, 0x03, 0x07, 0x03, 0x81, 0xFF, 0x80, 0x3F, 0x00, 0x18, 0xC0, 0x36, 0x00, 0x50, 0x01, 0xC0,
    0x00, 0x00, 0x00, 0x00, 0xF3, 0x07, 0xFC, 0x38, 0xF1, 0xC1, 0xC6, 0x03, 0x18, 0x0C, 0x60, 0x31,
    0x80, 0xC7, 0x07, 0x0E, 0x3C, 0x1F, 0xF0, 0x3C, 0xC0, 0x03, 0x00, 0x1C, 0x20, 0xE0, 0xFF, 0x01,
    0xF8, 0x00, 0x0C, 0x60, 0x0D, 0x80, 0x0E, 0x00, 0x00, 0x00, 0x00, 0x06, 0x07, 0x0C, 0x1C, 0x18,
    0x70, 0x31, 0xC0, 0x67, 0x00, 0xDC, 0x01, 0xF0, 0x03, 0xC0, 0x07, 0xC0, 0x0D, 0xC0, 0x19, 0xC0,
    0x31, 0xC0, 0x61, 0xC0, 0xC1, 0xC1, 0x81, 0xC3, 0x01, 0xC0, 0x43, 0x01, 0x98, 0x03, 0xC0, 0x00,
    0x00, 0x18, 0x00, 0x60, 0x01, 0x80, 0x06, 0x00, 0x18, 0x00, 0x60, 0xE1, 0x87, 0x06, 0x38, 0x19,
    0xC0, 0x7E, 0x01, 0xE0, 0x07, 0xC0, 0x1B, 0x80, 0x67, 0x01, 0x8E, 0x06, 0x1C, 0x18, 0x38, 0x03,
    0xE0, 0x07, 0xFC, 0x07, 0x07, 0x07, 0x01, 0xC3, 0x00, 0x63, 0x00, 0x19, 0x80, 0x0C, 0xC0, 0x06,
    0x60, 0x03, 0x30, 0x01, 0x98, 0x00, 0xC6, 0x00, 0xC3, 0x80, 0xE0, 0xE0, 0xE0, 0x3F, 0xE0, 0x07,
    0xC0, 0x00, 0x80, 0x00, 0xC0, 0x00, 0x78, 0x00, 0x1C, 0x00, 0x0F, 0x80, 0xFE, 0x0E, 0x38, 0xE0,
    0xE6, 0x03, 0x30, 0x19, 0x80, 0xCC, 0x06, 0x70, 0x71, 0xC7, 0x07, 0xF0, 0x1F, 0x00, 0x20, 0x03,
    0x00, 0x1E, 0x00, 0x70, 0x07, 0xE0, 0x03, 0xF0, 0x00, 0x00, 0x00, 0x7C, 0x00, 0xFF, 0x80, 0xE0,
    0xE0, 0xE0, 0x38, 0x60, 0x0C, 0x60, 0x03, 0x30, 0x01, 0x98, 0x00, 0xCC, 0x00, 0x66, 0x00, 0x33,
    0x00, 0x18, 0xC0, 0x18, 0x70, 0x1C, 0x1C, 0x1C, 0x07, 0xFC, 0x00, 0xF8, 0x00, 0x10, 0x00, 0x18,
    0x00, 0x0F, 0x00, 0x03, 0x80, 0x1F, 0x80, 0xFC, 0x00, 0x00, 0x00, 0x00, 0xF8, 0x0F, 0xE0, 0xE3,
    0x8E, 0x0E, 0x60, 0x33, 0x01, 0x98, 0x0C, 0xC0, 0x67, 0x07, 0x1C, 0x70, 0x7F, 0x01, 0xF0, 0x02,
    0x00, 0x30, 0x01, 0xE0, 0x07, 0x00, 0x0C, 0x60, 0x0D, 0x80, 0x0E, 0x00, 0x00, 0x00, 0x00, 0x07,
    0xFF, 0x0F, 0xFE, 0x00, 0x18, 0x00, 0x70, 0x01, 0xC0, 0x07, 0x00, 0x0C, 0x00, 0x3E, 0x00, 0x7F,
    0x00, 0x06, 0x00, 0x06, 0x00, 0x0C, 0x40, 0x18, 0xE0, 0x70, 0xFF, 0xC0, 0x7E, 0x00, 0x31, 0x80,
    0xD8, 0x02, 0x80, 0x1C, 0x00, 0x00, 0x00, 0x00, 0xFF, 0x87, 0xFC, 0x00, 0xC0, 0x0E, 0x00, 0xE0,
    0x0E, 0x00, 0xE0, 0x07, 0xC0, 0x3F, 0x00, 0x0C, 0x00, 0x30, 0x01, 0x80, 0x0C, 0x00, 0x64, 0x0E,
    0x3F, 0xF0, 0xFE, 0x00, 0x42, 0x24, 0x3C, 0x18, 0x00, 0x00, 0x18, 0x18, 0x18, 0x18, 0x18, 0x18,
    0x18, 0x18, 0x18, 0x18, 0x18, 0x18, 0x18, 0x18, 0x18, 0x70, 0x70, 0x3F, 0xC0, 0x7F, 0xFC, 0x7F,
    0xE0, 0xFF, 0xF8, 0xC0, 0xE0, 0x00, 0x61, 0x80, 0x60, 0x01, 0x83, 0x00, 0xE0, 0x07, 0x06, 0x00,
    0xC0, 0x1C, 0x0C, 0x01, 0x80, 0x70, 0x18, 0x03, 0x00, 0xC0, 0x30, 0x06, 0x03, 0x00, 0x60, 0x0C,
    0x0E, 0x00, 0xC0, 0x18, 0x38, 0x01, 0x80, 0x60, 0xE0, 0x03, 0x00, 0xC1, 0x80, 0x06, 0x07, 0x06,
    0x00, 0x0F, 0xFC, 0x1F, 0xFF, 0x1F, 0xE0, 0x3F, 0xFE, 0x3F, 0xC0, 0x00, 0x01, 0xFF, 0x80, 0x00,
    0x0C, 0x0E, 0x00, 0x00, 0x60, 0x18, 0x00, 0x03, 0x00, 0xE7, 0xFE, 0x18, 0x03, 0x3F, 0xF0, 0xC0,
    0x18, 0x03, 0x06, 0x00, 0xC0, 0x30, 0x30, 0x06, 0x03, 0x81, 0x80, 0x30, 0x38, 0x0C, 0x01, 0x83,
    0x80, 0x60, 0x18, 0x38, 0x03, 0x00, 0xC1, 0x80, 0x18, 0x1C, 0x18, 0x00, 0xFF, 0xC1, 0xFF, 0x87,
    0xF8, 0x0F, 0xFC, 0x00, 0x30, 0x00, 0x00, 0x18, 0x00, 0x00, 0x0C, 0x00, 0x00, 0x06, 0x00, 0x00,
    0x03, 0x00, 0x00, 0x79, 0x9F, 0xF8, 0x7F, 0xCF, 0xFC, 0x71, 0xE0, 0x0C, 0x70, 0x70, 0x0C, 0x30,
    0x18, 0x0E, 0x18, 0x0C, 0x0E, 0x0C, 0x06, 0x0E, 0x06, 0x03, 0x0E, 0x03, 0x83, 0x86, 0x00, 0xE3,
    0xC6, 0x00, 0x3F, 0xE7, 0xFE, 0x0F, 0x33, 0xFF, 0x00, 0x00, 0x60, 0x00, 0x60, 0x00, 0x60, 0x00,
    0x00, 0x00, 0x00, 0x00, 0x1F, 0x00, 0x3F, 0xE0, 0x38, 0x18, 0x30, 0x04, 0x18, 0x00, 0x18, 0x00,
    0x0C, 0x00, 0x06, 0x07, 0xE3, 0x03, 0xF1, 0x80, 0x18, 0xC0, 0x0C, 0x30, 0x06, 0x1C, 0x03, 0x07,
    0x03, 0x81, 0xFF, 0x80, 0x3F, 0x00, 0x01, 0x80, 0x0C, 0x00, 0x60, 0x03, 0x00, 0x00, 0x00, 0x00,
    0x00, 0xF3, 0x07, 0xFC, 0x38, 0xF1, 0xC1, 0xC6, 0x03, 0x18, 0x0C, 0x60, 0x31, 0x80, 0xC7, 0x07,
    0x0E, 0x3C, 0x1F, 0xF0, 0x3C, 0xC0, 0x03, 0x00, 0x1C, 0x20, 0xE0, 0xFF, 0x01, 0xF8, 0x00, 0x30,
    0x0C, 0x00, 0x30, 0x0C, 0x00, 0x30, 0x0C, 0x00, 0x30, 0x0C, 0x00, 0x30, 0x0C, 0x0C, 0x30, 0x0C,
    0x0C, 0x30, 0x0C, 0x0C, 0x3F, 0xFC, 0x0C, 0x3F, 0xFC, 0x0C, 0x30, 0x0C, 0x0C, 0x30, 0x0C, 0x0C,
    0x30, 0x0C, 0x0C, 0x30, 0x0C, 0x0C, 0x30, 0x0E, 0x1C, 0x30, 0x07, 0xF8, 0x30, 0x03, 0xF0, 0x33,
    0xF0, 0x6F, 0xF0, 0xF8, 0x71, 0xC0, 0x63, 0x00, 0xC6, 0x01, 0x8C, 0x02, 0x18, 0x0C, 0x30, 0x30,
    0x61, 0xC0, 0xCF, 0x01, 0xB8, 0x03, 0xE0, 0x07, 0x00, 0x0C, 0x00, 0x18, 0x00, 0x30, 0x00, 0x60,
    0x00, 0xC0, 0x01, 0x80, 0x03, 0x00, 0x00, 0x03, 0x00, 0x01, 0x80, 0x00, 0xC0, 0x00, 0x00, 0x00,
    0x00, 0x38, 0x0C, 0x3C, 0x0C, 0x3C, 0x0C, 0x3E, 0x0C, 0x36, 0x0C, 0x33, 0x0C, 0x33, 0x0C, 0x31,
    0x8C, 0x31, 0x8C, 0x30, 0xCC, 0x30, 0xCC, 0x30, 0x6C, 0x30, 0x7C, 0x30, 0x3C, 0x30, 0x3C, 0x30,
    0x1C, 0x06, 0x00, 0x0C, 0x00, 0x18, 0x00, 0x30, 0x00, 0x00, 0x00, 0x03, 0x3C, 0x0F, 0xF8, 0x38,
    0x70, 0xC0, 0xC3, 0x03, 0x0C, 0x0C, 0x30, 0x30, 0xC0, 0xC3, 0x03, 0x0C, 0x0C, 0x30, 0x30, 0xC0,
    0xC0, 0x03, 0x8C, 0x08, 0xB0, 0x20, 0xC0, 0x41, 0x00, 0xC6, 0x00, 0xF8, 0x01, 0xB0, 0x07, 0x70,
    0x0C, 0x60, 0x18, 0xC0, 0x71, 0xC0, 0xC1, 0x81, 0x83, 0x07, 0x07, 0x0C, 0x06, 0x1F, 0xFC, 0x7F,
    0xFC, 0xC0, 0x19, 0x80, 0x37, 0x00, 0x7C, 0x00, 0x60, 0x00, 0x18, 0x00, 0xC0, 0xF6, 0x06, 0x60,
    0x10, 0x80, 0x42, 0x01, 0x98, 0x03, 0xC0, 0x00, 0x00, 0x7E, 0x03, 0xFC, 0x08, 0x38, 0x00, 0x60,
    0x7F, 0x83, 0xFE, 0x1C, 0x18, 0x60, 0x61, 0x83, 0x87, 0x1E, 0x0F, 0xF8, 0x1E, 0x60, 0x00, 0x0C,
    0x00, 0x00, 0xC0, 0x00, 0x0C, 0x00, 0x00, 0x00, 0x00, 0x00, 0x00, 0x00, 0xFF, 0xF8, 0x0F, 0xFF,
    0xC0, 0x66, 0x00, 0x07, 0x30, 0x00, 0x31, 0x80, 0x01, 0x8C, 0x00, 0x18, 0x60, 0x00, 0xC3, 0xFE,
    0x0C, 0x1F, 0xF0, 0x60, 0xC0, 0x07, 0xFE, 0x00, 0x3F, 0xF0, 0x01, 0x81, 0x80, 0x18, 0x0C, 0x00,
    0xC0, 0x7F, 0xEC, 0x03, 0xFF, 0x00, 0x00, 0x18, 0x00, 0x00, 0xC0, 0x00, 0x06, 0x00, 0x00, 0x30,
    0x00, 0x00, 0x00, 0x00, 0x00, 0x00, 0x01, 0xF8, 0xF8, 0x0F, 0xF7, 0xF8, 0x20, 0xF8, 0x60, 0x01,
    0xC0, 0xC1, 0xFE, 0x03, 0x0F, 0xFF, 0xFC, 0x70, 0x7F, 0xF1, 0x81, 0x80, 0x06, 0x07, 0x00, 0x1C,
    0x3E, 0x04, 0x3F, 0x9F, 0xF0, 0x78, 0x1F, 0x80, 0x00, 0x60, 0x00, 0x60, 0x00, 0x60, 0x00, 0x00,
    0x00, 0x00, 0x00, 0x1F, 0x08, 0x3F, 0xE8, 0x38, 0x3C, 0x38, 0x0E, 0x18, 0x0F, 0x18, 0x0C, 0xCC,
    0x0C, 0x66, 0x0C, 0x33, 0x0C, 0x19, 0x8C, 0x0C, 0xCC, 0x06, 0x3C, 0x06, 0x1C, 0x07, 0x0F, 0x07,
    0x05, 0xFF, 0x06, 0x3E, 0x00, 0x00, 0x00, 0x01, 0x80, 0x18, 0x01, 0x80, 0x18, 0x00, 0x00, 0x00,
    0x08, 0x3E, 0x43, 0xFC, 0x38, 0xE3, 0x87, 0x98, 0x6C, 0xC6, 0x66, 0x63, 0x36, 0x19, 0xE1, 0xC7,
    0x1C, 0x3F, 0xC2, 0x7C, 0x10, 0x00, 0x19, 0x80, 0x19, 0x80, 0x00, 0x00, 0x00, 0x00, 0x38, 0x00,
    0x70, 0x01, 0xB0, 0x03, 0x60, 0x0E, 0xE0, 0x18, 0xC0, 0x31, 0x80, 0xC1, 0x81, 0x83, 0x03, 0x06,
    0x0F, 0xFE, 0x1F, 0xFC, 0x70, 0x1C, 0xC0, 0x19, 0x80, 0x36, 0x00, 0x30, 0x00, 0x00, 0x19, 0x80,
    0x66, 0x01, 0x10, 0x0C, 0xC0, 0x00, 0x00, 0x00, 0x7E, 0x07, 0xF8, 0x20, 0xE0, 0x03, 0x07, 0xF8,
    0x7F, 0xC7, 0x06, 0x30, 0x31, 0x83, 0x8E, 0x3C, 0x3F, 0xE0, 0xF3, 0x00, 0x07, 0xC0, 0x18, 0xC0,
    0x00, 0x00, 0x1C, 0x00, 0x38, 0x00, 0xD8, 0x01, 0xB0, 0x07, 0x70, 0x0C, 0x60, 0x18, 0xC0, 0x60,
    0xC0, 0xC1, 0x81, 0x83, 0x07, 0xFF, 0x0F, 0xFE, 0x38, 0x0E, 0x60, 0x0C, 0xC0, 0x1B, 0x00, 0x18,
    0x00, 0x00, 0x07, 0x00, 0x7C, 0x06, 0x30, 0x20, 0x80, 0x00, 0x00, 0x00, 0x7E, 0x07, 0xF8, 0x20,
    0xE0, 0x03, 0x07, 0xF8, 0x7F, 0xC7, 0x06, 0x30, 0x31, 0x83, 0x8E, 0x3C, 0x3F, 0xE0, 0xF3, 0x00,
    0x19, 0x80, 0x33, 0x00, 0x00, 0x00, 0x00, 0x3F, 0xF0, 0xFF, 0xC3, 0x00, 0x0C, 0x00, 0x30, 0x00,
    0xC0, 0x03, 0x00, 0x0F, 0xF8, 0x3F, 0xE0, 0xC0, 0x03, 0x00, 0x0C, 0x00, 0x30, 0x00, 0xC0, 0x03,
    0xFF, 0x0F, 0xFC, 0x00, 0x00, 0x19, 0x80, 0x33, 0x00, 0x44, 0x01, 0x98, 0x00, 0x00, 0x00, 0x00,
    0xF8, 0x07, 0xF8, 0x38, 0x61, 0xC0, 0xC6, 0x03, 0x1F, 0xFC, 0x7F, 0xF1, 0x80, 0x07, 0x00, 0x0E,
    0x04, 0x1F, 0xF0, 0x3F, 0x80, 0x07, 0xC0, 0x31, 0x80, 0x00, 0x0F, 0xFC, 0x3F, 0xF0, 0xC0, 0x03,
    0x00, 0x0C, 0x00, 0x30, 0x00, 0xC0, 0x03, 0xFE, 0x0F, 0xF8, 0x30, 0x00, 0xC0, 0x03, 0x00, 0x0C,
    0x00, 0x30, 0x00, 0xFF, 0xC3, 0xFF, 0x00, 0x00, 0x03, 0x80, 0x1F, 0x00, 0xC6, 0x02, 0x08, 0x00,
    0x00, 0x00, 0x00, 0xF8, 0x07, 0xF8, 0x38, 0x61, 0xC0, 0xC6, 0x03, 0x1F, 0xFC, 0x7F, 0xF1, 0x80,
    0x07, 0x00, 0x0E, 0x04, 0x1F, 0xF0, 0x3F, 0x80, 0x18, 0x4C, 0x00, 0x00, 0x30, 0x30, 0x30, 0x30,
    0x30, 0x30, 0x30, 0x30, 0x30, 0x30, 0x30, 0x30, 0x30, 0x30, 0x30, 0x30, 0x00, 0x4C, 0x66, 0x22,
    0x33, 0x00, 0x00, 0x18, 0x18, 0x18, 0x18, 0x18, 0x18, 0x18, 0x18, 0x18, 0x18, 0x18, 0x18, 0x7D,
    0x8C, 0x01, 0x83, 0x06, 0x0C, 0x18, 0x30, 0x60, 0xC1, 0x83, 0x06, 0x0C, 0x18, 0x30, 0x60, 0xC0,
    0x00, 0x1C, 0x3E, 0x63, 0x41, 0x00, 0x00, 0x18, 0x18, 0x18, 0x18, 0x18, 0x18, 0x18, 0x18, 0x18,
    0x18, 0x18, 0x18, 0x0C, 0xC0, 0x03, 0x30, 0x00, 0x00, 0x00, 0x00, 0x00, 0x3E, 0x00, 0x7F, 0xC0,
    0x70, 0x70, 0x70, 0x1C, 0x30, 0x06, 0x30, 0x01, 0x98, 0x00, 0xCC, 0x00, 0x66, 0x00, 0x33, 0x00,
    0x19, 0x80, 0x0C, 0x60, 0x0C, 0x38, 0x0E, 0x0E, 0x0E, 0x03, 0xFE, 0x00, 0x7C, 0x00, 0x00, 0x00,
    0x19, 0x80, 0x66, 0x01, 0x10, 0x0C, 0xC0, 0x00, 0x00, 0x00, 0x3E, 0x03, 0xF8, 0x38, 0xE3, 0x83,
    0x98, 0x0C, 0xC0, 0x66, 0x03, 0x30, 0x19, 0xC1, 0xC7, 0x1C, 0x1F, 0xC0, 0x7C, 0x00, 0x03, 0xE0,
    0x03, 0x18, 0x00, 0x00, 0x00, 0x7C, 0x00, 0xFF, 0x80, 0xE0, 0xE0, 0xE0, 0x38, 0x60, 0x0C, 0x60,
    0x03, 0x30, 0x01, 0x98, 0x00, 0xCC, 0x00, 0x66, 0x00, 0x33, 0x00, 0x18, 0xC0, 0x18, 0x70, 0x1C,
    0x1C, 0x1C, 0x07, 0xFC, 0x00, 0xF8, 0x00, 0x00, 0x00, 0x03, 0x80, 0x3E, 0x03, 0x18, 0x10, 0x40,
    0x00, 0x00, 0x00, 0x3E, 0x03, 0xF8, 0x38, 0xE3, 0x83, 0x98, 0x0C, 0xC0, 0x66, 0x03, 0x30, 0x19,
    0xC1, 0xC7, 0x1C, 0x1F, 0xC0, 0x7C, 0x00, 0x33, 0x00, 0x33, 0x00, 0x00, 0x00, 0x00, 0x03, 0xFC,
    0x07, 0xFC, 0x0C, 0x1C, 0x18, 0x18, 0x30, 0x30, 0x60, 0x60, 0xC1, 0xC1, 0xFF, 0x03, 0xFC, 0x06,
    0x1C, 0x0C, 0x18, 0x18, 0x18, 0x30, 0x30, 0x60, 0x30, 0xC0, 0x61, 0x80, 0x60, 0x00, 0x00, 0x66,
    0x0C, 0xC1, 0x10, 0x66, 0x00, 0x00, 0x03, 0x38, 0xFE, 0x38, 0x0E, 0x03, 0x00, 0xC0, 0x30, 0x0C,
    0x03, 0x00, 0xC0, 0x30, 0x0C, 0x00, 0x0F, 0x80, 0x31, 0x80, 0x00, 0x01, 0xFE, 0x03, 0xFE, 0x06,
    0x0E, 0x0C, 0x0C, 0x18, 0x18, 0x30, 0x30, 0x60, 0xE0, 0xFF, 0x81, 0xFE, 0x03, 0x0E, 0x06, 0x0C,
    0x0C, 0x0C, 0x18, 0x18, 0x30, 0x18, 0x60, 0x30, 0xC0, 0x30, 0x00, 0x00, 0x0E, 0x07, 0xC3, 0x18,
    0x82, 0x00, 0x00, 0x03, 0x38, 0xFE, 0x38, 0x0E, 0x03, 0x00, 0xC0, 0x30, 0x0C, 0x03, 0x00, 0xC0,
    0x30, 0x0C, 0x00, 0x0C, 0xC0, 0x06, 0x60, 0x00, 0x00, 0x00, 0x00, 0x30, 0x0C, 0x30, 0x0C, 0x30,
    0x0C, 0x30, 0x0C, 0x30, 0x0C, 0x30, 0x0C, 0x30, 0x0C, 0x30, 0x0C, 0x30, 0x0C, 0x30, 0x0C, 0x30,
    0x0C, 0x30, 0x0C, 0x38, 0x1C, 0x1C, 0x38, 0x0F, 0xF0, 0x07, 0xE0, 0x00, 0x00, 0x19, 0x80, 0x33,
    0x00, 0x44, 0x01, 0x98, 0x00, 0x00, 0x00, 0x03, 0x03, 0x0C, 0x0C, 0x30, 0x30, 0xC0, 0xC3, 0x03,
    0x0C, 0x0C, 0x30, 0x30, 0xC0, 0xC3, 0x03, 0x0E, 0x1C, 0x1F, 0xF0, 0x3C, 0xC0, 0x03, 0xE0, 0x06,
    0x30, 0x00, 0x00, 0x30, 0x0C, 0x30, 0x0C, 0x30, 0x0C, 0x30, 0x0C, 0x30, 0x0C, 0x30, 0x0C, 0x30,
    0x0C, 0x30, 0x0C, 0x30, 0x0C, 0x30, 0x0C, 0x30, 0x0C, 0x30, 0x0C, 0x38, 0x1C, 0x1C, 0x38, 0x0F,
    0xF0, 0x07, 0xE0, 0x00, 0x00, 0x03, 0x80, 0x1F, 0x00, 0xC6, 0x02, 0x08, 0x00, 0x00, 0x00, 0x03,
    0x03, 0x0C, 0x0C, 0x30, 0x30, 0xC0, 0xC3, 0x03, 0x0C, 0x0C, 0x30, 0x30, 0xC0, 0xC3, 0x03, 0x0E,
    0x1C, 0x1F, 0xF0, 0x3C, 0xC0, 0x0F, 0xC0, 0xFF, 0x87, 0x02, 0x18, 0x00, 0x60, 0x01, 0x80, 0x07,
    0x80, 0x0F, 0xE0, 0x0F, 0xE0, 0x01, 0xC0, 0x03, 0x00, 0x0C, 0x00, 0x31, 0x81, 0xC7, 0xFE, 0x07,
    0xE0, 0x00, 0x00, 0x00, 0x00, 0x30, 0x01, 0x80, 0x06, 0x00, 0x1F, 0x07, 0xF1, 0xC2, 0x30, 0x07,
    0x00, 0x7E, 0x03, 0xE0, 0x06, 0x00, 0xC8, 0x39, 0xFE, 0x1F, 0x80, 0x00, 0x00, 0x01, 0x80, 0x60,
    0x0C, 0x00, 0x7F, 0xFE, 0xFF, 0xFC, 0x06, 0x00, 0x0C, 0x00, 0x18, 0x00, 0x30, 0x00, 0x60, 0x00,
    0xC0, 0x01, 0x80, 0x03, 0x00, 0x06, 0x00, 0x0C, 0x00, 0x18, 0x00, 0x30, 0x00, 0x60, 0x00, 0xC0,
    0x00, 0x00, 0x00, 0x00, 0x06, 0x00, 0x18, 0x00, 0x30, 0x00, 0x30, 0x18, 0x0C, 0x0F, 0xE7, 0xF1,
    0x80, 0xC0, 0x60, 0x30, 0x18, 0x0C, 0x06, 0x03, 0x01, 0xF8, 0x7C, 0x00, 0x00, 0x03, 0x03, 0x01,
    0x80, 0x0F, 0xC0, 0xFF, 0x83, 0x07, 0x00, 0x0C, 0x00, 0x30, 0x01, 0xC0, 0x06, 0x00, 0x30, 0x03,
    0x80, 0x3F, 0x80, 0xC7, 0x00, 0x0C, 0x00, 0x30, 0x00, 0xC0, 0x07, 0x00, 0x18, 0x01, 0xC0, 0x0E,
    0x01, 0xF0, 0x0E, 0x00, 0x00, 0x00, 0x00, 0x00, 0x3F, 0x8E, 0x31, 0x03, 0x00, 0x60, 0x0C, 0x03,
    0x00, 0xC0, 0xFC, 0x30, 0xC0, 0x18, 0x03, 0x00, 0x60, 0x18, 0x06, 0x07, 0x83, 0xC0, 0x00, 0x00,
    0x00, 0x06, 0x30, 0x01, 0xB0, 0x00, 0x70, 0x00, 0x00, 0x00, 0x00, 0x01, 0x80, 0x60, 0xC0, 0x30,
    0x60, 0x18, 0x30, 0x0C, 0x18, 0x06, 0x0C, 0x03, 0x06, 0x01, 0x83, 0xFF, 0xC1, 0xFF, 0xE0, 0xC0,
    0x30, 0x60, 0x18, 0x30, 0x0C, 0x18, 0x06, 0x0C, 0x03, 0x06, 0x01, 0x83, 0x00, 0xC0, 0x43, 0x00,
    0xCC, 0x00, 0xF0, 0x00, 0x00, 0x01, 0x80, 0x03, 0x00, 0x06, 0x00, 0x0C, 0x00, 0x18, 0x00, 0x33,
    0xC0, 0x7F, 0xC0, 0xE1, 0xC1, 0x81, 0x83, 0x03, 0x06, 0x06, 0x0C, 0x0C, 0x18, 0x18, 0x30, 0x30,
    0x60, 0x60, 0xC0, 0xC1, 0x81, 0x80, 0x33, 0xE0, 0x37, 0xF8, 0x3C, 0x38, 0x38, 0x1C, 0x30, 0x0C,
    0x30, 0x0C, 0x30, 0x0C, 0x30, 0x0C, 0x30, 0x0C, 0x30, 0x0C, 0x30, 0x0C, 0x30, 0x0C, 0x30, 0x0C,
    0x30, 0x0C, 0x30, 0x0C, 0x30, 0x0C, 0x00, 0x0C, 0x00, 0x0C, 0x00, 0x0C, 0x00, 0x0C, 0x00, 0x00,
    0x00, 0x30, 0x00, 0x0C, 0x00, 0x03, 0x00, 0x00, 0xC0, 0x00, 0x30, 0x03, 0xEC, 0x01, 0xCF, 0x00,
    0xC1, 0xC0, 0x30, 0x30, 0x18, 0x0C, 0x06, 0x03, 0x01, 0x80, 0xC0, 0x60, 0x37, 0x8C, 0x0F, 0x63,
    0x07, 0xD8, 0x73, 0xEE, 0x0F, 0xBF, 0x00, 0x0C, 0x00, 0x07, 0x00, 0x01, 0xC0, 0x00, 0xE0, 0x70,
    0x61, 0x80, 0xC6, 0x01, 0x8C, 0x03, 0x0C, 0x0C, 0x0F, 0xF0, 0x1F, 0xE0, 0x60, 0x61, 0x80, 0x63,
    0x00, 0xC6, 0x01, 0x8E, 0x07, 0x0F, 0xFC, 0x07, 0xE0, 0x60, 0x63, 0x03, 0x18, 0x18, 0xC0, 0xC3,
    0x0C, 0x0F, 0xC0, 0xFF, 0x0E, 0x1C, 0x60, 0x63, 0x03, 0x18, 0x18, 0xE1, 0xC3, 0xFC, 0x0F, 0xC0,
    0x7F, 0xFC, 0xFF, 0xF8, 0x00, 0x60, 0x01, 0x80, 0x07, 0x00, 0x1C, 0x00, 0x70, 0x00, 0xC0, 0x03,
    0x00, 0x0E, 0x00, 0x38, 0x00, 0xE0, 0x01, 0x80, 0x06, 0x00, 0x1F, 0xFF, 0x3F, 0xFE, 0x00, 0x0C,
    0x00, 0x18, 0x00, 0x30, 0x07, 0xC0, 0x0F, 0x80, 0x7F, 0xE7, 0xFE, 0x00, 0xC0, 0x18, 0x03, 0x80,
    0x70, 0x0E, 0x01, 0xC0, 0x18, 0x03, 0x00, 0x7F, 0xE7, 0xFE, 0x00, 0x60, 0x06, 0x00, 0x60, 0xFC,
    0x0F, 0x80, 0x03, 0x00, 0x06, 0x00, 0x00, 0x00, 0x00, 0x00, 0x38, 0x00, 0x70, 0x01, 0xB0, 0x03,
    0x60, 0x0E, 0xE0, 0x18, 0xC0, 0x31, 0x80, 0xC1, 0x81, 0x83, 0x03, 0x06, 0x0F, 0xFE, 0x1F, 0xFC,
    0x70, 0x1C, 0xC0, 0x19, 0x80, 0x36, 0x00, 0x30, 0x06, 0x00, 0x30, 0x01, 0x80, 0x00, 0x00, 0x00,
    0x0F, 0xC0, 0xFF, 0x04, 0x1C, 0x00, 0x60, 0xFF, 0x0F, 0xF8, 0xE0, 0xC6, 0x06, 0x30, 0x71, 0xC7,
    0x87, 0xFC, 0x1E, 0x60, 0x3F, 0xF0, 0xFF, 0xC3, 0x00, 0x0C, 0x00, 0x30, 0x00, 0xC0, 0x03, 0x00,
    0x0F, 0xF8, 0x3F, 0xE0, 0xC0, 0x03, 0x00, 0x0C, 0x00, 0x30, 0x00, 0xC0, 0x03, 0xFF, 0x0F, 0xFC,
    0x01, 0x00, 0x06, 0x00, 0x78, 0x01, 0xC0, 0x0F, 0x80, 0x7F, 0x83, 0x86, 0x1C, 0x0C, 0x60, 0x31,
    0xFF, 0xC7, 0xFF, 0x18, 0x00, 0x70, 0x00, 0xE0, 0x41, 0xFF, 0x03, 0xF8, 0x02, 0x00, 0x0C, 0x00,
    0xF0, 0x03, 0x80, 0x00, 0x00, 0x03, 0xF0, 0x01, 0x98, 0x00, 0xCC, 0x00, 0x00, 0x00, 0x00, 0x00,
    0x0F, 0x80, 0x1F, 0xF0, 0x1C, 0x1C, 0x1C, 0x07, 0x0C, 0x01, 0x8C, 0x00, 0x66, 0x00, 0x33, 0x00,
    0x19, 0x80, 0x0C, 0xC0, 0x06, 0x60, 0x03, 0x18, 0x03, 0x0E, 0x03, 0x83, 0x83, 0x80, 0xFF, 0x80,
    0x1F, 0x00, 0x1F, 0x80, 0xFC, 0x03, 0x60, 0x1B, 0x00, 0x00, 0x00, 0x00, 0x00, 0x01, 0xF0, 0x1F,
    0xC1, 0xC7, 0x1C, 0x1C, 0xC0, 0x66, 0x03, 0x30, 0x19, 0x80, 0xCE, 0x0E, 0x38, 0xE0, 0xFE, 0x03,
    0xE0, 0x00, 0x00, 0x03, 0xF0, 0x00, 0xE4, 0x00, 0x9C, 0x00, 0x00, 0x00, 0x00, 0x00, 0x0F, 0x80,
    0x1F, 0xF0, 0x1C, 0x1C, 0x1C, 0x07, 0x0C, 0x01, 0x8C, 0x00, 0x66, 0x00, 0x33, 0x00, 0x19, 0x80,
    0x0C, 0xC0, 0x06, 0x60, 0x03, 0x18, 0x03, 0x0E, 0x03, 0x83, 0x83, 0x80, 0xFF, 0x80, 0x1F, 0x00,
    0x1F, 0x80, 0xFC, 0x03, 0x90, 0x27, 0x00, 0x00, 0x00, 0x00, 0x3E, 0x03, 0xF8, 0x38, 0xE3, 0x83,
    0x98, 0x0C, 0xC0, 0x66, 0x03, 0x30, 0x19, 0xC1, 0xC7, 0x1C, 0x1F, 0xC0, 0x7C, 0x00, 0x01, 0x80,
    0x00, 0xC0, 0x00, 0x00, 0x00, 0x00, 0x00, 0x3E, 0x00, 0x7F, 0xC0, 0x70, 0x70, 0x70, 0x1C, 0x30,
    0x06, 0x30, 0x01, 0x98, 0x00, 0xCC, 0x00, 0x66, 0x00, 0x33, 0x00, 0x19, 0x80, 0x0C, 0x60, 0x0C,
    0x38, 0x0E, 0x0E, 0x0E, 0x03, 0xFE, 0x00, 0x7C, 0x00, 0x06, 0x00, 0x30, 0x01, 0x80, 0x00, 0x00,
    0x00, 0x07, 0xC0, 0x7F, 0x07, 0x1C, 0x70, 0x73, 0x01, 0x98, 0x0C, 0xC0, 0x66, 0x03, 0x38, 0x38,
    0xE3, 0x83, 0xF8, 0x0F, 0x80, 0x00, 0x00, 0x03, 0xF0, 0x00, 0x60, 0x00, 0x30, 0x00, 0x00, 0x00,
    0x00, 0x00, 0x0F, 0x80, 0x1F, 0xF0, 0x1C, 0x1C, 0x1C, 0x07, 0x0C, 0x01, 0x8C, 0x00, 0x66, 0x00,
    0x33, 0x00, 0x19, 0x80, 0x0C, 0xC0, 0x06, 0x60, 0x03, 0x18, 0x03, 0x0E, 0x03, 0x83, 0x83, 0x80,
    0xFF, 0x80, 0x1F, 0x00, 0x1F, 0x80, 0xFC, 0x01, 0x80, 0x0C, 0x00, 0x60, 0x00, 0x00, 0x00, 0x01,
    0xF0, 0x1F, 0xC1, 0xC7, 0x1C, 0x1C, 0xC0, 0x66, 0x03, 0x30, 0x19, 0x80, 0xCE, 0x0E, 0x38, 0xE0,
    0xFE, 0x03, 0xE0, 0x0F, 0xC0, 0x1F, 0x80, 0x00, 0x03, 0x80, 0x73, 0x81, 0xC3, 0x03, 0x03, 0x0C,
    0x07, 0x38, 0x06, 0x60, 0x07, 0x80, 0x0F, 0x00, 0x0C, 0x00, 0x18, 0x00, 0x30, 0x00, 0x60, 0x00,
    0xC0, 0x01, 0x80, 0x03, 0x00, 0x06, 0x00, 0x1F, 0x80, 0xFC, 0x00, 0x00, 0x00, 0x06, 0x01, 0x98,
    0x18, 0xC0, 0xC7, 0x0E, 0x18, 0x60, 0xC3, 0x03, 0x30, 0x19, 0x80, 0x78, 0x03, 0xC0, 0x1E, 0x00,
    0x60, 0x03, 0x00, 0x30, 0x01, 0x80, 0x78, 0x03, 0xC0, 0x00, 0x30, 0x0C, 0x03, 0x00, 0xC0, 0x30,
    0x0C, 0x03, 0x00, 0xC0, 0x30, 0x0C, 0x03, 0x00, 0xC0, 0x37, 0x8F, 0x63, 0xD8, 0xEE, 0x3F, 0x0C,
    0x03, 0x00, 0x37, 0xE0, 0x07, 0x9C, 0x00, 0xE0, 0xC0, 0x18, 0x18, 0x03, 0x03, 0x00, 0x60, 0x60,
    0x0C, 0x0C, 0x01, 0x81, 0xBC, 0x30, 0x3D, 0x86, 0x07, 0xB0, 0xC0, 0xEE, 0x18, 0x1F, 0x80, 0x03,
    0x00, 0x00, 0x60, 0x00, 0x00, 0x00, 0x30, 0x06, 0x00, 0xC0, 0x3F, 0x87, 0xF0, 0x60, 0x0C, 0x01,
    0x80, 0x30, 0x06, 0x00, 0xDE, 0x1E, 0xC3, 0xD8, 0x77, 0x0F, 0xC1, 0x80, 0x30, 0x00, 0x00, 0x18,
    0x30, 0x60, 0xC1, 0x83, 0x06, 0x0C, 0x18, 0x30, 0x60, 0xC1, 0x83, 0x06, 0x38, 0x70, 0x00, 0x30,
    0x00, 0x00, 0xC0, 0x00, 0x03, 0x00, 0x00, 0x0C, 0x00, 0x00, 0x30, 0x00, 0x3C, 0xCF, 0x01, 0xFF,
    0xFE, 0x0E, 0x3F, 0x1C, 0x70, 0x78, 0x39, 0x80, 0xC0, 0x66, 0x03, 0x01, 0x98, 0x0C, 0x06, 0x60,
    0x30, 0x19, 0xC1, 0xE0, 0xE3, 0x8F, 0xC7, 0x07, 0xFF, 0xF8, 0x0F, 0x33, 0xC0, 0x0F, 0x33, 0xC0,
    0x7F, 0xFF, 0x83, 0x8F, 0xC7, 0x1C, 0x1E, 0x0E, 0x60, 0x30, 0x19, 0x80, 0xC0, 0x66, 0x03, 0x01,
    0x98, 0x0C, 0x06, 0x70, 0x78, 0x38, 0xE3, 0xF1, 0xC1, 0xFF, 0xFE, 0x03, 0xCC, 0xF0, 0x00, 0x30,
    0x00, 0x00, 0xC0, 0x00, 0x03, 0x00, 0x00, 0x0C, 0x00, 0x00, 0x30, 0x00, 0x00, 0x00, 0x01, 0xC3,
    0x00, 0xE3, 0x00, 0xDB, 0x00, 0x6F, 0x00, 0x37, 0x00, 0x31, 0x80, 0x19, 0xC0, 0x1D, 0xB0, 0x0D,
    0x98, 0x07, 0x8C, 0x07, 0xFF, 0x03, 0xFF, 0x81, 0xC0, 0xE1, 0xC0, 0x30, 0xC0, 0x18, 0x60, 0x0E,
    0x00, 0x00, 0x00, 0x00, 0x00, 0x07, 0xFE, 0x0F, 0x3C, 0x1C, 0x1C, 0x38, 0x10, 0x30, 0x30, 0x70,
    0x60, 0x70, 0xC0, 0x71, 0x80, 0x73, 0x00, 0x76, 0x00, 0x76, 0x00, 0x3C, 0x00, 0x38, 0x00, 0x3C,
    0x04, 0x6F, 0x3C, 0xC7, 0xF8, 0x00, 0x00, 0x00, 0x10, 0xFE, 0x1C, 0x63, 0x0C, 0x31, 0x86, 0x30,
    0x62, 0x06, 0x40, 0x6C, 0x03, 0x80, 0x30, 0x07, 0xC6, 0x4F, 0xEC, 0x00, 0x00, 0x00, 0x00, 0x30,
    0x01, 0x80, 0x0C, 0x00, 0x60, 0x03, 0x00, 0x18, 0x00, 0xC0, 0x1F, 0x80, 0xFC, 0x01, 0x80, 0x0C,
    0x00, 0x60, 0x03, 0x00, 0x18, 0x00, 0xFF, 0xC7, 0xFE, 0x00, 0x00, 0x7F, 0xFE, 0x7F, 0xFE, 0x01,
    0x98, 0x01, 0x90, 0x01, 0xB0, 0x01, 0xE0, 0x01, 0xC0, 0x01, 0x80, 0x03, 0x80, 0x03, 0x80, 0x07,
    0x80, 0x0D, 0x80, 0x19, 0x80, 0x31, 0x80, 0x61, 0x80, 0x41, 0x80, 0x00, 0x00, 0x1F, 0xC3, 0x8C,
    0x60, 0x06, 0x00, 0x70, 0x03, 0xF0, 0x0F, 0xC0, 0x0C, 0x00, 0xC0, 0x0C, 0x71, 0xC7, 0xF8, 0x0E,
    0x00, 0x70, 0x03, 0x80, 0x1C, 0x00, 0xE0, 0x00, 0x00, 0x00, 0x7F, 0xE7, 0xFE, 0x00, 0xC0, 0x18,
    0x03, 0x00, 0x60, 0x0E, 0x01, 0xC0, 0x38, 0x03, 0x00, 0x70, 0x07, 0x80, 0x1C, 0x00, 0xE0, 0x07,
    0x00, 0x38, 0x00, 0xF0, 0x00, 0x00, 0x00, 0x3F, 0xC3, 0xFF, 0x90, 0x0E, 0x00, 0x30, 0x01, 0x80,
    0x0C, 0x00, 0x60, 0x06, 0x07, 0xF0, 0x3E, 0x01, 0x80, 0x0C, 0x00, 0x60, 0x03, 0x00, 0x18, 0x00,
    0xC0, 0x3F, 0x0F, 0xF1, 0x07, 0x00, 0x60, 0x0C, 0x01, 0x80, 0x70, 0xFC, 0x1F, 0x03, 0x00, 0x60,
    0x0C, 0x00, 0x3F, 0xC0, 0x7F, 0xC0, 0xC1, 0xC1, 0x81, 0x83, 0x03, 0x06, 0x06, 0x0C, 0x1C, 0x1F,
    0xF0, 0x3F, 0xE0, 0x60, 0x63, 0xFC, 0x67, 0xF8, 0xC3, 0x01, 0x86, 0x07, 0x0F, 0xFC, 0x1F, 0xE0,
    0x30, 0x0C, 0x30, 0x0C, 0x30, 0x0C, 0x30, 0x0C, 0x30, 0x0C, 0x30, 0x0C, 0xFF, 0xFF, 0xFF, 0xFF,
    0x30, 0x0C, 0x30, 0x0C, 0x30, 0x0C, 0x30, 0x0C, 0x18, 0x18, 0x1C, 0x38, 0x0F, 0xF0, 0x07, 0xE0,
    0x03, 0x80, 0x07, 0x00, 0x1B, 0x00, 0x36, 0x00, 0xEE, 0x01, 0x8C, 0x03, 0x18, 0x0C, 0x18, 0x18,
    0x30, 0x30, 0x60, 0xC0, 0x61, 0x80, 0xC7, 0x01, 0xCC, 0x01, 0x98, 0x03, 0x60, 0x03, 0x00, 0x30,
    0x00, 0xC3, 0xFF, 0x0F, 0xFC, 0x30, 0x40, 0xC3, 0x03, 0x0C, 0x0C, 0x20, 0x31, 0x80, 0xFF, 0xC3,
    0x10, 0x0C, 0xC0, 0x33, 0x00, 0xC8, 0x03, 0x60, 0x0D, 0x80, 0x3F, 0xF8, 0xFF, 0xE0, 0xC0, 0x02,
    0x00, 0x00, 0x00, 0x00, 0x00, 0x00, 0x60, 0x03, 0x00, 0xFC, 0x07, 0x38, 0x31, 0xB0, 0xC6, 0xC6,
    0x33, 0x1F, 0xFC, 0x66, 0x01, 0x98, 0x03, 0x40, 0x0F, 0x00, 0x1C, 0x70, 0x7F, 0xC1, 0x80, 0x04,
    0x00, 0x00, 0x00, 0x00, 0x00, 0x0C, 0x06, 0x03, 0x01, 0x80, 0xC0, 0x60, 0x30, 0x7E, 0x3F, 0x06,
    0x03, 0x01, 0x80, 0xC0, 0x60, 0x30, 0x18, 0x0C, 0x0E, 0x0E, 0x06, 0x00, 0x18, 0x30, 0x60, 0x00,
    0x03, 0x06, 0x0C, 0x18, 0x31, 0xFB, 0xF1, 0x83, 0x06, 0x0C, 0x18, 0x30, 0x60, 0xC7, 0x0E, 0x00,
    0x07, 0xC6, 0x01, 0xFE, 0xC0, 0x70, 0xF8, 0x18, 0x07, 0x03, 0x00, 0xE0, 0xC0, 0x0C, 0x18, 0x01,
    0x83, 0x00, 0x30, 0x60, 0x06, 0x0C, 0x00, 0xC1, 0x80, 0x18, 0x18, 0x07, 0x03, 0x00, 0xE0, 0x38,
    0x7C, 0x03, 0xFD, 0x80, 0x3E, 0x30, 0x00, 0x06, 0x00, 0x00, 0xE0, 0x00, 0x0F, 0x00, 0x00, 0xE0,
    0x0F, 0x30, 0x3F, 0xE0, 0xE3, 0xC3, 0x83, 0x86, 0x03, 0x0C, 0x06, 0x18, 0x0C, 0x30, 0x18, 0x70,
    0x70, 0x71, 0xE0, 0x7F, 0xC0, 0x79, 0x80, 0x03, 0x00, 0x06, 0x00, 0x0C, 0x00, 0x0E, 0x00, 0x1C,
    0x3F, 0xC0, 0x7F, 0xC0, 0xC1, 0xC1, 0x81, 0x83, 0x03, 0x06, 0x06, 0x0C, 0x1C, 0x7F, 0xF0, 0xFF,
    0xC0, 0x61, 0xC0, 0xC1, 0x81, 0x81, 0x83, 0x03, 0x06, 0x03, 0x0C, 0x06, 0x18, 0x06, 0x33, 0x8F,
    0xE3, 0x80, 0xC0, 0x30, 0x3F, 0x0F, 0xC0, 0xC0, 0x30, 0x0C, 0x03, 0x00, 0xC0, 0x60, 0x18, 0xC0,
    0x61, 0xFF, 0xF3, 0xFF, 0xE1, 0x8C, 0x01, 0xB8, 0x03, 0xE0, 0x03, 0x80, 0x03, 0x00, 0x06, 0x00,
    0x0C, 0x00, 0x18, 0x00, 0x30, 0x00, 0x60, 0x00, 0xC0, 0x01, 0x80, 0x00, 0x00, 0x60, 0x33, 0x01,
    0x8C, 0x18, 0x60, 0xC1, 0x8E, 0x7F, 0xFC, 0x63, 0x01, 0xB0, 0x0D, 0x80, 0x3C, 0x01, 0xC0, 0x0E,
    0x00, 0x60, 0x03, 0x00, 0x30, 0x07, 0x80, 0x30, 0x00, 0x00, 0x00, 0x33, 0xC1, 0xFF, 0x0F, 0x1C,
    0x70, 0x63, 0x03, 0x18, 0x38, 0xFF, 0x87, 0xF8, 0x30, 0x01, 0xC1, 0x07, 0xF8, 0x1F, 0x80, 0x0F,
    0x30, 0x7F, 0xC3, 0x8F, 0x1C, 0x1C, 0x60, 0x31, 0x80, 0xC6, 0x03, 0x18, 0x0C, 0x70, 0x70, 0xE3,
    0xC1, 0xFF, 0x03, 0xCC, 0x33, 0xC0, 0xFF, 0x83, 0xC7, 0x0E, 0x0E, 0x30, 0x18, 0xC0, 0x63, 0x01,
    0x8C, 0x06, 0x38, 0x38, 0xF1, 0xC3, 0xFE, 0x0C, 0xF0, 0x0F, 0x00, 0x7C, 0x03, 0x80, 0x0C, 0x00,
    0x30, 0x00, 0xCF, 0x03, 0xFE, 0x0F, 0x1C, 0x38, 0x38, 0xC0, 0x63, 0x01, 0x8C, 0x06, 0x30, 0x18,
    0xE0, 0xE3, 0xC7, 0x0F, 0xF8, 0x33, 0xC0, 0x3F, 0x07, 0xF8, 0x41, 0xC0, 0x0E, 0x00, 0x60, 0x06,
    0x00, 0x60, 0x06, 0x00, 0xE4, 0x1C, 0x7F, 0x83, 0xF0, 0x07, 0xC1, 0xFE, 0x38, 0x23, 0x00, 0x60,
    0x06, 0x00, 0x60, 0x06, 0x3C, 0x77, 0xE3, 0xC6, 0x3F, 0xE1, 0xFC, 0x08, 0x00, 0x80, 0x00, 0x30,
    0x00, 0x60, 0x00, 0xC0, 0x01, 0x80, 0x03, 0x01, 0xE6, 0x07, 0xFC, 0x1C, 0x78, 0x70, 0x70, 0xC0,
    0x61, 0x80, 0xC3, 0x01, 0x86, 0x03, 0x0E, 0x0E, 0x0E, 0x3C, 0x0F, 0xF8, 0x0F, 0x30, 0x00, 0x60,
    0x00, 0xC0, 0x01, 0x80, 0x01, 0xC0, 0x03, 0x80, 0x00, 0x0F, 0x00, 0x1F, 0x00, 0x30, 0x00, 0x30,
    0x00, 0x30, 0x0F, 0x30, 0x1F, 0xF0, 0x38, 0xF0, 0x70, 0x70, 0x60, 0x30, 0x60, 0x30, 0x60, 0x30,
    0x60, 0x30, 0x70, 0x70, 0x38, 0xF0, 0x1F, 0xF0, 0x0F, 0x30, 0x0F, 0x80, 0xFF, 0x03, 0x0E, 0x18,
    0x1C, 0x60, 0x31, 0xFF, 0xC7, 0xFF, 0x00, 0x0C, 0x00, 0x71, 0x03, 0x87, 0xFC, 0x0F, 0xE0, 0x3F,
    0x81, 0xFF, 0x04, 0x0E, 0x00, 0x0C, 0x00, 0x31, 0xFF, 0xC7, 0xFF, 0x18, 0x0C, 0x60, 0x70, 0xC3,
    0x83, 0xFC, 0x03, 0xE0, 0x3F, 0x80, 0x1F, 0xF3, 0x84, 0x07, 0xE0, 0x01, 0xF8, 0x01, 0xF6, 0x01,
    0xED, 0xE1, 0xE3, 0x38, 0xF0, 0xC0, 0x70, 0x70, 0x0C, 0x38, 0x03, 0xFC, 0x00, 0x3E, 0x00, 0x1F,
    0x83, 0xFC, 0x70, 0x46, 0x00, 0x30, 0x01, 0xF0, 0x3F, 0x07, 0x00, 0x60, 0x07, 0x04, 0x3F, 0xC1,
    0xF8, 0x3F, 0x07, 0xF8, 0x41, 0xC0, 0x0C, 0x01, 0x81, 0xF0, 0x1F, 0x80, 0x1C, 0x00, 0xC4, 0x1C,
    0x7F, 0x83, 0xF0, 0x3F, 0x00, 0x3F, 0xC7, 0x10, 0x7F, 0x80, 0x1C, 0xC0, 0x1C, 0x60, 0xF8, 0x3C,
    0x7E, 0x0E, 0x03, 0x80, 0x00, 0xC0, 0x20, 0xE0, 0x1F, 0xE0, 0x07, 0xE0, 0x00, 0x07, 0xE0, 0x3F,
    0xE0, 0xE0, 0xE3, 0x80, 0xC6, 0x03, 0x8C, 0x7E, 0x18, 0xFC, 0x30, 0x1C, 0x70, 0x18, 0x70, 0x70,
    0x7F, 0xC0, 0x7F, 0x00, 0x18, 0x30, 0x60, 0xC1, 0x8F, 0xDF, 0x8C, 0x18, 0x30, 0x60, 0xC1, 0x83,
    0x06, 0x38, 0x70, 0x00, 0x0F, 0x00, 0x1F, 0x00, 0x30, 0x00, 0x30, 0x00, 0x30, 0x0F, 0x30, 0x1F,
    0xF0, 0x38, 0xF0, 0x70, 0x70, 0x60, 0x30, 0x60, 0x30, 0x60, 0x30, 0x60, 0x30, 0x70, 0x70, 0x38,
    0xF0, 0x1F, 0xF0, 0x0F, 0x30, 0x00, 0x30, 0x00, 0x70, 0x20, 0xE0, 0x3F, 0xC0, 0x1F, 0x80, 0x0F,
    0xF0, 0xFF, 0xC3, 0x03, 0x1C, 0x0C, 0x60, 0x31, 0x80, 0xC6, 0x03, 0x18, 0x0C, 0x70, 0x70, 0xE3,
    0xC1, 0xFF, 0x03, 0xCC, 0x00, 0x30, 0x01, 0xC2, 0x0E, 0x0F, 0xF0, 0x1F, 0x80, 0x0F, 0xC0, 0x7F,
    0x83, 0x82, 0x1C, 0x00, 0x60, 0x01, 0x83, 0xC6, 0x0F, 0x18, 0x0C, 0x70, 0x30, 0xE0, 0xC1, 0xFF,
    0x03, 0xF0, 0x60, 0x61, 0x86, 0x0C, 0x30, 0x33, 0x01, 0x98, 0x0F, 0xC0, 0x3C, 0x01, 0xE0, 0x06,
    0x00, 0x78, 0x03, 0xC0, 0x1E, 0x01, 0x98, 0x0C, 0xC0, 0x66, 0x03, 0xF0, 0x0F, 0x00, 0x70, 0xE1,
    0xCE, 0x06, 0x60, 0x1E, 0x00, 0xF0, 0x03, 0x00, 0x3C, 0x01, 0xE0, 0x19, 0x80, 0xCC, 0x07, 0xE0,
    0x1E, 0x00, 0x30, 0x30, 0xC0, 0xC3, 0x03, 0x0C, 0x0C, 0x30, 0x30, 0xC0, 0xC3, 0x03, 0x0C, 0x0C,
    0x30, 0x30, 0xE1, 0xC1, 0xFF, 0x03, 0xCC, 0x00, 0x30, 0x00, 0xC0, 0x03, 0x00, 0x0C, 0x00, 0x30,
    0x0F, 0x00, 0x7C, 0x03, 0x00, 0x0C, 0x00, 0x30, 0x00, 0xCF, 0x03, 0xFE, 0x0E, 0x1C, 0x30, 0x30,
    0xC0, 0xC3, 0x03, 0x0C, 0x0C, 0x30, 0x30, 0xC0, 0xC3, 0x03, 0x0C, 0x0C, 0x30, 0x30, 0x0F, 0x00,
    0x7C, 0x03, 0x00, 0x0C, 0x00, 0x30, 0x00, 0xCF, 0x03, 0xFE, 0x0E, 0x1C, 0x38, 0x30, 0xC0, 0xC3,
    0x03, 0x0C, 0x0C, 0x30, 0x30, 0xC0, 0xC3, 0x03, 0x0C, 0x0C, 0x30, 0x30, 0x00, 0xC0, 0x03, 0x00,
    0x0C, 0x03, 0xE0, 0x0F, 0x00, 0x30, 0xC3, 0x00, 0x00, 0xC3, 0x0C, 0x30, 0xCF, 0xFF, 0x30, 0xC3,
    0x0C, 0x30, 0x30, 0x60, 0xC1, 0x83, 0x06, 0x0C, 0x18, 0x30, 0x60, 0x78, 0x70, 0x7E, 0x7E, 0x18,
    0x18, 0x18, 0x18, 0x18, 0x18, 0x18, 0x18, 0x7E, 0x7E, 0x18, 0x0C, 0x06, 0x03, 0x01, 0x80, 0xC0,
    0x60, 0x30, 0x3A, 0x2D, 0x17, 0x03, 0x01, 0x80, 0xC0, 0x60, 0x30, 0x18, 0x00, 0x06, 0x00, 0xC0,
    0x18, 0x03, 0x00, 0x60, 0x7C, 0x1F, 0x83, 0x30, 0x7F, 0xC7, 0xF8, 0x18, 0x03, 0x00, 0x60, 0x0C,
    0x01, 0x80, 0x30, 0x06, 0x00, 0x30, 0x60, 0xC1, 0x83, 0x06, 0x0C, 0x18, 0x30, 0x60, 0xC1, 0x83,
    0x06, 0x0C, 0x18, 0x30, 0x60, 0xC1, 0x81, 0xC3, 0x80, 0x30, 0x00, 0x30, 0x00, 0x30, 0x00, 0x30,
    0x00, 0x30, 0x00, 0x3F, 0xF8, 0x3F, 0xF8, 0x30, 0x30, 0x30, 0x70, 0x30, 0xE0, 0x31, 0xC0, 0x33,
    0x80, 0x33, 0xE0, 0x33, 0xF0, 0x30, 0x18, 0x30, 0x0C, 0x30, 0x0C, 0x00, 0x0C, 0x00, 0x0C, 0x10,
    0x38, 0x1F, 0xF8, 0x0F, 0xE0, 0x30, 0x30, 0x31, 0x81, 0x81, 0x8C, 0x0C, 0x0C, 0x60, 0x60, 0x63,
    0x03, 0x03, 0x18, 0x18, 0x18, 0xC0, 0xC0, 0xC6, 0x06, 0x06, 0x30, 0x30, 0x31, 0xC3, 0xC3, 0x87,
    0xF7, 0xFC, 0x1E, 0x1E, 0x60, 0x30, 0x30, 0x31, 0x81, 0x81, 0x8C, 0x0C, 0x0C, 0x60, 0x60, 0x63,
    0x03, 0x03, 0x18, 0x18, 0x18, 0xC0, 0xC0, 0xC6, 0x06, 0x06, 0x30, 0x30, 0x31, 0xC3, 0xC3, 0x87,
    0xF7, 0xFC, 0x1E, 0x1E, 0x60, 0x00, 0x03, 0x00, 0x00, 0x18, 0x00, 0x00, 0xC0, 0x00, 0x06, 0x00,
    0x00, 0x30, 0x33, 0xC3, 0xC1, 0xFF, 0x7F, 0x0E, 0x1E, 0x1C, 0x60, 0x60, 0x63, 0x03, 0x03, 0x18,
    0x18, 0x18, 0xC0, 0xC0, 0xC6, 0x06, 0x06, 0x30, 0x30, 0x31, 0x81, 0x81, 0x8C, 0x0C, 0x0C, 0x60,
    0x60, 0x60, 0x00, 0x03, 0x00, 0x00, 0x18, 0x00, 0x00, 0xC0, 0x00, 0x7C, 0x00, 0x03, 0xE0, 0x19,
    0xE0, 0x3F, 0xE0, 0x70, 0xE0, 0xC0, 0xC1, 0x81, 0x83, 0x03, 0x06, 0x06, 0x0C, 0x0C, 0x18, 0x18,
    0x30, 0x30, 0x60, 0x60, 0xC0, 0xC1, 0x80, 0x03, 0x00, 0x06, 0x00, 0x38, 0x00, 0x70, 0x00, 0x33,
    0xC0, 0x7F, 0xC0, 0xE1, 0xC1, 0x81, 0x83, 0x03, 0x06, 0x06, 0x0C, 0x0C, 0x18, 0x18, 0x30, 0x30,
    0x60, 0x60, 0xC0, 0xC1, 0x81, 0x80, 0x03, 0x00, 0x06, 0x00, 0x0C, 0x00, 0x0E, 0x00, 0x1C, 0x38,
    0x30, 0xF0, 0xC3, 0xC3, 0x0F, 0x8C, 0x36, 0x30, 0xCC, 0xC3, 0x33, 0x0C, 0x6C, 0x31, 0xF0, 0xC3,
    0xC3, 0x0F, 0x0C, 0x1C, 0x0F, 0x80, 0xFE, 0x0C, 0x18, 0xC0, 0x67, 0xFF, 0x3F, 0xF9, 0x80, 0xCC,
    0x06, 0x70, 0x71, 0xC7, 0x07, 0xF0, 0x1F, 0x00, 0x07, 0xFF, 0x83, 0xFF, 0xF0, 0xE1, 0x80, 0x18,
    0x30, 0x06, 0x06, 0x00, 0xC0, 0xFF, 0x18, 0x1F, 0xE3, 0x03, 0x00, 0x70, 0x60, 0x07, 0x0C, 0x00,
    0x7F, 0xFE, 0x03, 0xFF, 0xC0, 0x0F, 0xC0, 0x1F, 0xE0, 0x38, 0x70, 0x30, 0x30, 0x60, 0x18, 0x63,
    0x18, 0x63, 0x18, 0x63, 0x18, 0x63, 0x18, 0x77, 0xB8, 0x3E, 0xF0, 0x1C, 0xE0, 0x03, 0x00, 0x06,
    0x00, 0x0C, 0x00, 0x18, 0x00, 0x30, 0x01, 0xF8, 0x07, 0xF8, 0x19, 0x98, 0x73, 0x38, 0xC6, 0x31,
    0x8C, 0x63, 0x18, 0xC6, 0x31, 0x8E, 0x67, 0x0C, 0xCC, 0x0F, 0xF0, 0x0F, 0xC0, 0x06, 0x00, 0x0C,
    0x00, 0x18, 0x00, 0x30, 0x00, 0x60, 0x00, 0x0C, 0x06, 0x03, 0x01, 0x80, 0xC0, 0x60, 0x30, 0x18,
    0x1C, 0x0E, 0x3F, 0x19, 0x80, 0x0C, 0x06, 0x03, 0x01, 0x80, 0xC0, 0x60, 0x30, 0x18, 0x0C, 0x06,
    0x03, 0x01, 0x80, 0xC0, 0xE0, 0x71, 0xF8, 0xCC, 0x00, 0x0C, 0x03, 0x00, 0xC0, 0x30, 0x0C, 0x03,
    0x00, 0xC0, 0x30, 0x1C, 0x07, 0x0F, 0xC3, 0x30, 0x0C, 0x03, 0x00, 0xC0, 0x1C, 0x07, 0x00, 0x33,
    0x8F, 0xE3, 0x80, 0xE0, 0x30, 0x0C, 0x03, 0x00, 0xC0, 0x30, 0x0C, 0x03, 0x00, 0xC0, 0x30, 0x0C,
    0x03, 0x00, 0xC0, 0x30, 0x00, 0x33, 0x8F, 0xE3, 0x80, 0xE0, 0x30, 0x0C, 0x03, 0x00, 0xC0, 0x30,
    0x0C, 0x03, 0x00, 0xC0, 0x30, 0x0C, 0x03, 0x00, 0x7C, 0x1F, 0x00, 0x00, 0x07, 0x80, 0xF8, 0x1C,
    0x01, 0x80, 0x18, 0x01, 0x80, 0x18, 0x01, 0x80, 0x18, 0x01, 0x80, 0x7E, 0x07, 0xE0, 0x3C, 0x03,
    0xE0, 0x03, 0x00, 0x30, 0x03, 0x00, 0x30, 0x03, 0x00, 0x30, 0x03, 0x00, 0x30, 0x0F, 0xC0, 0xFC,
    0x3F, 0x81, 0xFE, 0x0C, 0x38, 0x60, 0xC3, 0x0E, 0x1F, 0xE0, 0xFE, 0x06, 0x18, 0x30, 0xE1, 0x83,
    0x0C, 0x0C, 0x60, 0x70, 0x30, 0x39, 0x81, 0x8C, 0x18, 0x60, 0xC3, 0x0C, 0x1F, 0xC0, 0xFF, 0x06,
    0x1C, 0x30, 0x61, 0x87, 0x0F, 0xF0, 0x7F, 0x00, 0x1F, 0x07, 0xF1, 0xC2, 0x30, 0x07, 0x00, 0x7E,
    0x03, 0xE0, 0x06, 0x00, 0xC8, 0x39, 0xFE, 0x3F, 0x86, 0x00, 0xC0, 0x18, 0x01, 0xF0, 0x1E, 0x00,
    0x07, 0x87, 0xC6, 0x03, 0x01, 0x80, 0xC0, 0x60, 0x30, 0x18, 0x0C, 0x06, 0x03, 0x01, 0x80, 0xC0,
    0x60, 0x30, 0x18, 0x0C, 0x06, 0x03, 0x07, 0x03, 0x80, 0x07, 0x87, 0xC6, 0x03, 0x01, 0x83, 0xC1,
    0xE0, 0x30, 0x18, 0x0C, 0x06, 0x0F, 0xC7, 0xE0, 0xC0, 0x60, 0x30, 0x18, 0x0C, 0x06, 0x03, 0x07,
    0x83, 0x80, 0x78, 0x1F, 0x00, 0x60, 0x18, 0x06, 0x01, 0x80, 0x60, 0x18, 0x06, 0x01, 0x80, 0x60,
    0x18, 0x06, 0x01, 0x80, 0x60, 0x0E, 0x03, 0x80, 0x01, 0xE0, 0x7C, 0x18, 0x03, 0x00, 0x60, 0x0C,
    0x01, 0x80, 0x30, 0x06, 0x00, 0xC0, 0x18, 0x03, 0x00, 0x60, 0x0C, 0x01, 0x80, 0x30, 0x06, 0x03,
    0xF0, 0x7E, 0x03, 0x01, 0xC0, 0x30, 0x00, 0x7C, 0x3F, 0x01, 0x80, 0xC0, 0x60, 0x30, 0x18, 0x0C,
    0x06, 0x03, 0x1F, 0xCF, 0xE0, 0x60, 0x30, 0x18, 0x30, 0x18, 0x0C, 0x0F, 0xE7, 0xF1, 0x80, 0xC0,
    0x60, 0x30, 0x18, 0x0C, 0x06, 0x03, 0x01, 0x80, 0xC0, 0x60, 0x30, 0x18, 0x07, 0xC1, 0xE0, 0x30,
    0x30, 0xC0, 0xC3, 0x03, 0x0C, 0x0C, 0x30, 0x33, 0xFF, 0xFF, 0xFF, 0xCC, 0x0C, 0x30, 0x30, 0xE1,
    0xC1, 0xFF, 0x03, 0xCC, 0x3C, 0x78, 0xF1, 0xE0, 0xC6, 0x06, 0x0C, 0x38, 0x38, 0xC0, 0x63, 0x01,
    0x8C, 0x06, 0x30, 0x18, 0x71, 0xC0, 0xFE, 0x01, 0xF0, 0x31, 0x81, 0x8E, 0x0C, 0x38, 0x60, 0xE3,
    0x03, 0x18, 0x18, 0xC0, 0xC6, 0x06, 0x30, 0x71, 0x87, 0x07, 0xF0, 0x1F, 0x00, 0x07, 0x80, 0x3C,
    0x01, 0xE0, 0x19, 0x80, 0xCC, 0x06, 0x60, 0x61, 0x83, 0x0C, 0x30, 0x31, 0x81, 0x8C, 0x0C, 0xC0,
    0x30, 0x00, 0x00, 0x0E, 0x1C, 0x03, 0x87, 0x01, 0xE1, 0xE0, 0x78, 0x78, 0x1B, 0x36, 0x06, 0xCD,
    0x83, 0xB3, 0x30, 0xCC, 0xCC, 0x31, 0xE3, 0x0C, 0x78, 0xC6, 0x1E, 0x19, 0x87, 0x86, 0x00, 0xF0,
    0x0F, 0x80, 0x60, 0x07, 0x00, 0x30, 0x01, 0x80, 0x1C, 0x00, 0xF0, 0x0F, 0x80, 0x66, 0x03, 0x30,
    0x31, 0xC1, 0x86, 0x1C, 0x30, 0xC0, 0xC6, 0x06, 0x60, 0x18, 0x70, 0x71, 0x87, 0x0E, 0x30, 0x33,
    0x00, 0xF8, 0x07, 0x80, 0x18, 0x00, 0xC0, 0x06, 0x00, 0x30, 0x01, 0x80, 0x0C, 0x00, 0x7F, 0xE1,
    0xFF, 0x80, 0x0C, 0x00, 0x60, 0x03, 0x80, 0x1C, 0x00, 0xE0, 0x07, 0x00, 0x18, 0x00, 0xC0, 0x07,
    0xFE, 0x1F, 0xF8, 0x00, 0x60, 0x01, 0x80, 0x06, 0x00, 0x1E, 0x00, 0x38, 0x7F, 0xE7, 0xFE, 0x00,
    0xC0, 0x18, 0x03, 0x80, 0x70, 0x0F, 0xC1, 0xFE, 0x1E, 0x63, 0x66, 0x7F, 0xC7, 0xF8, 0x06, 0x00,
    0x3F, 0xE1, 0xFF, 0x00, 0x30, 0x03, 0x80, 0x38, 0x03, 0x80, 0x38, 0x01, 0xF0, 0x0F, 0xC0, 0x03,
    0x00, 0x0C, 0x00, 0x60, 0x03, 0x00, 0x19, 0x03, 0x8F, 0xFC, 0x3F, 0x80, 0x7F, 0xE3, 0xFF, 0x00,
    0x30, 0x03, 0x00, 0x30, 0x03, 0x00, 0x30, 0x01, 0xF0, 0x0F, 0xC0, 0x07, 0x00, 0x18, 0x00, 0xC1,
    0xFE, 0x1F, 0xF0, 0xC7, 0xC7, 0xFE, 0x1E, 0x10, 0x00, 0x00, 0x3E, 0x0F, 0xF1, 0x06, 0x00, 0x60,
    0x0C, 0x01, 0x80, 0x30, 0x0C, 0x0F, 0x81, 0xC0, 0x30, 0x06, 0x00, 0xC0, 0x18, 0x03, 0x00, 0x60,
    0x0C, 0x00, 0x0F, 0x87, 0xF8, 0xC1, 0x30, 0x06, 0x00, 0xC0, 0x18, 0x01, 0x80, 0x3E, 0x01, 0xC0,
    0x18, 0x03, 0x00, 0x60, 0x0C, 0x01, 0x80, 0x30, 0x06, 0x00, 0x0C, 0x01, 0x80, 0x30, 0x06, 0x00,
    0xC0, 0x18, 0x03, 0x00, 0x70, 0x0F, 0x80, 0x30, 0x03, 0x00, 0x60, 0x0C, 0x01, 0x90, 0x63, 0xFC,
    0x3E, 0x00, 0x0F, 0x87, 0xF8, 0xE1, 0x30, 0x06, 0x00, 0xC0, 0x18, 0x03, 0x00, 0x60, 0x0C, 0x01,
    0x80, 0x30, 0x06, 0x00, 0xC0, 0x18, 0x03, 0x00, 0x60, 0x0C, 0x01, 0x80, 0x1C, 0x23, 0xFC, 0x1F,
    0x00, 0x07, 0xF0, 0x07, 0x9E, 0x07, 0x03, 0x87, 0x00, 0xC3, 0x00, 0x73, 0x80, 0x19, 0xC0, 0x0C,
    0xE1, 0x86, 0x70, 0xC3, 0x38, 0x01, 0x9C, 0x00, 0xC6, 0x00, 0xE3, 0x80, 0x60, 0xE0, 0x70, 0x3D,
    0xF0, 0x0F, 0xE0, 0x00, 0x00, 0x00, 0x00, 0x00, 0x3F, 0x81, 0xFF, 0x0C, 0x38, 0x60, 0xC3, 0x0E,
    0x1F, 0xC0, 0xFF, 0x86, 0x0E, 0x30, 0x31, 0x83, 0x8F, 0xF8, 0x7F, 0x80, 0x1F, 0x80, 0x7F, 0xC1,
    0xC1, 0xC3, 0x01, 0xC7, 0x01, 0x87, 0xE3, 0x0F, 0xC6, 0x38, 0x0C, 0x60, 0x38, 0xE0, 0xE0, 0xFF,
    0x80, 0xFE, 0x00, 0x00, 0x1E, 0x00, 0x3E, 0x00, 0x70, 0x00, 0x60, 0x00, 0x60, 0x0F, 0x60, 0x1F,
    0xE0, 0x38, 0x20, 0x70, 0x00, 0x60, 0x00, 0x60, 0xF0, 0x60, 0xF0, 0x60, 0x30, 0x70, 0x30, 0x38,
    0x30, 0x1F, 0xF0, 0x0F, 0xC0, 0x30, 0x30, 0xC0, 0xC3, 0x03, 0x0C, 0x0C, 0x30, 0x30, 0xFF, 0xC3,
    0xFF, 0x0C, 0x0C, 0x30, 0x30, 0xC0, 0xC3, 0x03, 0x0C, 0x0C, 0x06, 0x03, 0x01, 0x80, 0x00, 0x00,
    0x30, 0x18, 0x0C, 0x06, 0x03, 0x01, 0x80, 0xC0, 0x60, 0x30, 0x18, 0x0C, 0x06, 0x0F, 0xC7, 0xE0,
    0xC1, 0xC0, 0xE0, 0x18, 0x18, 0x18, 0x30, 0x18, 0x60, 0x18, 0xC0, 0x19, 0x80, 0x1B, 0x00, 0x3E,
    0x00, 0xEC, 0x03, 0x98, 0x0E, 0x30, 0x38, 0x60, 0xC0, 0xC0, 0x01, 0x80, 0x03, 0x00, 0x06, 0x00,
    0x0C, 0x00, 0x18, 0x00, 0x00, 0x30, 0x06, 0x00, 0xC0, 0x18, 0x03, 0x00, 0x60, 0x0C, 0x01, 0x80,
    0x30, 0x06, 0x00, 0xFF, 0x9F, 0xF0, 0x00, 0x0F, 0x00, 0x0F, 0x80, 0x0C, 0x00, 0x06, 0x00, 0x03,
    0x00, 0x79, 0x80, 0x7F, 0xC0, 0x71, 0xE0, 0x70, 0x70, 0x30, 0x18, 0x18, 0x0C, 0x0C, 0x06, 0x06,
    0x03, 0x03, 0x83, 0x80, 0xE3, 0xC0, 0x3F, 0xE0, 0x0F, 0x30, 0x00, 0x18, 0x00, 0x0C, 0x00, 0x06,
    0x00, 0x03, 0x00, 0x01, 0x80, 0x3E, 0x0F, 0xF1, 0x06, 0x00, 0x60, 0x0C, 0x01, 0x80, 0x30, 0x0C,
    0x0F, 0x81, 0xC0, 0x30, 0x06, 0x03, 0xF0, 0x7E, 0x03, 0x00, 0x60, 0x0C, 0x00, 0x0F, 0x87, 0xF8,
    0xC1, 0x30, 0x06, 0x00, 0xC0, 0x18, 0x01, 0x80, 0x3E, 0x01, 0xC0, 0x18, 0x03, 0x01, 0xF8, 0x3F,
    0x01, 0x80, 0x30, 0x06, 0x00, 0x00, 0x30, 0x00, 0x00, 0xC0, 0x00, 0x03, 0x00, 0x00, 0x0C, 0x00,
    0x00, 0x30, 0x00, 0x3E, 0xFF, 0xE1, 0xCF, 0xFF, 0x8C, 0x1C, 0x0E, 0x30, 0x30, 0x71, 0x80, 0xC1,
    0x86, 0x03, 0x0C, 0x18, 0x0C, 0x60, 0x60, 0x33, 0x00, 0xC0, 0xDC, 0x03, 0x07, 0xE0, 0x07, 0x3F,
    0xFE, 0x0F, 0xBF, 0xF8, 0x00, 0x00, 0x00, 0x00, 0x30, 0x00, 0x00, 0x60, 0x00, 0x00, 0xC0, 0x00,
    0x01, 0x80, 0x00, 0x03, 0x00, 0x01, 0xF7, 0xFF, 0x07, 0x3F, 0xFE, 0x18, 0x38, 0x1C, 0x30, 0x30,
    0x70, 0xC0, 0x60, 0xC1, 0x80, 0xC3, 0x03, 0x01, 0x8C, 0x06, 0x03, 0x1E, 0x06, 0x06, 0x3F, 0x0C,
    0x1C, 0x07, 0x0E, 0x78, 0x06, 0x0F, 0xB0, 0x0C, 0x00, 0x00, 0x18, 0x00, 0x00, 0x30, 0x00, 0x41,
    0xC0, 0x00, 0xFF, 0x80, 0x00, 0x78, 0x00, 0x00, 0x30, 0x00, 0x00, 0xC0, 0x00, 0x03, 0x00, 0x00,
    0x0C, 0x00, 0x00, 0x30, 0x00, 0x3E, 0xFF, 0xE1, 0xCF, 0xFF, 0x8C, 0x1C, 0x0E, 0x30, 0x30, 0x71,
    0x80, 0xC1, 0x86, 0x03, 0x0C, 0x18, 0x0C, 0x60, 0x60, 0x33, 0x30, 0xC0, 0xDD, 0xE3, 0x07, 0xED,
    0x87, 0x3F, 0xFE, 0x0F, 0xBF, 0xF0, 0x00, 0x02, 0x00, 0x00, 0x00, 0x00, 0x30, 0x00, 0x0C, 0x00,
    0x03, 0x00, 0x01, 0xFD, 0xFE, 0x7F, 0xE1, 0x8C, 0x30, 0x03, 0x0C, 0x00, 0xC3, 0x80, 0x30, 0x7E,
    0x0C, 0x07, 0xC3, 0x00, 0x38, 0xC0, 0x06, 0x30, 0x01, 0x8F, 0xFF, 0xE1, 0xFF, 0xF0, 0x00, 0x00,
    0x00, 0x3C, 0x01, 0xF3, 0x0C, 0x0C, 0x30, 0x30, 0xC1, 0xFF, 0x07, 0xFC, 0x0C, 0x30, 0x30, 0xC0,
    0xC3, 0x03, 0x0C, 0x0C, 0x30, 0x30, 0xC0, 0xC3, 0x03, 0x0C, 0x0F, 0xF0, 0x1F, 0xC0, 0x03, 0x00,
    0x0C, 0x00, 0x30, 0x03, 0x80, 0x08, 0x00, 0x30, 0x00, 0x18, 0x00, 0x0C, 0x00, 0x0F, 0xEF, 0xE7,
    0xFE, 0x31, 0x8E, 0x00, 0xC6, 0x00, 0x63, 0x00, 0x33, 0x00, 0x19, 0x80, 0x0C, 0x60, 0x06, 0x37,
    0xC3, 0x1F, 0x31, 0xFF, 0x18, 0x7F, 0xFC, 0x00, 0xC0, 0x00, 0x60, 0x00, 0x00, 0x00, 0x07, 0x00,
    0x03, 0xE0, 0x00, 0x60, 0x00, 0x18, 0x00, 0x03, 0x00, 0x01, 0xFF, 0xBE, 0x3F, 0xFC, 0xE1, 0x86,
    0x0C, 0x30, 0xC0, 0xC6, 0x18, 0x18, 0xC3, 0x03, 0x18, 0x60, 0x63, 0x0C, 0x0C, 0x61, 0x81, 0x8C,
    0x30, 0x31, 0x86, 0x06, 0x30, 0xC0, 0xC0, 0x00, 0x18, 0x00, 0x03, 0x00, 0x00, 0xC0, 0x01, 0xF8,
    0x00, 0x3C, 0x00, 0x30, 0x00, 0x30, 0x00, 0x30, 0x00, 0x30, 0x00, 0x30, 0x00, 0x31, 0xFC, 0x33,
    0x8C, 0x36, 0x00, 0x36, 0x00, 0x33, 0x00, 0x33, 0xF0, 0x30, 0xFC, 0x30, 0x0C, 0x30, 0x0C, 0x30,
    0x0C, 0x3F, 0xFC, 0x3F, 0xF8, 0x30, 0x00, 0xC0, 0x03, 0x00, 0x0C, 0x00, 0x30, 0x00, 0xFF, 0xF3,
    0xFF, 0xCC, 0x06, 0x30, 0x30, 0xC1, 0xC3, 0x0E, 0x0C, 0x70, 0x33, 0x80, 0xCC, 0x03, 0x60, 0x0F,
    0xFF, 0x3F, 0xFC, 0x46, 0x69, 0xC9, 0xA9, 0x15, 0x62, 0x98, 0x63, 0x04, 0x60, 0x00, 0x46, 0x49,
    0x49, 0xA9, 0x15, 0xE3, 0x98, 0x63, 0x00, 0x00, 0x00, 0x7F, 0xEF, 0xFD, 0x81, 0xB0, 0x36, 0x06,
    0x00, 0x00, 0x00, 0x00, 0x7F, 0xEF, 0xFD, 0x81, 0xB0, 0x36, 0x06, 0x00, 0x00, 0xE0, 0x01, 0xE0,
    0x00, 0xC0, 0x01, 0x80, 0x03, 0x00, 0x06, 0x06, 0x0C, 0x0C, 0x18, 0x18, 0x30, 0x30, 0x60, 0x60,
    0xC0, 0xC1, 0x81, 0x83, 0x03, 0x06, 0x0E, 0x0E, 0x1C, 0x0F, 0xF8, 0x0F, 0x30, 0x00, 0x60, 0x00,
    0xC0, 0x01, 0x80, 0x03, 0x00, 0x06, 0x00, 0xE0, 0x00, 0xF0, 0x00, 0x30, 0x00, 0x30, 0x00, 0x30,
    0x00, 0x30, 0x30, 0x30, 0x30, 0x30, 0x30, 0x30, 0x30, 0x30, 0x30, 0x30, 0x30, 0x30, 0x30, 0x30,
    0x30, 0x30, 0x70, 0x38, 0x70, 0x1F, 0xF0, 0x0F, 0x30, 0x00, 0x30, 0x00, 0x30, 0x00, 0x30, 0x00,
    0x1C, 0x00, 0x1C, 0x40, 0x20, 0x17, 0x0C, 0x44, 0x22, 0x11, 0x08, 0x84, 0x42, 0x00, 0x00, 0x00,
    0x00, 0x00, 0x00, 0x00, 0x00, 0x38, 0x20, 0x17, 0x0C, 0x44, 0x22, 0x11, 0x08, 0x84, 0x42, 0x00,
    0x00, 0x00, 0x00, 0x00, 0x00, 0x00, 0x00, 0x20, 0x08, 0x42, 0x10, 0x84, 0x21, 0x10, 0x00, 0x00,
    0x00, 0x79, 0x84, 0x10, 0x41, 0x04, 0x00, 0x00, 0x00, 0x00, 0x00, 0x00, 0x00, 0x08, 0x10, 0x20,
    0x40, 0x83, 0x1E, 0x00, 0x00, 0x00, 0x00, 0x00, 0x00, 0x00, 0x08, 0x10, 0x20, 0x40, 0x83, 0x1E,
    0x04, 0x08, 0x0C, 0x00, 0x00, 0x00, 0x00, 0xC6, 0xC4, 0xC8, 0xF8, 0xC4, 0xCC, 0xF8, 0x00, 0x00,
    0x00, 0x00, 0x00, 0x00, 0x00, 0x46, 0x68, 0xC9, 0xA9, 0x15, 0x62, 0x98, 0x63, 0x0C, 0x60, 0x00,
    0x00, 0x00, 0x00, 0x00, 0x00, 0x00, 0x00, 0x00, 0x00, 0x43, 0x42, 0x26, 0x24, 0x3C, 0x18, 0x18,
    0x10, 0x70, 0x00, 0x00, 0x00, 0x00, 0x00, 0x18, 0x63, 0x0C, 0x30, 0x00, 0x00, 0x00, 0x00, 0x00,
    0x00, 0x00, 0x00, 0x00, 0x19, 0x86, 0x63, 0x30, 0xCC, 0x33, 0x00, 0x00, 0x00, 0x00, 0x00, 0x00,
    0x00, 0x00, 0x00, 0x00, 0x00, 0x00, 0x00, 0x00, 0x00, 0x00, 0x08, 0x30, 0xC1, 0x83, 0x00, 0x00,
    0x00, 0x00, 0x00, 0x00, 0x00, 0x00, 0x00, 0x00, 0x18, 0x30, 0x41, 0x82, 0x00, 0x00, 0x00, 0x00,
    0x00, 0x00, 0x00, 0x00, 0x00, 0x00, 0x30, 0x60, 0xC0, 0xC0, 0x80, 0x00, 0x00, 0x00, 0x00, 0x00,
    0x00, 0x00, 0x00, 0x00, 0x00, 0x00, 0x00, 0x60, 0x60, 0x40, 0x83, 0x0C, 0x00, 0x00, 0x00, 0x00,
    0x00, 0x00, 0x00, 0x00, 0x00, 0x00, 0x30, 0xC1, 0x02, 0x06, 0x06, 0x00, 0x00, 0x00, 0x00, 0x00,
    0x00, 0x00, 0x00, 0x00, 0x00, 0x7C, 0x06, 0x02, 0x02, 0x06, 0x18, 0x10, 0x10, 0x10, 0x00, 0x00,
    0x00, 0x00, 0x00, 0x00, 0x00, 0x3E, 0x60, 0x40, 0x40, 0x60, 0x18, 0x08, 0x08, 0x08, 0x00, 0x00,
    0x00, 0x00, 0x00, 0x00, 0x00, 0x03, 0x01, 0xC0, 0x60, 0x0C, 0x00, 0xE0, 0x06, 0x00, 0x00, 0x00,
    0x00, 0x00, 0x00, 0x00, 0x00, 0x00, 0x00, 0x00, 0x00, 0x00, 0x00, 0x00, 0x00, 0x00, 0x00, 0x00,
    0x18, 0x01, 0xC0, 0x0C, 0x01, 0x80, 0xE0, 0x30, 0x00, 0x00, 0x00, 0x00, 0x00, 0x00, 0x00, 0x00,
    0x00, 0x00, 0x00, 0x00, 0x00, 0x00, 0x00, 0x00, 0x00, 0x00, 0x00, 0x0E, 0x01, 0x40, 0x6C, 0x08,
    0x83, 0x18, 0x00, 0x00, 0x00, 0x00, 0x00, 0x00, 0x00, 0x00, 0x00, 0x00, 0x00, 0x00, 0x00, 0x00,
    0x00, 0x00, 0x00, 0x00, 0x31, 0x82, 0x20, 0x6C, 0x05, 0x00, 0xE0, 0x00, 0x00, 0x00, 0x00, 0x00,
    0x00, 0x00, 0x00, 0x00, 0x00, 0x00, 0x00, 0x00, 0x00, 0x00, 0x00, 0x00, 0x00, 0x0E, 0x01, 0x40,
    0x6C, 0x18, 0xC0, 0x00, 0x00, 0x00, 0x00, 0x00, 0x00, 0x00, 0x00, 0x00, 0x00, 0x00, 0x00, 0x00,
    0x00, 0x00, 0x00, 0x00, 0x00, 0x00, 0x31, 0x83, 0x60, 0x28, 0x07, 0x00, 0x00, 0x00, 0x00, 0x00,
    0x00, 0x00, 0x00, 0x00, 0x00, 0x00, 0x00, 0x00, 0x00, 0x00, 0x00, 0x00, 0x00, 0x00, 0x00, 0x20,
    0x82, 0x08, 0x20, 0x80, 0x00, 0x00, 0x00, 0x00, 0x00, 0x00, 0x00, 0x00, 0x3F, 0x07, 0xE0, 0x00,
    0x00, 0x00, 0x00, 0x00, 0x00, 0x00, 0x00, 0x00, 0x00, 0x00, 0x00, 0x00, 0x00, 0x00, 0x00, 0x00,
    0x00, 0x00, 0x01, 0x80, 0x60, 0x18, 0x06, 0x00, 0x00, 0x00, 0x00, 0x00, 0x00, 0x00, 0x00, 0x00,
    0x00, 0x00, 0x00, 0x00, 0x00, 0x00, 0x00, 0x00, 0x00, 0x00, 0x00, 0x30, 0x03, 0x00, 0x30, 0x02,
    0x00, 0x00, 0x00, 0x00, 0x00, 0x00, 0x00, 0x00, 0x00, 0x00, 0x00, 0x00, 0x00, 0x00, 0x00, 0x00,
    0x00, 0x00, 0x00, 0x00, 0x20, 0x82, 0x08, 0x20, 0x80, 0x00, 0x00, 0x00, 0xFC, 0x1F, 0x80, 0x00,
    0x06, 0x00, 0x60, 0x06, 0x00, 0x40, 0x00, 0x00, 0x00, 0x00, 0x30, 0x0C, 0x03, 0x00, 0xC0, 0x00,
    0x00, 0x78, 0x60, 0xC1, 0x00, 0x00, 0x00, 0x10, 0x30, 0x61, 0xE0, 0x78, 0x60, 0xC1, 0x00, 0x00,
    0x00, 0x00, 0x00, 0x00, 0x00, 0x60, 0x60, 0x40, 0x83, 0x0C, 0x00, 0x00, 0x00, 0x00, 0x00, 0x00,
    0x30, 0xC1, 0x02, 0x06, 0x06, 0x00, 0x00, 0x00, 0x00, 0x00, 0x00, 0x04, 0x00, 0x80, 0x10, 0x0F,
    0x81, 0xF0, 0x00, 0x00, 0x00, 0x00, 0x00, 0x00, 0x00, 0x1F, 0x03, 0xE0, 0x10, 0x02, 0x00, 0x40,
    0x00, 0x00, 0x00, 0x00, 0x00, 0x00, 0x00, 0x18, 0x0C, 0x1F, 0xCF, 0xE1, 0x80, 0xC0, 0x00, 0x00,
    0x00, 0x00, 0x00, 0x7C, 0xF8, 0x00, 0x00, 0x00, 0x00, 0x00, 0x20, 0x86, 0x30, 0x7C, 0x07, 0x00,
    0x00, 0x00, 0x00, 0x00, 0x00, 0x00, 0x00, 0x00, 0x00, 0x00, 0x00, 0x00, 0x00, 0x00, 0x00, 0x00,
    0x00, 0x00, 0x00, 0x0C, 0x01, 0x80, 0x00, 0x00, 0x00, 0x00, 0x00, 0x00, 0x00, 0x00, 0x00, 0x00,
    0x00, 0x00, 0x00, 0x00, 0x00, 0x00, 0x00, 0x00, 0x00, 0x00, 0x00, 0x0F, 0x03, 0x30, 0x42, 0x08,
    0x41, 0x98, 0x1E, 0x00, 0x00, 0x00, 0x00, 0x00, 0x00, 0x00, 0x00, 0x00, 0x00, 0x00, 0x00, 0x00,
    0x00, 0x00, 0x00, 0x00, 0x00, 0x00, 0x04, 0x01, 0x80, 0x3C, 0x03, 0x80, 0x1C, 0x85, 0xD0, 0x9C,
    0x00, 0x00, 0x00, 0x00, 0x00, 0x00, 0x00, 0x00, 0x00, 0x00, 0x00, 0x00, 0x00, 0x00, 0x00, 0x00,
    0x00, 0x00, 0x00, 0x00, 0x06, 0x61, 0x98, 0x22, 0x0C, 0xC0, 0x00, 0x00, 0x00, 0x00, 0x00, 0x00,
    0x00, 0x00, 0x00, 0x00, 0x00, 0x00, 0x00, 0x00, 0x00, 0x00, 0x00, 0x00, 0x00, 0x38, 0x3C, 0x16,
    0x03, 0x00, 0xE0, 0x30, 0x00, 0x00, 0x00, 0x00, 0x00, 0x00, 0x00, 0x1B, 0x01, 0xC0, 0x38, 0x0D,
    0x80, 0x00, 0x00, 0x00, 0x00, 0x00, 0x00, 0x00, 0x00, 0x00, 0x00, 0x00, 0x00, 0x00, 0x00, 0x00,
    0x00, 0x00, 0x00, 0x00, 0x23, 0x19, 0x07, 0x01, 0x81, 0x40, 0x90, 0x88, 0x44, 0x3E, 0x00, 0x00,
    0x00, 0x00, 0x00, 0x00, 0x44, 0x44, 0x44, 0x44, 0x40, 0x00, 0x00, 0x00, 0x3E, 0x60, 0x60, 0x1C,
    0x02, 0x46, 0x3C, 0x00, 0x00, 0x00, 0x00, 0x00, 0x00, 0x00, 0x00, 0x21, 0x04, 0x80, 0xC0, 0x30,
    0x1E, 0x0C, 0xC2, 0x10, 0x00, 0x00, 0x00, 0x00, 0x00, 0x00, 0x00, 0x00, 0x00, 0x3E, 0x60, 0x40,
    0x40, 0x60, 0x18, 0x08, 0x08, 0x08, 0x00, 0x00, 0x00, 0x00, 0x00, 0x00, 0x00, 0x3F, 0x87, 0xF0,
    0x06, 0x00, 0xC0, 0x18, 0x03, 0x00, 0x60, 0x0C, 0x01, 0x80, 0x30, 0x06, 0x00, 0xC0, 0x18, 0x03,
    0x00, 0x60, 0x01, 0x80, 0x30, 0x06, 0x1F, 0xC3, 0xF8, 0x03, 0x00, 0x60, 0x0C, 0x01, 0x80, 0x30,
    0x06, 0x00, 0xC0, 0x18, 0x03, 0x00, 0x60, 0x01, 0x80, 0x30, 0x06, 0x00, 0xC0, 0x18, 0x03, 0x00,
    0x61, 0xFC, 0x3F, 0x80, 0x30, 0x06, 0x00, 0xC0, 0x18, 0x03, 0x00, 0x60, 0x01, 0x80, 0x30, 0x06,
    0x00, 0xC0, 0x18, 0x03, 0x00, 0x60, 0x0C, 0x01, 0x87, 0xF0, 0xFE, 0x00, 0xC0, 0x18, 0x03, 0x00,
    0x60, 0x01, 0x80, 0x30, 0x06, 0x00, 0xC0, 0x18, 0x03, 0x00, 0x60, 0x0C, 0x01, 0x80, 0x30, 0x06,
    0x00, 0xC0, 0x18, 0x7F, 0x0F, 0xE0, 0x7F, 0xF2, 0x00, 0x90, 0x04, 0x80, 0x24, 0x01, 0x20, 0x09,
    0x00, 0x48, 0x02, 0x40, 0x12, 0x00, 0x90, 0x04, 0x80, 0x24, 0x01, 0x20, 0x09, 0x00, 0x48, 0x02,
    0x40, 0x12, 0x00, 0x9F, 0xFC, 0x7F, 0xF2, 0x00, 0x90, 0x04, 0x80, 0x24, 0x01, 0x20, 0x09, 0x00,
    0x48, 0x02, 0x40, 0x12, 0x00, 0x90, 0x04, 0x80, 0x24, 0x01, 0x20, 0x09, 0x00, 0x48, 0x02, 0x40,
    0x12, 0x00, 0x9F, 0xFC, 0x31, 0x82, 0x20, 0x6C, 0x05, 0x00, 0xE0, 0x3F, 0x07, 0xE0, 0xFC, 0x1F,
    0x80, 0x00, 0x00, 0x00, 0x00, 0x00, 0x00, 0x00, 0x00, 0x00, 0x00, 0x00, 0x00, 0x00, 0x00, 0x00,
    0x00, 0x00, 0x00, 0x19, 0x83, 0x30, 0x66, 0x19, 0x82, 0x20, 0x00, 0x00, 0x00, 0x00, 0x00, 0x00,
    0x00, 0x00, 0x00, 0x00, 0x00, 0x00, 0x00, 0x00, 0x00, 0x7F, 0xF2, 0x00, 0x90, 0x04, 0x80, 0x24,
    0x01, 0x20, 0x09, 0x00, 0x48, 0x02, 0x40, 0x12, 0x00, 0x90, 0x04, 0x80, 0x24, 0x01, 0x20, 0x09,
    0x00, 0x48, 0x02, 0x40, 0x12, 0x00, 0x9F, 0xFC, 0x7F, 0xF2, 0x00, 0x90, 0x04, 0x80, 0x24, 0x01,
    0x20, 0x09, 0x00, 0x48, 0x02, 0x40, 0x12, 0x00, 0x90, 0x04, 0x80, 0x24, 0x01, 0x20, 0x09, 0x00,
    0x48, 0x02, 0x40, 0x12, 0x00, 0x9F, 0xFC, 0x7F, 0xF2, 0x00, 0x90, 0x04, 0x80, 0x24, 0x01, 0x20,
    0x09, 0x00, 0x48, 0x02, 0x40, 0x12, 0x00, 0x90, 0x04, 0x80, 0x24, 0x01, 0x20, 0x09, 0x00, 0x48,
    0x02, 0x40, 0x12, 0x00, 0x9F, 0xFC, 0x7F, 0xF2, 0x00, 0x90, 0x04, 0x80, 0x24, 0x01, 0x20, 0x09,
    0x00, 0x48, 0x02, 0x40, 0x12, 0x00, 0x90, 0x04, 0x80, 0x24, 0x01, 0x20, 0x09, 0x00, 0x48, 0x02,
    0x40, 0x12, 0x00, 0x9F, 0xFC, 0x0F, 0x03, 0x30, 0x42, 0x08, 0x41, 0x98, 0x1E, 0x00, 0x7F, 0xF2,
    0x00, 0x90, 0x04, 0x80, 0x24, 0x01, 0x20, 0x09, 0x00, 0x48, 0x02, 0x40, 0x12, 0x00, 0x90, 0x04,
    0x80, 0x24, 0x01, 0x20, 0x09, 0x00, 0x48, 0x02, 0x40, 0x12, 0x00, 0x9F, 0xFC, 0x7F, 0xF2, 0x00,
    0x90, 0x04, 0x80, 0x24, 0x01, 0x20, 0x09, 0x00, 0x48, 0x02, 0x40, 0x12, 0x00, 0x90, 0x04, 0x80,
    0x24, 0x01, 0x20, 0x09, 0x00, 0x48, 0x02, 0x40, 0x12, 0x00, 0x9F, 0xFC, 0x7F, 0xF2, 0x00, 0x90,
    0x04, 0x80, 0x24, 0x01, 0x20, 0x09, 0x00, 0x48, 0x02, 0x40, 0x12, 0x00, 0x90, 0x04, 0x80, 0x24,
    0x01, 0x20, 0x09, 0x00, 0x48, 0x02, 0x40, 0x12, 0x00, 0x9F, 0xFC, 0x00, 0x03, 0x90, 0xBA, 0x13,
    0x80, 0x7F, 0xF2, 0x00, 0x90, 0x04, 0x80, 0x24, 0x01, 0x20, 0x09, 0x00, 0x48, 0x02, 0x40, 0x12,
    0x00, 0x90, 0x04, 0x80, 0x24, 0x01, 0x20, 0x09, 0x00, 0x48, 0x02, 0x40, 0x12, 0x00, 0x9F, 0xFC,
    0x7F, 0xF2, 0x00, 0x90, 0x04, 0x80, 0x24, 0x01, 0x20, 0x09, 0x00, 0x48, 0x02, 0x40, 0x12, 0x00,
    0x90, 0x04, 0x80, 0x24, 0x01, 0x20, 0x09, 0x00, 0x48, 0x02, 0x40, 0x12, 0x00, 0x9F, 0xFC, 0x7F,
    0xF2, 0x00, 0x90, 0x04, 0x80, 0x24, 0x01, 0x20, 0x09, 0x00, 0x48, 0x02, 0x40, 0x12, 0x00, 0x90,
    0x04, 0x80, 0x24, 0x01, 0x20, 0x09, 0x00, 0x48, 0x02, 0x40, 0x12, 0x00, 0x9F, 0xFC, 0x7F, 0xF2,
    0x00, 0x90, 0x04, 0x80, 0x24, 0x01, 0x20, 0x09, 0x00, 0x48, 0x02, 0x40, 0x12, 0x00, 0x90, 0x04,
    0x80, 0x24, 0x01, 0x20, 0x09, 0x00, 0x48, 0x02, 0x40, 0x12, 0x00, 0x9F, 0xFC, 0x7F, 0xF2, 0x00,
    0x90, 0x04, 0x80, 0x24, 0x01, 0x20, 0x09, 0x00, 0x48, 0x02, 0x40, 0x12, 0x00, 0x90, 0x04, 0x80,
    0x24, 0x01, 0x20, 0x09, 0x00, 0x48, 0x02, 0x40, 0x12, 0x00, 0x9F, 0xFC, 0x7F, 0xF2, 0x00, 0x90,
    0x04, 0x80, 0x24, 0x01, 0x20, 0x09, 0x00, 0x48, 0x02, 0x40, 0x12, 0x00, 0x90, 0x04, 0x80, 0x24,
    0x01, 0x20, 0x09, 0x00, 0x48, 0x02, 0x40, 0x12, 0x00, 0x9F, 0xFC, 0x7F, 0xF2, 0x00, 0x90, 0x04,
    0x80, 0x24, 0x01, 0x20, 0x09, 0x00, 0x48, 0x02, 0x40, 0x12, 0x00, 0x90, 0x04, 0x80, 0x24, 0x01,
    0x20, 0x09, 0x00, 0x48, 0x02, 0x40, 0x12, 0x00, 0x9F, 0xFC, 0x7F, 0xF2, 0x00, 0x90, 0x04, 0x80,
    0x24, 0x01, 0x20, 0x09, 0x00, 0x48, 0x02, 0x40, 0x12, 0x00, 0x90, 0x04, 0x80, 0x24, 0x01, 0x20,
    0x09, 0x00, 0x48, 0x02, 0x40, 0x12, 0x00, 0x9F, 0xFC, 0x00, 0x30, 0x00, 0x03, 0x00, 0x00, 0x30,
    0x00, 0x03, 0x00, 0x0F, 0x00, 0x08, 0x04, 0x06, 0x00, 0xC0, 0x80, 0x08, 0x00, 0x00, 0x00, 0x00,
    0x01, 0x00, 0x01, 0x20, 0x00, 0x24, 0x00, 0x04, 0xC0, 0x00, 0x80, 0x00, 0x00, 0x00, 0x00, 0x00,
    0x01, 0x03, 0x00, 0x20, 0x30, 0x18, 0x00, 0x70, 0x00, 0x0E, 0x00, 0x00, 0x01, 0x80, 0x00, 0x60,
    0x00, 0x18, 0x00, 0x06, 0x00, 0x0F, 0x00, 0x08, 0x04, 0x06, 0x00, 0xC0, 0x80, 0x08, 0x00, 0x00,
    0x00, 0x00, 0x01, 0x00, 0x01, 0x20, 0x00, 0x24, 0x00, 0x04, 0xC0, 0x00, 0x80, 0x00, 0x00, 0x00,
    0x00, 0x00, 0x01, 0x03, 0x00, 0x20, 0x30, 0x18, 0x00, 0x70, 0x00, 0x0E, 0x00, 0x00, 0x0E, 0x00,
    0x01, 0x40, 0x00, 0x6C, 0x00, 0x18, 0xC0, 0x0F, 0x00, 0x08, 0x04, 0x06, 0x00, 0xC0, 0x80, 0x08,
    0x00, 0x00, 0x00, 0x00, 0x01, 0x00, 0x01, 0x20, 0x00, 0x24, 0x00, 0x04, 0xC0, 0x00, 0x80, 0x00,
    0x00, 0x00, 0x00, 0x00, 0x01, 0x03, 0x00, 0x20, 0x30, 0x18, 0x00, 0x70, 0x00, 0x0E, 0x00, 0x00,
    0x1C, 0x80, 0x05, 0xD0, 0x00, 0x9C, 0x00, 0x78, 0x00, 0x40, 0x20, 0x30, 0x06, 0x04, 0x00, 0x40,
    0x00, 0x00, 0x00, 0x00, 0x08, 0x00, 0x09, 0x00, 0x01, 0x20, 0x00, 0x26, 0x00, 0x04, 0x00, 0x00,
    0x00, 0x00, 0x00, 0x00, 0x08, 0x18, 0x01, 0x01, 0x80, 0xC0, 0x03, 0x80, 0x00, 0x70, 0x00, 0x00,
    0x3F, 0x00, 0x07, 0xE0, 0x03, 0xC0, 0x02, 0x01, 0x01, 0x80, 0x30, 0x20, 0x02, 0x00, 0x00, 0x00,
    0x00, 0x00, 0x40, 0x00, 0x48, 0x00, 0x09, 0x00, 0x01, 0x30, 0x00, 0x20, 0x00, 0x00, 0x00, 0x00,
    0x00, 0x00, 0x40, 0xC0, 0x08, 0x0C, 0x06, 0x00, 0x1C, 0x00, 0x03, 0x80, 0x00, 0x00, 0xFF, 0xE0,
    0x0F, 0xFE, 0x00, 0x00, 0x00, 0x0F, 0x00, 0x04, 0x02, 0x01, 0x80, 0x30, 0x10, 0x01, 0x00, 0x00,
    0x00, 0x00, 0x00, 0x04, 0x00, 0x04, 0x40, 0x00, 0x44, 0x00, 0x04, 0x60, 0x00, 0x40, 0x00, 0x00,
    0x00, 0x00, 0x00, 0x00, 0x10, 0x18, 0x01, 0x00, 0xC0, 0x60, 0x00, 0xE0, 0x00, 0x0E, 0x00, 0x00,
    0x20, 0x80, 0x06, 0x30, 0x00, 0x7C, 0x00, 0x07, 0x00, 0x0F, 0x00, 0x08, 0x04, 0x06, 0x00, 0xC0,
    0x80, 0x08, 0x00, 0x00, 0x00, 0x00, 0x01, 0x00, 0x01, 0x20, 0x00, 0x24, 0x00, 0x04, 0xC0, 0x00,
    0x80, 0x00, 0x00, 0x00, 0x00, 0x00, 0x01, 0x03, 0x00, 0x20, 0x30, 0x18, 0x00, 0x70, 0x00, 0x0E,
    0x00, 0x00, 0x0C, 0x00, 0x01, 0x80, 0x00, 0x30, 0x00, 0x78, 0x00, 0x40, 0x20, 0x30, 0x06, 0x04,
    0x00, 0x40, 0x00, 0x00, 0x00, 0x00, 0x08, 0x00, 0x09, 0x00, 0x01, 0x20, 0x00, 0x26, 0x00, 0x04,
    0x00, 0x00, 0x00, 0x00, 0x00, 0x00, 0x08, 0x18, 0x01, 0x01, 0x80, 0xC0, 0x03, 0x80, 0x00, 0x70,
    0x00, 0x00, 0x33, 0x00, 0x06, 0x60, 0x00, 0x00, 0x00, 0x78, 0x00, 0x40, 0x20, 0x30, 0x06, 0x04,
    0x00, 0x40, 0x00, 0x00, 0x00, 0x00, 0x08, 0x00, 0x09, 0x00, 0x01, 0x20, 0x00, 0x26, 0x00, 0x04,
    0x00, 0x00, 0x00, 0x00, 0x00, 0x00, 0x08, 0x18, 0x01, 0x01, 0x80, 0xC0, 0x03, 0x80, 0x00, 0x70,
    0x00, 0x00, 0x1E, 0x00, 0x00, 0x20, 0x00, 0x08, 0x00, 0x02, 0x00, 0x0F, 0x00, 0x08, 0x04, 0x06,
    0x00, 0xC0, 0x80, 0x08, 0x00, 0x00, 0x00, 0x00, 0x01, 0x00, 0x01, 0x20, 0x00, 0x24, 0x00, 0x04,
    0xC0, 0x00, 0x80, 0x00, 0x00, 0x00, 0x00, 0x00, 0x01, 0x03, 0x00, 0x20, 0x30, 0x18, 0x00, 0x70,
    0x00, 0x0E, 0x00, 0x00, 0x0F, 0x00, 0x03, 0x30, 0x00, 0x42, 0x00, 0x08, 0x40, 0x01, 0x98, 0x01,
    0xFE, 0x01, 0x00, 0x80, 0xC0, 0x18, 0x10, 0x01, 0x00, 0x00, 0x00, 0x00, 0x00, 0x20, 0x00, 0x24,
    0x00, 0x04, 0x80, 0x00, 0x98, 0x00, 0x10, 0x00, 0x00, 0x00, 0x00, 0x00, 0x00, 0x20, 0x60, 0x04,
    0x06, 0x03, 0x00, 0x0E, 0x00, 0x01, 0xC0, 0x00, 0x00, 0x06, 0x60, 0x01, 0x98, 0x00, 0x22, 0x00,
    0x0C, 0xC0, 0x0F, 0x00, 0x08, 0x04, 0x06, 0x00, 0xC0, 0x80, 0x08, 0x00, 0x00, 0x00, 0x00, 0x01,
    0x00, 0x01, 0x20, 0x00, 0x24, 0x00, 0x04, 0xC0, 0x00, 0x80, 0x00, 0x00, 0x00, 0x00, 0x00, 0x01,
    0x03, 0x00, 0x20, 0x30, 0x18, 0x00, 0x70, 0x00, 0x0E, 0x00, 0x00, 0x31, 0x80, 0x03, 0x60, 0x00,
    0x28, 0x00, 0x07, 0x00, 0x0F, 0x00, 0x08, 0x04, 0x06, 0x00, 0xC0, 0x80, 0x08, 0x00, 0x00, 0x00,
    0x00, 0x01, 0x00, 0x01, 0x20, 0x00, 0x24, 0x00, 0x04, 0xC0, 0x00, 0x80, 0x00, 0x00, 0x00, 0x00,
    0x00, 0x01, 0x03, 0x00, 0x20, 0x30, 0x18, 0x00, 0x70, 0x00, 0x0E, 0x00, 0x00, 0x04, 0x00, 0x00,
    0x80, 0x00, 0x10, 0x00, 0x02, 0x00, 0x00, 0x40, 0x01, 0xE0, 0x01, 0x00, 0x80, 0xC0, 0x18, 0x10,
    0x01, 0x00, 0x00, 0x00, 0x00, 0x00, 0x20, 0x00, 0x24, 0x00, 0x04, 0x80, 0x00, 0x98, 0x00, 0x10,
    0x00, 0x00, 0x00, 0x00, 0x00, 0x00, 0x20, 0x60, 0x04, 0x06, 0x03, 0x00, 0x0E, 0x00, 0x01, 0xC0,
    0x00, 0x00, 0x11, 0x00, 0x02, 0x20, 0x00, 0x44, 0x00, 0x08, 0x80, 0x01, 0x10, 0x01, 0xE0, 0x01,
    0x00, 0x80, 0xC0, 0x18, 0x10, 0x01, 0x00, 0x00, 0x00, 0x00, 0x00, 0x20, 0x00, 0x24, 0x00, 0x04,
    0x80, 0x00, 0x98, 0x00, 0x10, 0x00, 0x00, 0x00, 0x00, 0x00, 0x00, 0x20, 0x60, 0x04, 0x06, 0x03,
    0x00, 0x0E, 0x00, 0x01, 0xC0, 0x00, 0x00, 0x66, 0x00, 0x06, 0x60, 0x00, 0x44, 0x00, 0x0C, 0xC0,
    0x0F, 0x00, 0x08, 0x04, 0x06, 0x00, 0xC0, 0x80, 0x08, 0x00, 0x00, 0x00, 0x00, 0x01, 0x00, 0x01,
    0x20, 0x00, 0x24, 0x00, 0x04, 0xC0, 0x00, 0x80, 0x00, 0x00, 0x00, 0x00, 0x00, 0x01, 0x03, 0x00,
    0x20, 0x30, 0x18, 0x00, 0x70, 0x00, 0x0E, 0x00, 0x00, 0x0C, 0x00, 0x01, 0x80, 0x00, 0xB2, 0x00,
    0x18, 0xC0, 0x01, 0xF0, 0x00, 0x1C, 0x00, 0x3C, 0x00, 0x20, 0x10, 0x18, 0x03, 0x02, 0x00, 0x20,
    0x00, 0x00, 0x00, 0x00, 0x04, 0x00, 0x04, 0x80, 0x00, 0x90, 0x00, 0x13, 0x00, 0x02, 0x00, 0x00,
    0x00, 0x00, 0x00, 0x00, 0x04, 0x0C, 0x00, 0x80, 0xC0, 0x60, 0x01, 0xC0, 0x00, 0x38, 0x00, 0x00,
    0x0E, 0x00, 0x03, 0xE0, 0x00, 0xC6, 0x00, 0x10, 0x40, 0x0F, 0x00, 0x08, 0x04, 0x06, 0x00, 0xC0,
    0x80, 0x08, 0x00, 0x00, 0x00, 0x00, 0x01, 0x00, 0x01, 0x20, 0x00, 0x24, 0x00, 0x04, 0xC0, 0x00,
    0x80, 0x00, 0x00, 0x00, 0x00, 0x00, 0x01, 0x03, 0x00, 0x20, 0x30, 0x18, 0x00, 0x70, 0x00, 0x0E,
    0x00, 0x00, 0xF1, 0x80, 0x80, 0x70, 0x60, 0x0C, 0x08, 0x00, 0x80, 0x00, 0x00, 0x00, 0x00, 0x10,
    0x00, 0x12, 0x00, 0x02, 0x40, 0x00, 0x4C, 0x00, 0x08, 0x00, 0x00, 0x00, 0x00, 0x00, 0x00, 0x10,
    0x30, 0x02, 0x03, 0x01, 0x80, 0x07, 0x00, 0x00, 0xE0, 0x00, 0x00, 0x00, 0x00, 0x0E, 0x00, 0x01,
    0xC0, 0x00, 0x38, 0x00, 0x03, 0x00, 0x00, 0x60, 0x01, 0xF8, 0x01, 0x00, 0x80, 0xC0, 0x18, 0x10,
    0x01, 0x00, 0x00, 0x00, 0x00, 0x00, 0x20, 0x00, 0x24, 0x00, 0x04, 0x80, 0x00, 0x98, 0x00, 0x10,
    0x00, 0x00, 0x00, 0x00, 0x00, 0x00, 0x20, 0x60, 0x04, 0x06, 0x03, 0x00, 0x0E, 0x00, 0x01, 0xC0,
    0x00, 0x00, 0x0E, 0x00, 0x01, 0xC0, 0x00, 0x38, 0x00, 0x06, 0x00, 0x00, 0x40, 0x01, 0xEC, 0x01,
    0x00, 0x80, 0xC0, 0x18, 0x10, 0x01, 0x00, 0x00, 0x00, 0x00, 0x00, 0x20, 0x00, 0x24, 0x00, 0x04,
    0x80, 0x00, 0x98, 0x00, 0x10, 0x00, 0x00, 0x00, 0x00, 0x00, 0x00, 0x20, 0x60, 0x04, 0x06, 0x03,
    0x00, 0x0E, 0x00, 0x01, 0xC0, 0x00, 0x00, 0x00, 0x30, 0x00, 0x01, 0x80, 0x00, 0x0C, 0x01, 0xE0,
    0x40, 0x40, 0x20, 0x0C, 0x01, 0x80, 0x40, 0x04, 0x00, 0x00, 0x00, 0x00, 0x00, 0x02, 0x00, 0x02,
    0x10, 0x00, 0x10, 0x80, 0x00, 0x86, 0x00, 0x04, 0x00, 0x00, 0x00, 0x00, 0x00, 0x00, 0x00, 0x20,
    0x18, 0x01, 0x00, 0x60, 0x30, 0x00, 0x38, 0x00, 0x01, 0xC0, 0x00, 0x00, 0xF0, 0x00, 0x80, 0x40,
    0x60, 0x0C, 0x08, 0x00, 0x80, 0x00, 0x00, 0x00, 0x00, 0x10, 0x00, 0x12, 0x00, 0x02, 0x40, 0x00,
    0x4C, 0x00, 0x08, 0x00, 0x00, 0x00, 0x00, 0x00, 0x00, 0x10, 0x30, 0x02, 0x03, 0x01, 0x80, 0x07,
    0x80, 0x00, 0xF8, 0x00, 0x01, 0x80, 0x00, 0x18, 0x00, 0x00, 0x00, 0x00, 0xF0, 0x00, 0x80, 0x40,
    0x60, 0x0C, 0x08, 0x00, 0x80, 0x00, 0x00, 0x00, 0x00, 0x10, 0x00, 0x12, 0x00, 0x02, 0x40, 0x00,
    0x4C, 0x00, 0x08, 0x00, 0x00, 0x00, 0x00, 0x00, 0x00, 0x10, 0x30, 0x02, 0x03, 0x01, 0x80, 0x07,
    0x0C, 0x00, 0xE3, 0x00, 0x00, 0xC0, 0x00, 0x30, 0x00, 0x00, 0x00, 0x00, 0xF0, 0x00, 0x80, 0x40,
    0x60, 0x0C, 0x08, 0x00, 0x80, 0x00, 0x00, 0x00, 0x00, 0x10, 0x00, 0x12, 0x00, 0x02, 0x40, 0x00,
    0x4C, 0x00, 0x08, 0x00, 0x00, 0x00, 0x00, 0x00, 0x00, 0x10, 0x30, 0x02, 0x03, 0x01, 0x80, 0x07,
    0x20, 0x00, 0xFC, 0x00, 0x03, 0x80, 0x00, 0x10, 0x00, 0x00, 0x00, 0x00, 0x00, 0x00, 0xF0, 0x00,
    0x80, 0x40, 0x60, 0x0C, 0x08, 0x00, 0x80, 0x00, 0x00, 0x00, 0x00, 0x10, 0x00, 0x12, 0x00, 0x02,
    0x40, 0x00, 0x4C, 0x00, 0x08, 0x00, 0x00, 0x00, 0x00, 0x00, 0x00, 0x10, 0x30, 0x02, 0x03, 0x01,
    0x80, 0x07, 0x20, 0x00, 0xE7, 0x00, 0x00, 0xE0, 0x00, 0x10, 0x00, 0x00, 0x00, 0x00, 0x00, 0x00,
    0x03, 0xF0, 0x00, 0x03, 0x00, 0x00, 0x30, 0x00, 0x03, 0x00, 0x00, 0x30, 0x00, 0x00, 0x00, 0xF0,
    0x00, 0x40, 0x20, 0x18, 0x03, 0x01, 0x00, 0x10, 0x00, 0x00, 0x00, 0x00, 0x00, 0x40, 0x00, 0x44,
    0x00, 0x04, 0x40, 0x00, 0x46, 0x00, 0x04, 0x00, 0x00, 0x00, 0x00, 0x00, 0x00, 0x01, 0x01, 0x80,
    0x10, 0x0C, 0x06, 0x00, 0x0E, 0x00, 0x00, 0xE0, 0x00, 0x00, 0x00, 0x00, 0xF0, 0x00, 0x20, 0x10,
    0x86, 0x00, 0xC4, 0x20, 0x03, 0x20, 0x00, 0x06, 0x00, 0x00, 0x01, 0x00, 0x01, 0x08, 0x00, 0x08,
    0x40, 0x00, 0x43, 0x00, 0x02, 0x00, 0x00, 0x00, 0x00, 0x00, 0x00, 0x00, 0x10, 0x0C, 0x00, 0x80,
    0x30, 0x18, 0x00, 0x1C, 0x00, 0x00, 0xE0, 0x00, 0x00, 0x00, 0x00, 0x00, 0xF0, 0x00, 0x80, 0x40,
    0x60, 0x0C, 0x08, 0x00, 0x80, 0x00, 0x00, 0x00, 0x00, 0x10, 0x00, 0x12, 0x00, 0x02, 0x40, 0x00,
    0x4C, 0x00, 0x08, 0x00, 0x00, 0x00, 0x00, 0x00, 0x00, 0x10, 0x30, 0x02, 0x03, 0x01, 0x80, 0x07,
    0x20, 0x00, 0xE8, 0x00, 0x01, 0x00, 0x00, 0x10, 0x00, 0x00, 0x00, 0x00, 0xF0, 0x00, 0x80, 0x40,
    0x60, 0x0C, 0x08, 0x00, 0x80, 0x00, 0x00, 0x00, 0x00, 0x10, 0x00, 0x12, 0x00, 0x02, 0x40, 0x00,
    0x4C, 0x00, 0x08, 0x00, 0x00, 0x00, 0x00, 0x00, 0x00, 0x10, 0x30, 0x02, 0x03, 0x01, 0x80, 0x07,
    0x00, 0x00, 0xE4, 0x00, 0x00, 0x80, 0x00, 0x7C, 0x00, 0x00, 0x00, 0x00, 0x00, 0x00, 0xF0, 0x00,
    0x80, 0x40, 0x60, 0x0C, 0x08, 0x00, 0x80, 0x00, 0x00, 0x00, 0x00, 0x10, 0x00, 0x12, 0x00, 0x02,
    0x40, 0x00, 0x4C, 0x00, 0x08, 0x00, 0x00, 0x00, 0x00, 0x00, 0x00, 0x10, 0x30, 0x02, 0x03, 0x01,
    0x80, 0x07, 0x00, 0x00, 0xFF, 0x00, 0x00, 0x80, 0x00, 0x10, 0x00, 0x00, 0x00, 0x00, 0x00, 0x00,
    0xF0, 0x00, 0x80, 0x40, 0x60, 0x0C, 0x08, 0x00, 0x80, 0x00, 0x00, 0x00, 0x00, 0x10, 0x00, 0x12,
    0x00, 0x02, 0x40, 0x00, 0x4C, 0x00, 0x08, 0x00, 0x00, 0x00, 0x00, 0x00, 0x00, 0x10, 0x30, 0x02,
    0x03, 0x01, 0x80, 0x07, 0x20, 0x00, 0xFF, 0x00, 0x03, 0xE0, 0x00, 0x10, 0x00, 0x00, 0x00, 0x00,
    0x00, 0x00, 0xF0, 0x00, 0x80, 0x40, 0x60, 0x0C, 0x08, 0x00, 0x80, 0x00, 0x00, 0x00, 0x00, 0x10,
    0x00, 0x12, 0x00, 0x02, 0x40, 0x00, 0x4C, 0x00, 0x08, 0x00, 0x00, 0x00, 0x00, 0x00, 0x00, 0x10,
    0x30, 0x02, 0x03, 0x01, 0x80, 0x07, 0x00, 0x00, 0xE0, 0x00, 0x03, 0xE0, 0x00, 0x00, 0x00, 0x00,
    0x00, 0x00, 0xF0, 0x00, 0x80, 0x40, 0x60, 0x0C, 0x08, 0x00, 0x80, 0x00, 0x00, 0x00, 0x00, 0x10,
    0x00, 0x12, 0x00, 0x02, 0x40, 0x00, 0x4C, 0x00, 0x08, 0x00, 0x00, 0x00, 0x00, 0x00, 0x00, 0x10,
    0x30, 0x03, 0x83, 0x01, 0xB0, 0x07, 0x06, 0x00, 0xE0, 0xC0, 0x01, 0xF8, 0x00, 0x3C, 0x00, 0x00,
    0x00, 0x00, 0xF0, 0x00, 0x80, 0x40, 0x60, 0x0C, 0x08, 0x00, 0x80, 0x00, 0x00, 0x00, 0x00, 0x10,
    0x00, 0x12, 0x00, 0x02, 0x40, 0x00, 0x4C, 0x00, 0x08, 0x00, 0x00, 0x00, 0x00, 0x00, 0x00, 0x10,
    0x30, 0x1A, 0x03, 0x03, 0x80, 0x07, 0x60, 0x00, 0xEE, 0x00, 0x00, 0xF8, 0x00, 0x07, 0x00, 0x00,
    0x00, 0x00, 0xF0, 0x00, 0x80, 0x40, 0x60, 0x0C, 0x08, 0x00, 0x80, 0x00, 0x00, 0x00, 0x00, 0x10,
    0x00, 0x12, 0x00, 0x02, 0x40, 0x00, 0x4C, 0x00, 0x08, 0x00, 0x00, 0x00, 0x00, 0x00, 0x00, 0x10,
    0x30, 0x02, 0x03, 0x01, 0x80, 0x07, 0x00, 0x00, 0xEC, 0x00, 0x01, 0x80, 0x00, 0x00, 0x00, 0x00,
    0x00, 0x00, 0xF0, 0x00, 0x80, 0x40, 0x60, 0x0C, 0x08, 0x00, 0x80, 0x00, 0x00, 0x00, 0x00, 0x10,
    0x00, 0x12, 0x00, 0x02, 0x40, 0x00, 0x4C, 0x00, 0x08, 0x00, 0x00, 0x00, 0x00, 0x00, 0x00, 0x10,
    0x30, 0x02, 0x03, 0x01, 0x80, 0x07, 0x00, 0x00, 0xF3, 0x00, 0x06, 0x60, 0x00, 0x00, 0x00, 0x00,
    0xF0, 0x00, 0x80, 0x40, 0x60, 0x0C, 0x08, 0x00, 0x80, 0x00, 0x00, 0x00, 0x00, 0x10, 0x00, 0x12,
    0x00, 0x02, 0x40, 0x00, 0x4C, 0x00, 0x08, 0x00, 0x00, 0x00, 0x00, 0x00, 0x00, 0x10, 0x30, 0x02,
    0x03, 0x01, 0x80, 0x07, 0x70, 0x00, 0xF1, 0x00, 0x02, 0x20, 0x00, 0x38, 0x00, 0x00, 0x00, 0x00,
    0xF0, 0x00, 0x80, 0x40, 0x60, 0x0C, 0x08, 0x00, 0x80, 0x00, 0x00, 0x00, 0x00, 0x10, 0x00, 0x12,
    0x00, 0x02, 0x40, 0x00, 0x4C, 0x00, 0x08, 0x00, 0x00, 0x00, 0x00, 0x00, 0x00, 0x10, 0x30, 0x02,
    0x03, 0x01, 0x80, 0x07, 0x00, 0x00, 0xE6, 0x00, 0x01, 0x80, 0x00, 0x30, 0x00, 0x00, 0x00, 0x00,
    0xF0, 0x00, 0x80, 0x40, 0x60, 0x0C, 0x08, 0x00, 0x80, 0x00, 0x00, 0x00, 0x00, 0x10, 0x00, 0x12,
    0x00, 0x02, 0x40, 0x00, 0x4C, 0x00, 0x08, 0x00, 0x00, 0x00, 0x00, 0x00, 0x00, 0x10, 0x30, 0x02,
    0x03, 0x01, 0x80, 0x07, 0x30, 0x00, 0xFE, 0x00, 0x03, 0x80, 0x00, 0x00, 0x00, 0x00, 0xF0, 0x00,
    0x80, 0x40, 0x60, 0x0C, 0x08, 0x00, 0x80, 0x00, 0x00, 0x00, 0x00, 0x10, 0x00, 0x12, 0x00, 0x02,
    0x40, 0x00, 0x4C, 0x00, 0x08, 0x00, 0x00, 0x00, 0x00, 0x00, 0x00, 0x10, 0x30, 0x02, 0x03, 0x01,
    0x80, 0x07, 0x60, 0x00, 0xEF, 0x00, 0x00, 0xE0, 0x00, 0x00, 0x00, 0x00, 0xF0, 0x00, 0x80, 0x40,
    0x60, 0x0C, 0x08, 0x00, 0x80, 0x00, 0x00, 0x00, 0x00, 0x10, 0x00, 0x12, 0x00, 0x02, 0x40, 0x00,
    0x4C, 0x00, 0x08, 0x00, 0x00, 0x00, 0x00, 0x00, 0x00, 0x10, 0x30, 0x02, 0x03, 0x01, 0x80, 0x07,
    0x20, 0x00, 0xE4, 0x00, 0x00, 0x80, 0x00, 0x10, 0x00, 0x00, 0x00, 0x00, 0xF0, 0x00, 0x80, 0x40,
    0x60, 0x0C, 0x08, 0x00, 0x80, 0x00, 0x00, 0x00, 0x00, 0x10, 0x00, 0x12, 0x00, 0x02, 0x40, 0x00,
    0x4C, 0x00, 0x08, 0x00, 0x00, 0x00, 0x00, 0x00, 0x00, 0x10, 0x30, 0x02, 0x03, 0x01, 0x80, 0x07,
    0xFC, 0x00, 0xFF, 0x80, 0x02, 0x30, 0x00, 0x46, 0x00, 0x00, 0x00, 0x00, 0xF0, 0x00, 0x80, 0x40,
    0x60, 0x0C, 0x08, 0x00, 0x80, 0x00, 0x00, 0x00, 0x00, 0x10, 0x00, 0x12, 0x00, 0x02, 0x40, 0x00,
    0x4C, 0x00, 0x08, 0x00, 0x00, 0x00, 0x00, 0x00, 0x00, 0x10, 0x30, 0x02, 0x03, 0x01, 0x80, 0x07,
    0x00, 0x00, 0xE4, 0xC0, 0x0F, 0xF8, 0x00, 0xEE, 0x00, 0x00, 0x00, 0x00, 0xF0, 0x00, 0x80, 0x40,
    0x60, 0x0C, 0x08, 0x00, 0x80, 0x00, 0x00, 0x00, 0x00, 0x10, 0x00, 0x12, 0x00, 0x02, 0x40, 0x00,
    0x4C, 0x00, 0x08, 0x00, 0x00, 0x00, 0x00, 0x00, 0x00, 0x10, 0x30, 0x02, 0x03, 0x01, 0x80, 0x07,
    0x8C, 0x00, 0xFB, 0x00, 0x01, 0x40, 0x00, 0x38, 0x00, 0x00, 0x00, 0x00, 0xF0, 0x00, 0x80, 0x40,
    0x60, 0x0C, 0x08, 0x00, 0x80, 0x00, 0x00, 0x00, 0x00, 0x10, 0x00, 0x12, 0x00, 0x02, 0x40, 0x00,
    0x4C, 0x00, 0x08, 0x00, 0x00, 0x00, 0x00, 0x00, 0x00, 0x10, 0x30, 0x02, 0x03, 0x01, 0x80, 0x07,
    0x70, 0x00, 0xEA, 0x00, 0x03, 0x60, 0x00, 0xC6, 0x00, 0x00, 0x00, 0x00, 0xF0, 0x00, 0x80, 0x40,
    0x60, 0x0C, 0x08, 0x00, 0x80, 0x00, 0x00, 0x00, 0x00, 0x10, 0x00, 0x12, 0x00, 0x02, 0x40, 0x00,
    0x4C, 0x00, 0x08, 0x00, 0x00, 0x00, 0x00, 0x00, 0x00, 0x10, 0x30, 0x02, 0x03, 0x01, 0x80, 0x07,
    0x04, 0x00, 0xF1, 0x80, 0x03, 0xE0, 0x00, 0x38, 0x00, 0x00, 0x00, 0x00, 0xF0, 0x00, 0x80, 0x40,
    0x60, 0x0C, 0x08, 0x00, 0x80, 0x00, 0x00, 0x00, 0x00, 0x10, 0x00, 0x12, 0x00, 0x02, 0x40, 0x00,
    0x4C, 0x00, 0x08, 0x00, 0x00, 0x00, 0x00, 0x00, 0x00, 0x10, 0x30, 0x02, 0x03, 0x01, 0x80, 0x07,
    0x00, 0x00, 0xFF, 0x00, 0x06, 0x60, 0x00, 0x86, 0x00, 0x00, 0x00, 0x00, 0xF0, 0x00, 0x80, 0x40,
    0x60, 0x0C, 0x08, 0x00, 0x80, 0x00, 0x00, 0x00, 0x00, 0x10, 0x00, 0x12, 0x00, 0x02, 0x40, 0x00,
    0x4C, 0x00, 0x08, 0x00, 0x00, 0x00, 0x00, 0x00, 0x00, 0x10, 0x30, 0x02, 0x03, 0x01, 0x80, 0x07,
    0x00, 0x00, 0xFC, 0x80, 0x05, 0xD0, 0x00, 0x9C, 0x00, 0x00, 0x00, 0x00, 0xF0, 0x00, 0x80, 0x40,
    0x60, 0x0C, 0x08, 0x00, 0x80, 0x00, 0x00, 0x00, 0x00, 0x10, 0x00, 0x12, 0x00, 0x02, 0x40, 0x00,
    0x4C, 0x00, 0x08, 0x00, 0x00, 0x00, 0x00, 0x00, 0x00, 0x10, 0x30, 0x02, 0x03, 0x01, 0x80, 0x07,
    0x00, 0x00, 0xFF, 0x00, 0x07, 0xE0, 0x00, 0x00, 0x00, 0x00, 0xF0, 0x00, 0x40, 0x20, 0x18, 0x03,
    0x01, 0x00, 0x10, 0x00, 0x00, 0x00, 0x00, 0x00, 0x40, 0x00, 0x44, 0x00, 0x04, 0x40, 0x00, 0x46,
    0x00, 0x04, 0x00, 0x00, 0x00, 0x00, 0x00, 0x00, 0x01, 0x01, 0x80, 0x10, 0x0C, 0x06, 0x00, 0x0E,
    0x00, 0x00, 0xE0, 0x00, 0x0F, 0xFE, 0x00, 0xFF, 0xE0, 0x00, 0x00, 0x00, 0xF0, 0x00, 0x40, 0x20,
    0x18, 0x03, 0x01, 0x00, 0x10, 0x00, 0x00, 0x00, 0x00, 0x00, 0x40, 0x00, 0x44, 0x00, 0x04, 0x40,
    0x00, 0x46, 0x00, 0x04, 0x00, 0x00, 0x00, 0x00, 0x00, 0x00, 0x01, 0x01, 0x80, 0x10, 0x0C, 0xFF,
    0xE0, 0x0F, 0xFE, 0x00, 0xE0, 0x00, 0x0F, 0xFE, 0x00, 0xFF, 0xE0, 0x00, 0x00, 0x00, 0xF0, 0x00,
    0x80, 0x40, 0x60, 0x0C, 0x08, 0x00, 0x80, 0x00, 0x00, 0x00, 0x00, 0x10, 0x7E, 0x12, 0x0C, 0xFE,
    0x40, 0x03, 0x4C, 0x00, 0x08, 0x00, 0x00, 0x00, 0x00, 0x00, 0x00, 0x10, 0x30, 0x02, 0x03, 0x01,
    0x80, 0x07, 0x00, 0x00, 0xE0, 0x00, 0x00, 0x00, 0x00, 0xF0, 0x00, 0x80, 0x40, 0x60, 0x0C, 0x08,
    0x00, 0x80, 0x00, 0x00, 0x00, 0x00, 0x10, 0x00, 0x12, 0x00, 0x7E, 0x40, 0x0F, 0xCC, 0x00, 0x08,
    0x00, 0x00, 0x00, 0x00, 0x00, 0x00, 0x10, 0x30, 0x02, 0x03, 0x01, 0x80, 0x07, 0x00, 0x00, 0xE0,
    0x00, 0x00, 0x00, 0x00, 0xF0, 0x00, 0x80, 0x40, 0x60, 0x0C, 0x08, 0x00, 0x80, 0x00, 0x00, 0x00,
    0x00, 0x10, 0x00, 0x12, 0x3F, 0xFF, 0x47, 0xFF, 0xEC, 0x00, 0x08, 0x00, 0x00, 0x00, 0x00, 0x00,
    0x00, 0x10, 0x30, 0x02, 0x03, 0x01, 0x80, 0x07, 0x00, 0x00, 0xE0, 0x00, 0x00, 0x00, 0x00, 0xF0,
    0x00, 0x80, 0x48, 0x60, 0x0F, 0x08, 0x00, 0xC0, 0x00, 0x30, 0x00, 0x04, 0x10, 0x01, 0x12, 0x00,
    0x62, 0x40, 0x18, 0x4C, 0x06, 0x08, 0x01, 0x80, 0x00, 0x20, 0x00, 0x08, 0x10, 0x33, 0x02, 0x03,
    0x41, 0x80, 0x07, 0x00, 0x00, 0xE0, 0x00, 0x00, 0x00, 0x00, 0x00, 0x00, 0x00, 0x18, 0x00, 0x06,
    0x00, 0x79, 0x80, 0x40, 0x60, 0x30, 0x1E, 0x04, 0x06, 0x40, 0x00, 0x80, 0x00, 0x30, 0x08, 0x0C,
    0x09, 0x03, 0x01, 0x20, 0xC0, 0x26, 0x30, 0x04, 0x0C, 0x00, 0x01, 0x80, 0x00, 0x60, 0x08, 0x18,
    0x01, 0x01, 0x80, 0xC0, 0x03, 0x80, 0x00, 0x70, 0x00, 0x00, 0xF0, 0x00, 0x80, 0x40, 0x60, 0x0C,
    0x08, 0x00, 0x80, 0x00, 0x00, 0x00, 0x00, 0x10, 0x00, 0x12, 0x00, 0x02, 0x40, 0x00, 0x4C, 0x00,
    0x08, 0x00, 0x00, 0x00, 0x00, 0x00, 0x00, 0x10, 0x30, 0x02, 0x03, 0x01, 0x80, 0x07, 0x20, 0x00,
    0xE2, 0x00, 0x00, 0x40, 0x00, 0x10, 0x00, 0x00, 0x00, 0x00, 0xF0, 0x00, 0x80, 0x40, 0x60, 0x0C,
    0x08, 0x00, 0x80, 0x00, 0x00, 0x00, 0x00, 0x10, 0x00, 0x12, 0x00, 0x02, 0x40, 0x00, 0x4C, 0x00,
    0x08, 0x00, 0x00, 0x00, 0x00, 0x00, 0x00, 0x10, 0x30, 0x02, 0x03, 0x01, 0x80, 0x07, 0x8C, 0x00,
    0xF1, 0x80, 0x03, 0xF0, 0x00, 0x7E, 0x00, 0x00, 0x00, 0x00, 0xF0, 0x00, 0x80, 0x40, 0x60, 0x0C,
    0x08, 0x00, 0x80, 0x00, 0x00, 0x00, 0x00, 0x10, 0x00, 0x12, 0x00, 0x02, 0x40, 0x00, 0x4C, 0x00,
    0x08, 0x00, 0x00, 0x00, 0x00, 0x00, 0x00, 0x10, 0x30, 0x02, 0x03, 0x07, 0xC0, 0x07, 0xF8, 0x00,
    0xF1, 0x00, 0x02, 0x20, 0x00, 0x7C, 0x00, 0x00, 0x00, 0x00, 0x00, 0x00, 0xF0, 0x00, 0x80, 0x40,
    0x60, 0x0C, 0x08, 0x00, 0x80, 0x00, 0x00, 0x00, 0x00, 0x10, 0x00, 0x12, 0x00, 0x02, 0x40, 0x00,
    0x4C, 0x00, 0x08, 0x00, 0x00, 0x00, 0x00, 0x00, 0x00, 0x10, 0x30, 0x02, 0x03, 0x01, 0x80, 0x07,
    0x00, 0x00, 0xFB, 0x80, 0x0D, 0xD8, 0x01, 0x11, 0x00, 0x00, 0x00, 0x00, 0x1B, 0x00, 0x01, 0xC0,
    0x00, 0x38, 0x00, 0x0D, 0x80, 0x0F, 0x00, 0x08, 0x04, 0x06, 0x00, 0xC0, 0x80, 0x08, 0x00, 0x00,
    0x00, 0x00, 0x01, 0x00, 0x01, 0x20, 0x00, 0x24, 0x00, 0x04, 0xC0, 0x00, 0x80, 0x00, 0x00, 0x00,
    0x00, 0x00, 0x01, 0x03, 0x00, 0x20, 0x30, 0x18, 0x00, 0x70, 0x00, 0x0E, 0x00, 0x00, 0x00, 0x00,
    0x00, 0x01, 0x80, 0x00, 0x60, 0x00, 0x08, 0x00, 0x00, 0x80, 0x00, 0x18, 0x01, 0xE6, 0x01, 0x00,
    0x80, 0xC0, 0x18, 0x10, 0x01, 0x00, 0x00, 0x00, 0x00, 0x00, 0x20, 0x00, 0x24, 0x00, 0x04, 0x80,
    0x00, 0x98, 0x00, 0x10, 0x00, 0x00, 0x00, 0x00, 0x00, 0x00, 0x20, 0x60, 0x04, 0x06, 0x03, 0x00,
    0x0E, 0x00, 0x01, 0xC0, 0x00, 0x00, 0xFF, 0xE0, 0x0F, 0xFE, 0x00, 0x00, 0x00, 0x0F, 0xFE, 0x04,
    0xFF, 0xE1, 0x80, 0x30, 0x10, 0x01, 0x00, 0x00, 0x00, 0x00, 0x00, 0x04, 0x00, 0x04, 0x40, 0x00,
    0x44, 0x00, 0x04, 0x60, 0x00, 0x40, 0x00, 0x00, 0x00, 0x00, 0x00, 0x00, 0x10, 0x18, 0x01, 0x00,
    0xC0, 0x60, 0x00, 0xE0, 0x00, 0x0E, 0x00, 0x00, 0x30, 0x00, 0x03, 0x00, 0x00, 0x30, 0x00, 0x03,
    0x00, 0x0F, 0x00, 0x08, 0x04, 0x06, 0x00, 0xC0, 0x80, 0x08, 0x00, 0x00, 0x00, 0x00, 0x01, 0x00,
    0x01, 0x20, 0x00, 0x24, 0x00, 0x04, 0xC0, 0x00, 0x80, 0x00, 0x00, 0x00, 0x00, 0x00, 0x01, 0x03,
    0x00, 0x20, 0x30, 0x18, 0x00, 0x70, 0x00, 0x0E, 0x00, 0x00, 0x01, 0x80, 0x00, 0x60, 0x00, 0x18,
    0x00, 0x06, 0x00, 0x0F, 0x00, 0x08, 0x04, 0x06, 0x00, 0xC0, 0x80, 0x08, 0x00, 0x00, 0x00, 0x00,
    0x01, 0x00, 0x01, 0x20, 0x00, 0x24, 0x00, 0x04, 0xC0, 0x00, 0x80, 0x00, 0x00, 0x00, 0x00, 0x00,
    0x01, 0x03, 0x00, 0x20, 0x30, 0x18, 0x00, 0x70, 0x00, 0x0E, 0x00, 0x00, 0x1C, 0x80, 0x05, 0xD0,
    0x00, 0x9C, 0x00, 0x78, 0x00, 0x40, 0x20, 0x30, 0x06, 0x04, 0x00, 0x40, 0x00, 0x00, 0x00, 0x00,
    0x08, 0x00, 0x09, 0x00, 0x01, 0x20, 0x00, 0x26, 0x00, 0x04, 0x00, 0x00, 0x00, 0x00, 0x00, 0x00,
    0x08, 0x18, 0x01, 0x01, 0x80, 0xC0, 0x03, 0x80, 0x00, 0x70, 0x00, 0x00, 0x0E, 0x00, 0x01, 0xC0,
    0x00, 0x38, 0x00, 0x03, 0x00, 0x00, 0x60, 0x01, 0xF8, 0x01, 0x00, 0x80, 0xC0, 0x18, 0x10, 0x01,
    0x00, 0x00, 0x00, 0x00, 0x00, 0x20, 0x00, 0x24, 0x00, 0x04, 0x80, 0x00, 0x98, 0x00, 0x10, 0x00,
    0x00, 0x00, 0x00, 0x00, 0x00, 0x20, 0x60, 0x04, 0x06, 0x03, 0x00, 0x0E, 0x00, 0x01, 0xC0, 0x00,
    0x00, 0x01, 0x80, 0x06, 0x60, 0x00, 0xDC, 0x00, 0x06, 0x00, 0x0F, 0x00, 0x08, 0x04, 0x06, 0x00,
    0xC0, 0x80, 0x08, 0x00, 0x00, 0x00, 0x00, 0x01, 0x00, 0x01, 0x20, 0x00, 0x24, 0x00, 0x04, 0xC0,
    0x00, 0x80, 0x00, 0x00, 0x00, 0x00, 0x00, 0x01, 0x03, 0x00, 0x20, 0x30, 0x18, 0x00, 0x70, 0x00,
    0x0E, 0x00, 0x00, 0xF0, 0x00, 0x80, 0x40, 0x60, 0x0C, 0x08, 0x00, 0x80, 0x00, 0x00, 0x00, 0x00,
    0x10, 0x00, 0x12, 0x00, 0x02, 0x40, 0x00, 0x4C, 0x00, 0x08, 0x00, 0x00, 0x00, 0x00, 0x00, 0x00,
    0x10, 0x30, 0x02, 0x03, 0x01, 0x80, 0x07, 0x20, 0x00, 0xE4, 0x00, 0x00, 0x80, 0x00, 0x18, 0x00,
    0x00, 0x00, 0x00, 0x3F, 0x80, 0x06, 0x30, 0x00, 0xC6, 0x00, 0x78, 0x00, 0x40, 0x20, 0x30, 0x06,
    0x04, 0x00, 0x40, 0x00, 0x00, 0x00, 0x00, 0x08, 0x00, 0x09, 0x00, 0x01, 0x20, 0x00, 0x26, 0x00,
    0x04, 0x00, 0x00, 0x00, 0x00, 0x00, 0x00, 0x08, 0x18, 0x01, 0x01, 0x80, 0xC0, 0x03, 0x80, 0x00,
    0x70, 0x00, 0x00, 0x00, 0x00, 0xF0, 0x00, 0x80, 0x40, 0x60, 0x0C, 0x08, 0x00, 0x80, 0x00, 0x00,
    0x00, 0x00, 0x10, 0x00, 0x12, 0x00, 0x02, 0x40, 0x00, 0x4C, 0x00, 0x08, 0x00, 0x00, 0x00, 0x00,
    0x00, 0x00, 0x10, 0x30, 0x02, 0x03, 0x01, 0x80, 0x07, 0xF8, 0x00, 0xE0, 0x00, 0x00, 0x00, 0x00,
    0x7C, 0x00, 0x00, 0x00, 0x00, 0xF0, 0x00, 0x80, 0x40, 0x60, 0x0C, 0x08, 0x00, 0x80, 0x00, 0x00,
    0x00, 0x00, 0x10, 0x00, 0x12, 0x00, 0x02, 0x40, 0x00, 0x4C, 0x00, 0x08, 0x00, 0x00, 0x00, 0x00,
    0x00, 0x00, 0x10, 0x30, 0x02, 0x03, 0x01, 0x80, 0x07, 0xD8, 0x00, 0xFB, 0x00, 0x03, 0x60, 0x00,
    0x6C, 0x00, 0x00, 0x00, 0x00, 0x00, 0x00, 0xF0, 0x00, 0x80, 0x40, 0x60, 0x0C, 0x08, 0x00, 0x80,
    0x00, 0x00, 0x00, 0x00, 0x10, 0x00, 0x12, 0x00, 0x02, 0x40, 0x00, 0x4C, 0x00, 0x08, 0x00, 0x00,
    0x00, 0x00, 0x00, 0x00, 0x10, 0x30, 0x02, 0x03, 0x07, 0xC0, 0x07, 0xF8, 0x00, 0xE3, 0x00, 0x00,
    0x60, 0x00, 0x0C, 0x00, 0x00, 0x00, 0x00, 0x00, 0x00, 0x02, 0x00, 0x03, 0xD0, 0x00, 0xDE, 0x00,
    0x15, 0x80, 0x0F, 0x00, 0x08, 0x04, 0x06, 0x00, 0xC0, 0x80, 0x08, 0x00, 0x00, 0x00, 0x00, 0x01,
    0x00, 0x01, 0x20, 0x00, 0x24, 0x00, 0x04, 0xC0, 0x00, 0x80, 0x00, 0x00, 0x00, 0x00, 0x00, 0x01,
    0x03, 0x00, 0x20, 0x30, 0x18, 0x00, 0x70, 0x00, 0x0E, 0x00, 0x00, 0x02, 0x00, 0x00, 0x40, 0x00,
    0x62, 0x00, 0x1F, 0xC0, 0x02, 0x30, 0x01, 0xF0, 0x01, 0x02, 0x80, 0xC0, 0x18, 0x10, 0x01, 0x00,
    0x00, 0x00, 0x00, 0x00, 0x20, 0x00, 0x24, 0x00, 0x04, 0x80, 0x00, 0x98, 0x00, 0x10, 0x00, 0x00,
    0x00, 0x00, 0x00, 0x00, 0x20, 0x60, 0x04, 0x06, 0x03, 0x00, 0x0E, 0x00, 0x01, 0xC0, 0x00, 0x00,
    0x18, 0x80, 0x04, 0xF0, 0x00, 0x00, 0x00, 0x1E, 0x40, 0x0F, 0x30, 0x08, 0x04, 0x06, 0x00, 0xC0,
    0x80, 0x08, 0x00, 0x00, 0x00, 0x00, 0x01, 0x00, 0x01, 0x20, 0x00, 0x24, 0x00, 0x04, 0xC0, 0x00,
    0x80, 0x00, 0x00, 0x00, 0x00, 0x00, 0x01, 0x03, 0x00, 0x20, 0x30, 0x18, 0x00, 0x70, 0x00, 0x0E,
    0x00, 0x00, 0xF0, 0x00, 0x80, 0x40, 0x60, 0x0C, 0x08, 0x00, 0x80, 0x00, 0x00, 0x00, 0x00, 0x10,
    0x00, 0x12, 0x00, 0x02, 0x40, 0x00, 0x4C, 0x00, 0x08, 0x00, 0x00, 0x00, 0x00, 0x00, 0x00, 0x10,
    0x30, 0x02, 0x03, 0x01, 0x80, 0x07, 0x8C, 0x00, 0xFF, 0xC0, 0x04, 0x10, 0x00, 0xC6, 0x00, 0x00,
    0x00, 0x00, 0x00, 0x00, 0xF0, 0x00, 0x80, 0x40, 0x60, 0x0C, 0x08, 0x00, 0x80, 0x00, 0x00, 0x00,
    0x00, 0x10, 0x00, 0x12, 0x00, 0x02, 0x40, 0x00, 0x4C, 0x00, 0x08, 0x00, 0x00, 0x00, 0x00, 0x00,
    0x00, 0x10, 0x30, 0x02, 0x03, 0x01, 0x80, 0x07, 0x20, 0x00, 0xEE, 0x00, 0x02, 0xA0, 0x00, 0x10,
    0x00, 0x00, 0x00, 0x00, 0x00, 0x00, 0xF0, 0x00, 0x80, 0x40, 0x60, 0x0C, 0x08, 0x00, 0x80, 0x00,
    0x00, 0x00, 0x00, 0x10, 0x00, 0x12, 0x00, 0x02, 0x40, 0x00, 0x4C, 0x00, 0x08, 0x00, 0x00, 0x00,
    0x00, 0x00, 0x00, 0x10, 0x30, 0x02, 0x03, 0x01, 0x80, 0x07, 0x00, 0x00, 0xE0, 0x00, 0x00, 0x00,
    0x00, 0x00, 0x0F, 0xFE, 0x00, 0x00, 0x08, 0x02, 0x00, 0xF0, 0x08, 0x02, 0x04, 0x02, 0x08, 0x02,
    0x18, 0x03, 0x08, 0x02, 0x10, 0x01, 0x08, 0x02, 0x00, 0x00, 0x08, 0x02, 0x00, 0x00, 0x08, 0x02,
    0x40, 0x00, 0x48, 0x02, 0x40, 0x00, 0x48, 0x02, 0x40, 0x00, 0x48, 0x02, 0x60, 0x00, 0x48, 0x02,
    0x00, 0x00, 0x08, 0x02, 0x00, 0x00, 0x08, 0x02, 0x00, 0x01, 0x08, 0x02, 0x18, 0x01, 0x08, 0x02,
    0x0C, 0x06, 0x08, 0x02, 0x00, 0xE0, 0x08, 0x02, 0x00, 0xE0, 0x0F, 0xFE, 0x00, 0x06, 0x00, 0x01,
    0x80, 0x00, 0x20, 0x00, 0x06, 0x00, 0x00, 0x60, 0x01, 0xE4, 0x01, 0x00, 0x80, 0xC0, 0x18, 0x10,
    0x01, 0x00, 0x00, 0x00, 0x00, 0x00, 0x20, 0x00, 0x24, 0x00, 0x04, 0x80, 0x00, 0x98, 0x00, 0x10,
    0x00, 0x00, 0x00, 0x00, 0x00, 0x00, 0x20, 0x60, 0x04, 0x06, 0x03, 0x00, 0x0E, 0x00, 0x01, 0xC0,
    0x00, 0x00, 0x00, 0x00, 0x0E, 0x00, 0x03, 0xE0, 0x00, 0xC6, 0x00, 0x16, 0x40, 0x00, 0xC0, 0x00,
    0x18, 0x00, 0x3C, 0x00, 0x20, 0x10, 0x18, 0x03, 0x02, 0x00, 0x20, 0x00, 0x00, 0x00, 0x00, 0x04,
    0x00, 0x04, 0x80, 0x00, 0x90, 0x00, 0x13, 0x00, 0x02, 0x00, 0x00, 0x00, 0x00, 0x00, 0x00, 0x04,
    0x0C, 0x00, 0x80, 0xC0, 0x60, 0x01, 0xC0, 0x00, 0x38, 0x00, 0x00, 0xF0, 0x00, 0x80, 0x40, 0x60,
    0x0C, 0x08, 0x00, 0x80, 0x00, 0x00, 0x00, 0x00, 0x10, 0x00, 0x12, 0x00, 0x02, 0x40, 0x00, 0x4C,
    0x00, 0x08, 0x00, 0x00, 0x00, 0x00, 0x00, 0x00, 0x10, 0x30, 0x02, 0x03, 0x01, 0x80, 0x07, 0xD8,
    0x00, 0xEE, 0x00, 0x01, 0xC0, 0x00, 0x6C, 0x00, 0x00, 0x00, 0x00, 0x00, 0x00, 0x00, 0x0F, 0xFE,
    0x00, 0x00, 0x08, 0x02, 0x00, 0xF0, 0x08, 0x02, 0x04, 0x02, 0x08, 0x02, 0x18, 0x03, 0x08, 0x02,
    0x10, 0x01, 0x08, 0x02, 0x00, 0x00, 0x08, 0x02, 0x00, 0x00, 0x08, 0x02, 0x40, 0x00, 0x48, 0x02,
    0x40, 0x00, 0x48, 0x02, 0x40, 0x00, 0x48, 0x02, 0x60, 0x00, 0x48, 0x02, 0x00, 0x00, 0x08, 0x02,
    0x00, 0x00, 0x08, 0x02, 0x00, 0x01, 0x08, 0x02, 0x18, 0x01, 0x08, 0x02, 0x0C, 0x06, 0x08, 0x02,
    0x00, 0xE0, 0x08, 0x02, 0x00, 0xE0, 0x0F, 0xFE, 0x00, 0x00, 0x0F, 0xFE, 0x00, 0x00, 0x08, 0x02,
    0x00, 0xF0, 0x08, 0x02, 0x04, 0x02, 0x08, 0x02, 0x18, 0x03, 0x08, 0x02, 0x10, 0x01, 0x08, 0x02,
    0x00, 0x00, 0x08, 0x02, 0x00, 0x00, 0x08, 0x02, 0x40, 0x00, 0x48, 0x02, 0x40, 0x00, 0x48, 0x02,
    0x40, 0x00, 0x48, 0x02, 0x60, 0x00, 0x48, 0x02, 0x00, 0x00, 0x08, 0x02, 0x00, 0x00, 0x08, 0x02,
    0x00, 0x01, 0x08, 0x02, 0x18, 0x01, 0x08, 0x02, 0x0C, 0x06, 0x08, 0x02, 0x00, 0xE0, 0x08, 0x02,
    0x00, 0xE0, 0x0F, 0xFE, 0x00, 0x00, 0x0F, 0xFE, 0x00, 0x00, 0x08, 0x02, 0x00, 0xF0, 0x08, 0x02,
    0x04, 0x02, 0x08, 0x02, 0x18, 0x03, 0x08, 0x02, 0x10, 0x01, 0x08, 0x02, 0x00, 0x00, 0x08, 0x02,
    0x00, 0x00, 0x08, 0x02, 0x40, 0x00, 0x48, 0x02, 0x40, 0x00, 0x48, 0x02, 0x40, 0x00, 0x48, 0x02,
    0x60, 0x00, 0x48, 0x02, 0x00, 0x00, 0x08, 0x02, 0x00, 0x00, 0x08, 0x02, 0x00, 0x01, 0x08, 0x02,
    0x18, 0x01, 0x08, 0x02, 0x0C, 0x06, 0x08, 0x02, 0x00, 0xE0, 0x08, 0x02, 0x00, 0xE0, 0x0F, 0xFE,
    0x00, 0x0C, 0x00, 0x00, 0xC0, 0x00, 0x08, 0x00, 0x03, 0x00, 0x00, 0xC0, 0x01, 0xF0, 0x01, 0x00,
    0x80, 0xC0, 0x18, 0x10, 0x01, 0x00, 0x00, 0x00, 0x00, 0x00, 0x20, 0x00, 0x24, 0x00, 0x04, 0x80,
    0x00, 0x98, 0x00, 0x10, 0x00, 0x00, 0x00, 0x00, 0x00, 0x00, 0x20, 0x60, 0x04, 0x06, 0x03, 0x00,
    0x0E, 0x00, 0x01, 0xC0, 0x00, 0x00, 0x00, 0x00, 0x00, 0xC0, 0x00, 0x18, 0x00, 0x00, 0x00, 0x78,
    0x00, 0x40, 0x20, 0x30, 0x06, 0x04, 0x00, 0x40, 0x00, 0x00, 0x00, 0x00, 0x08, 0x00, 0x09, 0x00,
    0x01, 0x20, 0x00, 0x26, 0x00, 0x04, 0x00, 0x00, 0x00, 0x00, 0x00, 0x00, 0x08, 0x18, 0x01, 0x01,
    0x80, 0xC0, 0x03, 0x80, 0x00, 0x70, 0x00, 0x00, 0x00, 0x0F, 0xFE, 0x00, 0x00, 0x08, 0x02, 0x00,
    0xF0, 0x08, 0x02, 0x04, 0x02, 0x08, 0x02, 0x18, 0x03, 0x08, 0x02, 0x10, 0x01, 0x08, 0x02, 0x00,
    0x00, 0x08, 0x02, 0x00, 0x00, 0x08, 0x02, 0x40, 0x00, 0x48, 0x02, 0x40, 0x00, 0x48, 0x02, 0x40,
    0x00, 0x48, 0x02, 0x60, 0x00, 0x48, 0x02, 0x00, 0x00, 0x08, 0x02, 0x00, 0x00, 0x08, 0x02, 0x00,
    0x01, 0x08, 0x02, 0x18, 0x01, 0x08, 0x02, 0x0C, 0x06, 0x08, 0x02, 0x00, 0xE0, 0x08, 0x02, 0x00,
    0xE0, 0x0F, 0xFE, 0x00, 0xF0, 0x00, 0x80, 0x40, 0x60, 0x0C, 0x08, 0x00, 0x80, 0x00, 0x00, 0x00,
    0x00, 0x10, 0x00, 0x12, 0x00, 0x02, 0x40, 0x00, 0x4C, 0x00, 0x08, 0x00, 0x00, 0x00, 0x00, 0x00,
    0x00, 0x10, 0x30, 0x02, 0x03, 0x01, 0x80, 0x07, 0xFC, 0x00, 0xE4, 0x80, 0x04, 0x90, 0x00, 0xFE,
    0x00, 0x00, 0x00, 0x00, 0x00, 0x00, 0x00, 0x0F, 0xFE, 0x00, 0x00, 0x08, 0x02, 0x00, 0xF0, 0x08,
    0x02, 0x04, 0x02, 0x08, 0x02, 0x18, 0x03, 0x08, 0x02, 0x10, 0x01, 0x08, 0x02, 0x00, 0x00, 0x08,
    0x02, 0x00, 0x00, 0x08, 0x02, 0x40, 0x00, 0x48, 0x02, 0x40, 0x00, 0x48, 0x02, 0x40, 0x00, 0x48,
    0x02, 0x60, 0x00, 0x48, 0x02, 0x00, 0x00, 0x08, 0x02, 0x00, 0x00, 0x08, 0x02, 0x00, 0x01, 0x08,
    0x02, 0x18, 0x01, 0x08, 0x02, 0x0C, 0x06, 0x08, 0x02, 0x00, 0xE0, 0x08, 0x02, 0x00, 0xE0, 0x0F,
    0xFE, 0x00, 0xF0, 0x00, 0x00, 0x20, 0x10, 0x00, 0x06, 0x00, 0xC0, 0x00, 0x20, 0x02, 0x00, 0x00,
    0x00, 0x00, 0x00, 0x00, 0x00, 0x00, 0x01, 0x00, 0x01, 0x00, 0x08, 0x00, 0x08, 0x00, 0x40, 0x00,
    0x40, 0x03, 0x00, 0x02, 0x00, 0x00, 0x00, 0x00, 0x00, 0x00, 0x00, 0x00, 0x00, 0x00, 0x10, 0x00,
    0x0C, 0x00, 0x80, 0x00, 0x30, 0x18, 0x00, 0x00, 0x1C, 0x00, 0x00, 0x00, 0xE0, 0x00, 0x08, 0x01,
    0xE0, 0x07, 0x80, 0x03, 0xFF, 0xF0, 0x00, 0x03, 0xFC, 0x00, 0x00, 0x00, 0x00, 0x00, 0x00, 0x40,
    0x00, 0x08, 0x01, 0xE0, 0x07, 0x80, 0x03, 0xFF, 0xF0, 0x00, 0x03, 0xFC, 0x00, 0x00, 0x00, 0x00,
    0x00, 0x00, 0x00, 0x00, 0x00, 0x00, 0x00, 0x00, 0x1E, 0x00, 0x00, 0x04, 0x02, 0x00, 0x00, 0xC0,
    0x18, 0x00, 0x04, 0x00, 0x40, 0x00, 0x00, 0x00, 0x00, 0x00, 0x00, 0x00, 0x00, 0x20, 0x00, 0x20,
    0x01, 0x00, 0x01, 0x00, 0x08, 0x00, 0x08, 0x00, 0x60, 0x00, 0x40, 0x00, 0x00, 0x00, 0x00, 0x00,
    0x00, 0x00, 0x00, 0x00, 0x02, 0x00, 0x01, 0x80, 0x10, 0x00, 0x06, 0x03, 0x00, 0x00, 0x03, 0x80,
    0x00, 0x00, 0x1C, 0x00, 0x00, 0x00, 0x7F, 0xFF, 0xF8, 0x00, 0x00, 0x00, 0x00, 0x00, 0x00, 0x00,
    0x00, 0x00, 0x00, 0x00, 0x00, 0x00, 0x00, 0x00, 0x00, 0x00, 0x00, 0x03, 0xC0, 0x00, 0x00, 0x80,
    0x40, 0x00, 0x18, 0x03, 0x00, 0x00, 0x80, 0x08, 0x00, 0x00, 0x00, 0x00, 0x00, 0x00, 0x00, 0x00,
    0x04, 0x00, 0x04, 0x00, 0x20, 0x00, 0x20, 0x01, 0x00, 0x01, 0x00, 0x0C, 0x00, 0x08, 0x00, 0x00,
    0x00, 0x00, 0x00, 0x00, 0x00, 0x00, 0x00, 0x00, 0x40, 0x00, 0x30, 0x02, 0x00, 0x00, 0xC0, 0x60,
    0x00, 0x00, 0x70, 0x00, 0x00, 0x03, 0x80, 0x00, 0x00, 0x00, 0x00, 0x00, 0x00, 0xF0, 0x00, 0x00,
    0x20, 0x10, 0x00, 0x06, 0x00, 0xC0, 0x00, 0x20, 0x02, 0x00, 0x00, 0x00, 0x00, 0x00, 0x00, 0x00,
    0x00, 0x01, 0x00, 0x01, 0x00, 0x08, 0x00, 0x08, 0x00, 0x40, 0x00, 0x40, 0x03, 0x00, 0x02, 0x00,
    0x00, 0x00, 0x00, 0x00, 0x00, 0x00, 0x00, 0x00, 0x00, 0x10, 0x00, 0x0C, 0x00, 0x80, 0x00, 0x30,
    0x18, 0x00, 0x00, 0x1C, 0x00, 0x00, 0x00, 0xFF, 0xFF, 0xF8, 0x00, 0x00, 0x00, 0x00, 0x00, 0x00,
    0x00, 0x00, 0x03, 0xC0, 0x60, 0x01, 0xFE, 0x1C, 0x00, 0x60, 0xFF, 0x00, 0x00, 0x00, 0x00, 0x00,
    0x00, 0x00, 0x00, 0x00, 0x00, 0x00, 0x3C, 0x00, 0x00, 0x20, 0x10, 0x00, 0x18, 0x03, 0x00, 0x02,
    0x00, 0x20, 0x00, 0x00, 0x00, 0x00, 0x00, 0x00, 0x00, 0x04, 0x00, 0x04, 0x00, 0x80, 0x00, 0x80,
    0x10, 0x00, 0x10, 0x03, 0x00, 0x02, 0x00, 0x00, 0x00, 0x00, 0x00, 0x00, 0x00, 0x00, 0x00, 0x04,
    0x00, 0x0C, 0x00, 0x80, 0x00, 0xC0, 0x60, 0x00, 0x01, 0xC0, 0x00, 0x00, 0x38, 0x00, 0x00, 0x00,
    0x01, 0xFE, 0x00, 0x00, 0x7F, 0xFE, 0x00, 0x0F, 0x00, 0x3C, 0x00, 0x80, 0x00, 0x10, 0x00, 0x00,
    0x00, 0x00, 0x00, 0x00, 0x00, 0x00, 0x00, 0x00, 0x00, 0x1E, 0x00, 0x00, 0x04, 0x02, 0x00, 0x00,
    0xC0, 0x18, 0x00, 0x04, 0x00, 0x40, 0x00, 0x00, 0x00, 0x00, 0x00, 0x00, 0x00, 0x00, 0x20, 0x00,
    0x20, 0x01, 0x00, 0x01, 0x00, 0x08, 0x00, 0x08, 0x00, 0x60, 0x00, 0x40, 0x00, 0x00, 0x00, 0x00,
    0x00, 0x00, 0x00, 0x00, 0x00, 0x02, 0x00, 0x01, 0x80, 0x10, 0x00, 0x06, 0x03, 0x00, 0x00, 0x03,
    0x80, 0x00, 0x00, 0x1C, 0x00, 0x00, 0x00, 0xF0, 0x00, 0x00, 0x20, 0x10, 0x00, 0x06, 0x00, 0xC0,
    0x00, 0x20, 0x02, 0x00, 0x00, 0x00, 0x00, 0x00, 0x00, 0x00, 0x00, 0x01, 0x00, 0x01, 0x00, 0x08,
    0x00, 0x08, 0x00, 0x40, 0x00, 0x40, 0x03, 0x00, 0x02, 0x00, 0x00, 0x00, 0x00, 0x00, 0x00, 0x00,
    0x00, 0x00, 0x00, 0x10, 0x00, 0x0C, 0x00, 0x80, 0x00, 0x30, 0x18, 0x00, 0x00, 0x1C, 0x00, 0x06,
    0x00, 0xFF, 0xFF, 0xF8, 0x00, 0x00, 0x00, 0x80, 0x00, 0x00, 0x08, 0x00, 0x00, 0x00, 0x00, 0x00,
    0x00, 0x00, 0x00, 0x00, 0x00, 0x0F, 0xFE, 0x00, 0x00, 0x08, 0x02, 0x00, 0xF0, 0x08, 0x02, 0x04,
    0x02, 0x08, 0x02, 0x18, 0x03, 0x08, 0x02, 0x10, 0x01, 0x08, 0x02, 0x00, 0x00, 0x08, 0x02, 0x00,
    0x00, 0x08, 0x02, 0x40, 0x00, 0x48, 0x02, 0x40, 0x00, 0x48, 0x02, 0x40, 0x00, 0x48, 0x02, 0x60,
    0x00, 0x48, 0x02, 0x00, 0x00, 0x08, 0x02, 0x00, 0x00, 0x08, 0x02, 0x00, 0x01, 0x08, 0x02, 0x18,
    0x01, 0x08, 0x02, 0x0C, 0x06, 0x08, 0x02, 0x00, 0xE0, 0x08, 0x02, 0x00, 0xE0, 0x0F, 0xFE, 0x00,
    0x00, 0x0F, 0xFE, 0x00, 0x00, 0x08, 0x02, 0x00, 0xF0, 0x08, 0x02, 0x04, 0x02, 0x08, 0x02, 0x18,
    0x03, 0x08, 0x02, 0x10, 0x01, 0x08, 0x02, 0x00, 0x00, 0x08, 0x02, 0x00, 0x00, 0x08, 0x02, 0x40,
    0x00, 0x48, 0x02, 0x40, 0x00, 0x48, 0x02, 0x40, 0x00, 0x48, 0x02, 0x60, 0x00, 0x48, 0x02, 0x00,
    0x00, 0x08, 0x02, 0x00, 0x00, 0x08, 0x02, 0x00, 0x01, 0x08, 0x02, 0x18, 0x01, 0x08, 0x02, 0x0C,
    0x06, 0x08, 0x02, 0x00, 0xE0, 0x08, 0x02, 0x00, 0xE0, 0x0F, 0xFE, 0x00, 0x00, 0x0F, 0xFE, 0x00,
    0x00, 0x08, 0x02, 0x00, 0xF0, 0x08, 0x02, 0x04, 0x02, 0x08, 0x02, 0x18, 0x03, 0x08, 0x02, 0x10,
    0x01, 0x08, 0x02, 0x00, 0x00, 0x08, 0x02, 0x00, 0x00, 0x08, 0x02, 0x40, 0x00, 0x48, 0x02, 0x40,
    0x00, 0x48, 0x02, 0x40, 0x00, 0x48, 0x02, 0x60, 0x00, 0x48, 0x02, 0x00, 0x00, 0x08, 0x02, 0x00,
    0x00, 0x08, 0x02, 0x00, 0x01, 0x08, 0x02, 0x18, 0x01, 0x08, 0x02, 0x0C, 0x06, 0x08, 0x02, 0x00,
    0xE0, 0x08, 0x02, 0x00, 0xE0, 0x0F, 0xFE, 0x00, 0x00, 0x0F, 0xFE, 0x00, 0x00, 0x08, 0x02, 0x00,
    0xF0, 0x08, 0x02, 0x04, 0x02, 0x08, 0x02, 0x18, 0x03, 0x08, 0x02, 0x10, 0x01, 0x08, 0x02, 0x00,
    0x00, 0x08, 0x02, 0x00, 0x00, 0x08, 0x02, 0x40, 0x00, 0x48, 0x02, 0x40, 0x00, 0x48, 0x02, 0x40,
    0x00, 0x48, 0x02, 0x60, 0x00, 0x48, 0x02, 0x00, 0x00, 0x08, 0x02, 0x00, 0x00, 0x08, 0x02, 0x00,
    0x01, 0x08, 0x02, 0x18, 0x01, 0x08, 0x02, 0x0C, 0x06, 0x08, 0x02, 0x00, 0xE0, 0x08, 0x02, 0x00,
    0xE0, 0x0F, 0xFE, 0x00, 0x00, 0x0F, 0xFE, 0x00, 0x00, 0x08, 0x02, 0x00, 0xF0, 0x08, 0x02, 0x04,
    0x02, 0x08, 0x02, 0x18, 0x03, 0x08, 0x02, 0x10, 0x01, 0x08, 0x02, 0x00, 0x00, 0x08, 0x02, 0x00,
    0x00, 0x08, 0x02, 0x40, 0x00, 0x48, 0x02, 0x40, 0x00, 0x48, 0x02, 0x40, 0x00, 0x48, 0x02, 0x60,
    0x00, 0x48, 0x02, 0x00, 0x00, 0x08, 0x02, 0x00, 0x00, 0x08, 0x02, 0x00, 0x01, 0x08, 0x02, 0x18,
    0x01, 0x08, 0x02, 0x0C, 0x06, 0x08, 0x02, 0x00, 0xE0, 0x08, 0x02, 0x00, 0xE0, 0x0F, 0xFE, 0x00,
    0x00, 0x0F, 0xFE, 0x00, 0x00, 0x08, 0x02, 0x00, 0xF0, 0x08, 0x02, 0x04, 0x02, 0x08, 0x02, 0x18,
    0x03, 0x08, 0x02, 0x10, 0x01, 0x08, 0x02, 0x00, 0x00, 0x08, 0x02, 0x00, 0x00, 0x08, 0x02, 0x40,
    0x00, 0x48, 0x02, 0x40, 0x00, 0x48, 0x02, 0x40, 0x00, 0x48, 0x02, 0x60, 0x00, 0x48, 0x02, 0x00,
    0x00, 0x08, 0x02, 0x00, 0x00, 0x08, 0x02, 0x00, 0x01, 0x08, 0x02, 0x18, 0x01, 0x08, 0x02, 0x0C,
    0x06, 0x08, 0x02, 0x00, 0xE0, 0x08, 0x02, 0x00, 0xE0, 0x0F, 0xFE, 0x00, 0x00, 0x0F, 0xFE, 0x00,
    0x00, 0x08, 0x02, 0x00, 0xF0, 0x08, 0x02, 0x04, 0x02, 0x08, 0x02, 0x18, 0x03, 0x08, 0x02, 0x10,
    0x01, 0x08, 0x02, 0x00, 0x00, 0x08, 0x02, 0x00, 0x00, 0x08, 0x02, 0x40, 0x00, 0x48, 0x02, 0x40,
    0x00, 0x48, 0x02, 0x40, 0x00, 0x48, 0x02, 0x60, 0x00, 0x48, 0x02, 0x00, 0x00, 0x08, 0x02, 0x00,
    0x00, 0x08, 0x02, 0x00, 0x01, 0x08, 0x02, 0x18, 0x01, 0x08, 0x02, 0x0C, 0x06, 0x08, 0x02, 0x00,
    0xE0, 0x08, 0x02, 0x00, 0xE0, 0x0F, 0xFE, 0x00, 0x00, 0x0F, 0xFE, 0x00, 0x00, 0x08, 0x02, 0x00,
    0xF0, 0x08, 0x02, 0x04, 0x02, 0x08, 0x02, 0x18, 0x03, 0x08, 0x02, 0x10, 0x01, 0x08, 0x02, 0x00,
    0x00, 0x08, 0x02, 0x00, 0x00, 0x08, 0x02, 0x40, 0x00, 0x48, 0x02, 0x40, 0x00, 0x48, 0x02, 0x40,
    0x00, 0x48, 0x02, 0x60, 0x00, 0x48, 0x02, 0x00, 0x00, 0x08, 0x02, 0x00, 0x00, 0x08, 0x02, 0x00,
    0x01, 0x08, 0x02, 0x18, 0x01, 0x08, 0x02, 0x0C, 0x06, 0x08, 0x02, 0x00, 0xE0, 0x08, 0x02, 0x00,
    0xE0, 0x0F, 0xFE, 0x00, 0x00, 0x0F, 0xFE, 0x00, 0x00, 0x08, 0x02, 0x00, 0xF0, 0x08, 0x02, 0x04,
    0x02, 0x08, 0x02, 0x18, 0x03, 0x08, 0x02, 0x10, 0x01, 0x08, 0x02, 0x00, 0x00, 0x08, 0x02, 0x00,
    0x00, 0x08, 0x02, 0x40, 0x00, 0x48, 0x02, 0x40, 0x00, 0x48, 0x02, 0x40, 0x00, 0x48, 0x02, 0x60,
    0x00, 0x48, 0x02, 0x00, 0x00, 0x08, 0x02, 0x00, 0x00, 0x08, 0x02, 0x00, 0x01, 0x08, 0x02, 0x18,
    0x01, 0x08, 0x02, 0x0C, 0x06, 0x08, 0x02, 0x00, 0xE0, 0x08, 0x02, 0x00, 0xE0, 0x0F, 0xFE, 0x00,
    0x00, 0x0F, 0xFE, 0x00, 0x00, 0x08, 0x02, 0x00, 0xF0, 0x08, 0x02, 0x04, 0x02, 0x08, 0x02, 0x18,
    0x03, 0x08, 0x02, 0x10, 0x01, 0x08, 0x02, 0x00, 0x00, 0x08, 0x02, 0x00, 0x00, 0x08, 0x02, 0x40,
    0x00, 0x48, 0x02, 0x40, 0x00, 0x48, 0x02, 0x40, 0x00, 0x48, 0x02, 0x60, 0x00, 0x48, 0x02, 0x00,
    0x00, 0x08, 0x02, 0x00, 0x00, 0x08, 0x02, 0x00, 0x01, 0x08, 0x02, 0x18, 0x01, 0x08, 0x02, 0x0C,
    0x06, 0x08, 0x02, 0x00, 0xE0, 0x08, 0x02, 0x00, 0xE0, 0x0F, 0xFE, 0x00, 0x00, 0x0F, 0xFE, 0x00,
    0x00, 0x08, 0x02, 0x00, 0xF0, 0x08, 0x02, 0x04, 0x02, 0x08, 0x02, 0x18, 0x03, 0x08, 0x02, 0x10,
    0x01, 0x08, 0x02, 0x00, 0x00, 0x08, 0x02, 0x00, 0x00, 0x08, 0x02, 0x40, 0x00, 0x48, 0x02, 0x40,
    0x00, 0x48, 0x02, 0x40, 0x00, 0x48, 0x02, 0x60, 0x00, 0x48, 0x02, 0x00, 0x00, 0x08, 0x02, 0x00,
    0x00, 0x08, 0x02, 0x00, 0x01, 0x08, 0x02, 0x18, 0x01, 0x08, 0x02, 0x0C, 0x06, 0x08, 0x02, 0x00,
    0xE0, 0x08, 0x02, 0x00, 0xE0, 0x0F, 0xFE, 0x00, 0x00, 0x0F, 0xFE, 0x00, 0x00, 0x08, 0x02, 0x00,
    0xF0, 0x08, 0x02, 0x04, 0x02, 0x08, 0x02, 0x18, 0x03, 0x08, 0x02, 0x10, 0x01, 0x08, 0x02, 0x00,
    0x00, 0x08, 0x02, 0x00, 0x00, 0x08, 0x02, 0x40, 0x00, 0x48, 0x02, 0x40, 0x00, 0x48, 0x02, 0x40,
    0x00, 0x48, 0x02, 0x60, 0x00, 0x48, 0x02, 0x00, 0x00, 0x08, 0x02, 0x00, 0x00, 0x08, 0x02, 0x00,
    0x01, 0x08, 0x02, 0x18, 0x01, 0x08, 0x02, 0x0C, 0x06, 0x08, 0x02, 0x00, 0xE0, 0x08, 0x02, 0x00,
    0xE0, 0x0F, 0xFE, 0x00, 0x00, 0x0F, 0xFE, 0x00, 0x00, 0x08, 0x02, 0x00, 0xF0, 0x08, 0x02, 0x04,
    0x02, 0x08, 0x02, 0x18, 0x03, 0x08, 0x02, 0x10, 0x01, 0x08, 0x02, 0x00, 0x00, 0x08, 0x02, 0x00,
    0x00, 0x08, 0x02, 0x40, 0x00, 0x48, 0x02, 0x40, 0x00, 0x48, 0x02, 0x40, 0x00, 0x48, 0x02, 0x60,
    0x00, 0x48, 0x02, 0x00, 0x00, 0x08, 0x02, 0x00, 0x00, 0x08, 0x02, 0x00, 0x01, 0x08, 0x02, 0x18,
    0x01, 0x08, 0x02, 0x0C, 0x06, 0x08, 0x02, 0x00, 0xE0, 0x08, 0x02, 0x00, 0xE0, 0x0F, 0xFE, 0x30,
    0x00, 0xC0, 0x03, 0x00, 0x0C, 0x00, 0x30, 0x00, 0xC0, 0x03, 0x00, 0x0F, 0xFC, 0x30, 0x00, 0xC0,
    0x03, 0x00, 0x0C, 0x00, 0x30, 0x00, 0xC0, 0x03, 0x00, 0x0C, 0x00, 0x00, 0x00, 0x30, 0x01, 0x80,
    0x0C, 0x00, 0x60, 0x03, 0x00, 0x1F, 0xE0, 0xC0, 0x06, 0x00, 0x30, 0x01, 0x80, 0x0C, 0x00, 0x60,
    0x00, 0x00, 0x00, 0x3F, 0xFF, 0x87, 0xFF, 0xF0, 0xC3, 0x86, 0x18, 0x70, 0xC3, 0x0E, 0x18, 0x61,
    0xC3, 0x0C, 0x38, 0x61, 0x87, 0x0C, 0x00, 0xE0, 0x00, 0x1C, 0x00, 0x03, 0x80, 0x00, 0x70, 0x00,
    0x0E, 0x00, 0x01, 0xC0, 0x00, 0x38, 0x00, 0x07, 0x00, 0x00, 0x00, 0x00, 0x3F, 0xF0, 0xFF, 0xC3,
    0x33, 0x0C, 0xCC, 0x33, 0x30, 0xCC, 0xC3, 0x33, 0x0C, 0xCC, 0x03, 0x00, 0x0C, 0x00, 0x30, 0x00,
    0xC0, 0x03, 0x00, 0x0C, 0x00, 0x30, 0x00, 0xC0, 0x00, 0x00, 0x18, 0x63, 0x0C, 0x30, 0x00, 0x00,
    0x00, 0x00, 0x00, 0x00, 0x00, 0x00, 0x00, 0x18, 0x61, 0x8C, 0x30, 0x30, 0x1C, 0x30, 0x3C, 0x30,
    0x3C, 0x30, 0x7C, 0x30, 0x6C, 0x30, 0xCC, 0x30, 0xCC, 0x31, 0x8C, 0x31, 0x8C, 0x33, 0x0C, 0x33,
    0x0C, 0x36, 0x0C, 0x3E, 0x0C, 0x3C, 0x0C, 0x3C, 0x0C, 0x38, 0x0C, 0x30, 0x70, 0xC1, 0xC3, 0x0F,
    0x0C, 0x7C, 0x31, 0xB0, 0xCC, 0xC3, 0x73, 0x0D, 0x8C, 0x3E, 0x30, 0xF0, 0xC3, 0x83, 0x0E, 0x0C,
    0x7F, 0xF2, 0x00, 0x90, 0x04, 0x80, 0x24, 0x01, 0x20, 0x09, 0x00, 0x48, 0x02, 0x40, 0x12, 0x00,
    0x90, 0x04, 0x80, 0x24, 0x01, 0x20, 0x09, 0x00, 0x48, 0x02, 0x40, 0x12, 0x00, 0x9F, 0xFC, 0x7F,
    0xF2, 0x00, 0x90, 0x04, 0x80, 0x24, 0x01, 0x20, 0x09, 0x00, 0x48, 0x02, 0x40, 0x12, 0x00, 0x90,
    0x04, 0x80, 0x24, 0x01, 0x20, 0x09, 0x00, 0x48, 0x02, 0x40, 0x12, 0x00, 0x9F, 0xFC, 0x00, 0x00,
    0x80, 0x10, 0x02, 0x00, 0x60, 0x3F, 0x07, 0xF8, 0x41, 0xC0, 0x0E, 0x00, 0x60, 0x06, 0x00, 0x60,
    0x06, 0x00, 0xE4, 0x1C, 0x7F, 0x83, 0xF0, 0x0F, 0xC1, 0xFE, 0x38, 0x27, 0x00, 0x63, 0x06, 0x30,
    0x63, 0x06, 0x00, 0x70, 0x03, 0x82, 0x1F, 0xE0, 0xFC, 0x3F, 0x07, 0xF8, 0x41, 0xC0, 0x0E, 0x0C,
    0x60, 0xC6, 0x0C, 0x60, 0x06, 0x00, 0xE4, 0x1C, 0x7F, 0x83, 0xF0, 0x18, 0x30, 0x60, 0x00, 0x00,
    0x00, 0x00, 0x18, 0x30, 0x61, 0x82, 0x00, 0x0C, 0x0C, 0x0C, 0x0C, 0x0C, 0x0C, 0x0C, 0x0C, 0x0C,
    0x0C, 0x0C, 0x0C, 0x0C, 0x0C, 0x0C, 0x0C, 0x0C, 0x1C, 0x38, 0x30, 0x7F, 0xF2, 0x00, 0x90, 0x04,
    0x80, 0x24, 0x01, 0x20, 0x09, 0x00, 0x48, 0x02, 0x40, 0x12, 0x00, 0x90, 0x04, 0x80, 0x24, 0x01,
    0x20, 0x09, 0x00, 0x48, 0x02, 0x40, 0x12, 0x00, 0x9F, 0xFC, 0x7F, 0xF2, 0x00, 0x90, 0x04, 0x80,
    0x24, 0x01, 0x20, 0x09, 0x00, 0x48, 0x02, 0x40, 0x12, 0x00, 0x90, 0x04, 0x80, 0x24, 0x01, 0x20,
    0x09, 0x00, 0x48, 0x02, 0x40, 0x12, 0x00, 0x9F, 0xFC, 0x7F, 0xF2, 0x00, 0x90, 0x04, 0x80, 0x24,
    0x01, 0x20, 0x09, 0x00, 0x48, 0x02, 0x40, 0x12, 0x00, 0x90, 0x04, 0x80, 0x24, 0x01, 0x20, 0x09,
    0x00, 0x48, 0x02, 0x40, 0x12, 0x00, 0x9F, 0xFC, 0x7F, 0xF2, 0x00, 0x90, 0x04, 0x80, 0x24, 0x01,
    0x20, 0x09, 0x00, 0x48, 0x02, 0x40, 0x12, 0x00, 0x90, 0x04, 0x80, 0x24, 0x01, 0x20, 0x09, 0x00,
    0x48, 0x02, 0x40, 0x12, 0x00, 0x9F, 0xFC, 0x01, 0x80, 0x60, 0x18, 0x06, 0x00, 0x00, 0x00, 0x00,
    0x00, 0x00, 0x00, 0x00, 0x00, 0x00, 0x00, 0x00, 0x00, 0x00, 0x00, 0x00, 0x00, 0x00, 0x00, 0x00,
    0x00, 0x00, 0x60, 0x18, 0x06, 0x00, 0x00, 0x66, 0x0C, 0xC0, 0x00, 0x00, 0x00, 0x00, 0x00, 0x00,
    0x00, 0x00, 0x00, 0x00, 0x00, 0x00, 0x00, 0x00, 0x00, 0x00, 0x00, 0x00, 0x00, 0x00, 0x00, 0x0C,
    0x00, 0x30, 0x00, 0xCE, 0x03, 0x1C, 0x00, 0x6C, 0x00, 0xD8, 0x03, 0xB8, 0x06, 0x30, 0x0C, 0x60,
    0x30, 0x60, 0x60, 0xC0, 0xC1, 0x83, 0xFF, 0x87, 0xFF, 0x1C, 0x07, 0x30, 0x06, 0x60, 0x0D, 0x80,
    0x0C, 0x30, 0x60, 0xC0, 0x00, 0x00, 0x00, 0x00, 0x00, 0x0C, 0x00, 0x0C, 0x00, 0x0C, 0xFF, 0xCC,
    0x7F, 0xE0, 0x30, 0x00, 0x18, 0x00, 0x0C, 0x00, 0x06, 0x00, 0x03, 0x00, 0x01, 0xFF, 0x00, 0xFF,
    0x80, 0x60, 0x00, 0x30, 0x00, 0x18, 0x00, 0x0C, 0x00, 0x06, 0x00, 0x03, 0xFF, 0x01, 0xFF, 0x80,
    0x0C, 0x00, 0x01, 0x80, 0x00, 0x36, 0x01, 0x86, 0x60, 0x18, 0x06, 0x01, 0x80, 0x60, 0x18, 0x06,
    0x01, 0x80, 0x60, 0x18, 0x06, 0x01, 0x80, 0x7F, 0xF8, 0x07, 0xFF, 0x80, 0x60, 0x18, 0x06, 0x01,
    0x80, 0x60, 0x18, 0x06, 0x01, 0x80, 0x60, 0x18, 0x06, 0x01, 0x80, 0x60, 0x18, 0x0C, 0x06, 0x03,
    0x31, 0x8C, 0x03, 0x00, 0xC0, 0x30, 0x0C, 0x03, 0x00, 0xC0, 0x30, 0x0C, 0x03, 0x00, 0xC0, 0x30,
    0x0C, 0x03, 0x00, 0xC0, 0x7F, 0xF2, 0x00, 0x90, 0x04, 0x80, 0x24, 0x01, 0x20, 0x09, 0x00, 0x48,
    0x02, 0x40, 0x12, 0x00, 0x90, 0x04, 0x80, 0x24, 0x01, 0x20, 0x09, 0x00, 0x48, 0x02, 0x40, 0x12,
    0x00, 0x9F, 0xFC, 0x0C, 0x00, 0x03, 0x00, 0x00, 0xC7, 0xC0, 0x33, 0xFE, 0x00, 0xE0, 0xE0, 0x38,
    0x0E, 0x06, 0x00, 0xC1, 0x80, 0x0C, 0x30, 0x01, 0x86, 0x00, 0x30, 0xC0, 0x06, 0x18, 0x00, 0xC3,
    0x00, 0x18, 0x30, 0x06, 0x07, 0x01, 0xC0, 0x70, 0x70, 0x07, 0xFC, 0x00, 0x3E, 0x00, 0x7F, 0xF2,
    0x00, 0x90, 0x04, 0x80, 0x24, 0x01, 0x20, 0x09, 0x00, 0x48, 0x02, 0x40, 0x12, 0x00, 0x90, 0x04,
    0x80, 0x24, 0x01, 0x20, 0x09, 0x00, 0x48, 0x02, 0x40, 0x12, 0x00, 0x9F, 0xFC, 0x0C, 0x00, 0x01,
    0x80, 0x00, 0x33, 0x80, 0x76, 0x1C, 0x0E, 0x00, 0xC0, 0xC0, 0x06, 0x18, 0x00, 0x73, 0x80, 0x03,
    0x30, 0x00, 0x1E, 0x00, 0x01, 0xE0, 0x00, 0x0C, 0x00, 0x00, 0xC0, 0x00, 0x0C, 0x00, 0x00, 0xC0,
    0x00, 0x0C, 0x00, 0x00, 0xC0, 0x00, 0x0C, 0x00, 0x00, 0xC0, 0x0C, 0x00, 0x03, 0x00, 0x00, 0xC3,
    0xE0, 0x31, 0xFF, 0x00, 0x70, 0x70, 0x1C, 0x07, 0x03, 0x00, 0x70, 0xC0, 0x06, 0x18, 0x00, 0xC3,
    0x00, 0x18, 0x60, 0x03, 0x0C, 0x00, 0x60, 0xC0, 0x18, 0x18, 0x03, 0x01, 0x80, 0xC0, 0x18, 0x30,
    0x1F, 0x8F, 0xC3, 0xF1, 0xF8, 0x00, 0x18, 0x61, 0x80, 0x19, 0xB3, 0x00, 0x00, 0x00, 0xC1, 0x83,
    0x06, 0x0C, 0x18, 0x30, 0x60, 0xC1, 0x81, 0xE1, 0xC0, 0x03, 0x80, 0x07, 0x00, 0x1B, 0x00, 0x36,
    0x00, 0xEE, 0x01, 0x8C, 0x03, 0x18, 0x0C, 0x18, 0x18, 0x30, 0x30, 0x60, 0xFF, 0xE1, 0xFF, 0xC7,
    0x01, 0xCC, 0x01, 0x98, 0x03, 0x60, 0x03, 0x3F, 0xC0, 0x7F, 0xC0, 0xC1, 0xC1, 0x81, 0x83, 0x03,
    0x06, 0x06, 0x0C, 0x1C, 0x1F, 0xF0, 0x3F, 0xE0, 0x60, 0x60, 0xC0, 0x61, 0x80, 0xC3, 0x01, 0x86,
    0x07, 0x0F, 0xFC, 0x1F, 0xE0, 0x3F, 0xF1, 0xFF, 0x8C, 0x00, 0x60, 0x03, 0x00, 0x18, 0x00, 0xC0,
    0x06, 0x00, 0x30, 0x01, 0x80, 0x0C, 0x00, 0x60, 0x03, 0x00, 0x18, 0x00, 0xC0, 0x06, 0x00, 0x03,
    0x80, 0x07, 0x00, 0x1B, 0x00, 0x36, 0x00, 0xEE, 0x01, 0x8C, 0x03, 0x18, 0x0C, 0x18, 0x18, 0x30,
    0x30, 0x60, 0xC0, 0x61, 0x80, 0xC7, 0x01, 0xCC, 0x01, 0x9F, 0xFF, 0x7F, 0xFF, 0x3F, 0xF0, 0xFF,
    0xC3, 0x00, 0x0C, 0x00, 0x30, 0x00, 0xC0, 0x03, 0x00, 0x0F, 0xF8, 0x3F, 0xE0, 0xC0, 0x03, 0x00,
    0x0C, 0x00, 0x30, 0x00, 0xC0, 0x03, 0xFF, 0x0F, 0xFC, 0x7F, 0xFC, 0xFF, 0xF8, 0x00, 0x60, 0x01,
    0x80, 0x07, 0x00, 0x1C, 0x00, 0x70, 0x00, 0xC0, 0x03, 0x00, 0x0E, 0x00, 0x38, 0x00, 0xE0, 0x01,
    0x80, 0x06, 0x00, 0x1F, 0xFF, 0x3F, 0xFE, 0x30, 0x0C, 0x18, 0x06, 0x0C, 0x03, 0x06, 0x01, 0x83,
    0x00, 0xC1, 0x80, 0x60, 0xC0, 0x30, 0x7F, 0xF8, 0x3F, 0xFC, 0x18, 0x06, 0x0C, 0x03, 0x06, 0x01,
    0x83, 0x00, 0xC1, 0x80, 0x60, 0xC0, 0x30, 0x60, 0x18, 0x03, 0xE0, 0x07, 0xFC, 0x07, 0x07, 0x07,
    0x01, 0xC3, 0x00, 0x63, 0x00, 0x19, 0x80, 0x0C, 0xCF, 0xE6, 0x67, 0xF3, 0x30, 0x01, 0x98, 0x00,
    0xC6, 0x00, 0xC3, 0x80, 0xE0, 0xE0, 0xE0, 0x3F, 0xE0, 0x07, 0xC0, 0x30, 0xC3, 0x0C, 0x30, 0xC3,
    0x0C, 0x30, 0xC3, 0x0C, 0x30, 0xC3, 0x0C, 0x30, 0x38, 0x60, 0xE0, 0xC3, 0x81, 0x8E, 0x03, 0x38,
    0x06, 0xE0, 0x0F, 0x80, 0x1E, 0x00, 0x3E, 0x00, 0x6E, 0x00, 0xCE, 0x01, 0x8E, 0x03, 0x0E, 0x06,
    0x0E, 0x0C, 0x0E, 0x18, 0x0E, 0x03, 0x80, 0x07, 0x00, 0x1B, 0x00, 0x36, 0x00, 0xEE, 0x01, 0x8C,
    0x03, 0x18, 0x0C, 0x18, 0x18, 0x30, 0x30, 0x60, 0xC0, 0x61, 0x80, 0xC7, 0x01, 0xCC, 0x01, 0x98,
    0x03, 0x60, 0x03, 0x3C, 0x07, 0x87, 0x80, 0xF0, 0xF0, 0x1E, 0x1B, 0x06, 0xC3, 0x60, 0xD8, 0x6E,
    0x3B, 0x0C, 0xC6, 0x61, 0x98, 0xCC, 0x31, 0xB1, 0x86, 0x36, 0x30, 0xC7, 0xC6, 0x18, 0x70, 0xC3,
    0x0E, 0x18, 0x60, 0x03, 0x0C, 0x00, 0x61, 0x80, 0x0C, 0x38, 0x0C, 0x3C, 0x0C, 0x3C, 0x0C, 0x3E,
    0x0C, 0x36, 0x0C, 0x33, 0x0C, 0x33, 0x0C, 0x31, 0x8C, 0x31, 0x8C, 0x30, 0xCC, 0x30, 0xCC, 0x30,
    0x6C, 0x30, 0x7C, 0x30, 0x3C, 0x30, 0x3C, 0x30, 0x1C, 0x3F, 0xF0, 0xFF, 0xC0, 0x00, 0x00, 0x00,
    0x00, 0x00, 0x00, 0x00, 0x00, 0x07, 0xF8, 0x1F, 0xE0, 0x00, 0x00, 0x00, 0x00, 0x00, 0x00, 0x00,
    0x00, 0x03, 0xFF, 0x0F, 0xFC, 0x03, 0xE0, 0x07, 0xFC, 0x07, 0x07, 0x07, 0x01, 0xC3, 0x00, 0x63,
    0x00, 0x19, 0x80, 0x0C, 0xC0, 0x06, 0x60, 0x03, 0x30, 0x01, 0x98, 0x00, 0xC6, 0x00, 0xC3, 0x80,
    0xE0, 0xE0, 0xE0, 0x3F, 0xE0, 0x07, 0xC0, 0x3F, 0xFC, 0x1F, 0xFE, 0x0C, 0x03, 0x06, 0x01, 0x83,
    0x00, 0xC1, 0x80, 0x60, 0xC0, 0x30, 0x60, 0x18, 0x30, 0x0C, 0x18, 0x06, 0x0C, 0x03, 0x06, 0x01,
    0x83, 0x00, 0xC1, 0x80, 0x60, 0xC0, 0x30, 0x60, 0x18, 0x3F, 0xC1, 0xFF, 0x0C, 0x1C, 0x60, 0x63,
    0x03, 0x18, 0x18, 0xC0, 0xC6, 0x0E, 0x3F, 0xE1, 0xFE, 0x0C, 0x00, 0x60, 0x03, 0x00, 0x18, 0x00,
    0xC0, 0x06, 0x00, 0x7F, 0xF2, 0x00, 0x90, 0x04, 0x80, 0x24, 0x01, 0x20, 0x09, 0x00, 0x48, 0x02,
    0x40, 0x12, 0x00, 0x90, 0x04, 0x80, 0x24, 0x01, 0x20, 0x09, 0x00, 0x48, 0x02, 0x40, 0x12, 0x00,
    0x9F, 0xFC, 0x3F, 0xF0, 0xFF, 0xC3, 0x80, 0x07, 0x00, 0x0E, 0x00, 0x1C, 0x00, 0x38, 0x00, 0x70,
    0x03, 0x80, 0x0C, 0x00, 0x60, 0x03, 0x80, 0x1C, 0x00, 0xE0, 0x03, 0xFF, 0x0F, 0xFC, 0x7F, 0xFE,
    0xFF, 0xFC, 0x06, 0x00, 0x0C, 0x00, 0x18, 0x00, 0x30, 0x00, 0x60, 0x00, 0xC0, 0x01, 0x80, 0x03,
    0x00, 0x06, 0x00, 0x0C, 0x00, 0x18, 0x00, 0x30, 0x00, 0x60, 0x00, 0xC0, 0x70, 0x0E, 0x70, 0x38,
    0x60, 0x60, 0x61, 0x80, 0xE7, 0x00, 0xCC, 0x00, 0xF0, 0x01, 0xE0, 0x01, 0x80, 0x03, 0x00, 0x06,
    0x00, 0x0C, 0x00, 0x18, 0x00, 0x30, 0x00, 0x60, 0x00, 0xC0, 0x00, 0xC0, 0x00, 0x60, 0x01, 0xFE,
    0x03, 0xFF, 0xC3, 0xCC, 0xF1, 0x86, 0x19, 0x83, 0x06, 0xC1, 0x83, 0x60, 0xC1, 0xB0, 0x60, 0xCC,
    0x30, 0xC7, 0x99, 0xE1, 0xFF, 0xE0, 0x3F, 0xC0, 0x03, 0x00, 0x01, 0x80, 0x38, 0x0E, 0x30, 0x18,
    0x30, 0x60, 0x71, 0x80, 0x67, 0x00, 0x6C, 0x00, 0xF0, 0x00, 0xE0, 0x03, 0xC0, 0x07, 0xC0, 0x19,
    0x80, 0x71, 0x80, 0xC3, 0x83, 0x03, 0x0E, 0x03, 0x38, 0x07, 0x60, 0xC1, 0xB0, 0x60, 0xD8, 0x30,
    0x6C, 0x18, 0x36, 0x0C, 0x1B, 0x06, 0x0D, 0x83, 0x06, 0xE1, 0x87, 0x30, 0xC3, 0x1C, 0x63, 0x87,
    0x33, 0x81, 0xFF, 0x80, 0x3F, 0x00, 0x06, 0x00, 0x03, 0x00, 0x01, 0x80, 0x03, 0xE0, 0x07, 0xFC,
    0x07, 0x07, 0x07, 0x01, 0xC3, 0x00, 0x73, 0x00, 0x19, 0x80, 0x0C, 0xC0, 0x06, 0x60, 0x03, 0x30,
    0x01, 0x8C, 0x01, 0x86, 0x00, 0xC1, 0x80, 0xC0, 0x60, 0xC1, 0xF8, 0xFC, 0xFC, 0x7E, 0xCD, 0x98,
    0x00, 0x03, 0x06, 0x0C, 0x18, 0x30, 0x60, 0xC1, 0x83, 0x06, 0x0C, 0x18, 0x30, 0x60, 0xC1, 0x80,
    0x06, 0x60, 0x0C, 0xC0, 0x00, 0x00, 0x00, 0x07, 0x00, 0xE7, 0x03, 0x86, 0x06, 0x06, 0x18, 0x0E,
    0x70, 0x0C, 0xC0, 0x0F, 0x00, 0x1E, 0x00, 0x18, 0x00, 0x30, 0x00, 0x60, 0x00, 0xC0, 0x01, 0x80,
    0x03, 0x00, 0x06, 0x00, 0x0C, 0x00, 0x00, 0xC0, 0x03, 0x00, 0x0C, 0x00, 0x30, 0x00, 0x00, 0x00,
    0x00, 0x03, 0xC6, 0x1F, 0xD8, 0x31, 0xF0, 0xE1, 0xE1, 0x83, 0x83, 0x07, 0x06, 0x0C, 0x0C, 0x1C,
    0x18, 0x38, 0x18, 0xF0, 0x3F, 0xF8, 0x3E, 0x70, 0x00, 0xC0, 0x18, 0x03, 0x00, 0x60, 0x00, 0x00,
    0x00, 0x1F, 0x83, 0xFC, 0x70, 0x46, 0x00, 0x30, 0x01, 0xF0, 0x3F, 0x07, 0x00, 0x60, 0x07, 0x04,
    0x3F, 0xC1, 0xF8, 0x00, 0x60, 0x03, 0x00, 0x18, 0x00, 0xC0, 0x00, 0x00, 0x00, 0x03, 0x3C, 0x0F,
    0xF8, 0x38, 0x70, 0xE0, 0xC3, 0x03, 0x0C, 0x0C, 0x30, 0x30, 0xC0, 0xC3, 0x03, 0x0C, 0x0C, 0x30,
    0x30, 0xC0, 0xC0, 0x03, 0x00, 0x0C, 0x00, 0x30, 0x00, 0xC0, 0x03, 0x00, 0x06, 0x0C, 0x18, 0x30,
    0x00, 0x00, 0x30, 0x30, 0x30, 0x30, 0x30, 0x30, 0x30, 0x30, 0x30, 0x30, 0x1E, 0x0E, 0x00, 0x00,
    0x18, 0x01, 0x80, 0x18, 0x00, 0x00, 0x19, 0x80, 0xCC, 0x00, 0x00, 0x00, 0x00, 0x00, 0x0C, 0x18,
    0x60, 0xC3, 0x03, 0x18, 0x18, 0xC0, 0xC6, 0x06, 0x30, 0x31, 0x83, 0x8C, 0x18, 0x71, 0xC1, 0xFC,
    0x07, 0x80, 0x00, 0x00, 0x0F, 0x18, 0x7F, 0x60, 0xC7, 0xC3, 0x87, 0x86, 0x0E, 0x0C, 0x1C, 0x18,
    0x30, 0x30, 0x70, 0x60, 0xE0, 0x63, 0xC0, 0xFF, 0xE0, 0xF9, 0xC0, 0x0F, 0x80, 0x7F, 0x03, 0x8E,
    0x0C, 0x18, 0x30, 0x60, 0xC1, 0x83, 0x0C, 0x0D, 0xF0, 0x37, 0xC0, 0xC1, 0x83, 0x03, 0x0C, 0x0C,
    0x30, 0x30, 0xC0, 0xC3, 0x87, 0x0F, 0xF8, 0x37, 0xC0, 0xC0, 0x03, 0x00, 0x0C, 0x00, 0x30, 0x00,
    0xC0, 0x00, 0xE0, 0x37, 0x03, 0x0C, 0x18, 0x61, 0xC3, 0x8C, 0x0C, 0x60, 0x66, 0x03, 0xB0, 0x0F,
    0x00, 0x78, 0x03, 0xC0, 0x0C, 0x00, 0x60, 0x03, 0x00, 0x18, 0x00, 0xC0, 0x06, 0x00, 0x0F, 0xC0,
    0xFF, 0x0C, 0x08, 0x60, 0x03, 0xC0, 0x0F, 0xC0, 0x7F, 0x86, 0x0C, 0x20, 0x33, 0x01, 0x98, 0x0C,
    0xC0, 0x66, 0x03, 0x38, 0x38, 0xE3, 0x83, 0xF8, 0x0F, 0x80, 0x1F, 0x83, 0xFC, 0x70, 0x46, 0x00,
    0x30, 0x01, 0xF0, 0x3F, 0x07, 0x00, 0x60, 0x07, 0x04, 0x3F, 0xC1, 0xF8, 0x7F, 0xC7, 0xFC, 0x03,
    0x80, 0x70, 0x0C, 0x01, 0x80, 0x30, 0x03, 0x00, 0x60, 0x06, 0x00, 0x60, 0x06, 0x00, 0x60, 0x07,
    0x00, 0x38, 0x03, 0xF8, 0x0F, 0xC0, 0x0C, 0x00, 0xC0, 0x0C, 0x03, 0x80, 0x30, 0x33, 0xC0, 0xFF,
    0x83, 0x87, 0x0E, 0x0C, 0x30, 0x30, 0xC0, 0xC3, 0x03, 0x0C, 0x0C, 0x30, 0x30, 0xC0, 0xC3, 0x03,
    0x0C, 0x0C, 0x00, 0x30, 0x00, 0xC0, 0x03, 0x00, 0x0C, 0x00, 0x30, 0x0F, 0x80, 0xFE, 0x0E, 0x38,
    0x60, 0xC7, 0x07, 0x30, 0x19, 0x80, 0xCC, 0x06, 0x7F, 0xF3, 0xFF, 0x98, 0x0C, 0xC0, 0x66, 0x03,
    0x18, 0x30, 0xE3, 0x83, 0xF8, 0x0F, 0x80, 0x30, 0x60, 0xC1, 0x83, 0x06, 0x0C, 0x18, 0x30, 0x60,
    0x78, 0x70, 0x30, 0xE1, 0x8E, 0x0C, 0xE0, 0x6E, 0x03, 0xE0, 0x1F, 0x80, 0xEC, 0x06, 0x30, 0x31,
    0xC1, 0x86, 0x0C, 0x18, 0x60, 0xE0, 0x1C, 0x00, 0xF0, 0x01, 0xC0, 0x06, 0x00, 0x30, 0x00, 0xC0,
    0x0E, 0x00, 0x70, 0x06, 0xC0, 0x36, 0x03, 0x38, 0x18, 0xC1, 0x86, 0x0C, 0x18, 0xC0, 0xC6, 0x06,
    0x60, 0x18, 0x30, 0x30, 0xC0, 0xC3, 0x03, 0x0C, 0x0C, 0x30, 0x30, 0xC0, 0xC3, 0x03, 0x0C, 0x0C,
    0x30, 0x30, 0xE1, 0xC3, 0xFF, 0xCD, 0xE7, 0x30, 0x00, 0xC0, 0x03, 0x00, 0x0C, 0x00, 0x30, 0x00,
    0x60, 0xC7, 0x0C, 0x30, 0x63, 0x06, 0x38, 0x61, 0x86, 0x18, 0x61, 0xCC, 0x0D, 0xC0, 0xD8, 0x0F,
    0x00, 0x60, 0x3F, 0xC3, 0xFC, 0x1C, 0x03, 0x80, 0x30, 0x03, 0x00, 0x38, 0x01, 0xF8, 0x1F, 0x83,
    0x80, 0x60, 0x06, 0x00, 0x60, 0x06, 0x00, 0x38, 0x03, 0xFC, 0x0F, 0xC0, 0x06, 0x00, 0x60, 0x06,
    0x01, 0xC0, 0x18, 0x0F, 0x80, 0xFE, 0x0E, 0x38, 0xE0, 0xE6, 0x03, 0x30, 0x19, 0x80, 0xCC, 0x06,
    0x70, 0x71, 0xC7, 0x07, 0xF0, 0x1F, 0x00, 0xFF, 0xF7, 0xFF, 0x8C, 0x30, 0x61, 0x83, 0x0C, 0x18,
    0x60, 0xC3, 0x06, 0x18, 0x30, 0xC1, 0x86, 0x0C, 0x3C, 0x60, 0xE0, 0x07, 0xC0, 0x3F, 0x81, 0xC7,
    0x0E, 0x0E, 0x30, 0x18, 0xC0, 0x63, 0x01, 0x8C, 0x06, 0x38, 0x38, 0xF1, 0xC3, 0xFE, 0x0C, 0xF0,
    0x30, 0x00, 0xC0, 0x03, 0x00, 0x0C, 0x00, 0x30, 0x00, 0x0F, 0xC0, 0xFF, 0x0E, 0x08, 0xE0, 0x06,
    0x00, 0x30, 0x01, 0x80, 0x0C, 0x00, 0x70, 0x01, 0xC0, 0x07, 0xE0, 0x0F, 0x80, 0x06, 0x00, 0x30,
    0x01, 0x80, 0x38, 0x01, 0x80, 0x0F, 0xF8, 0xFF, 0xE3, 0x8E, 0x1C, 0x1C, 0x60, 0x31, 0x80, 0xC6,
    0x03, 0x18, 0x0C, 0x70, 0x70, 0xE3, 0x81, 0xFC, 0x03, 0xE0, 0x7F, 0xFB, 0xFF, 0xC0, 0xC0, 0x06,
    0x00, 0x30, 0x01, 0x80, 0x0C, 0x00, 0x60, 0x03, 0x00, 0x18, 0x00, 0x78, 0x01, 0xC0, 0x30, 0x61,
    0x83, 0x0C, 0x0C, 0x60, 0x63, 0x03, 0x18, 0x18, 0xC0, 0xC6, 0x0E, 0x30, 0x61, 0xC7, 0x07, 0xF0,
    0x1E, 0x00, 0x00, 0x00, 0x09, 0xC0, 0x77, 0xE0, 0xCC, 0xC3, 0x18, 0xC6, 0x31, 0x8C, 0x63, 0x18,
    0xC6, 0x31, 0x8C, 0x73, 0x38, 0x66, 0xE0, 0x7F, 0x80, 0x7E, 0x00, 0x30, 0x00, 0x60, 0x00, 0xC0,
    0x01, 0x80, 0x03, 0x00, 0x70, 0x73, 0xC3, 0x06, 0x38, 0x19, 0x80, 0xDC, 0x06, 0xC0, 0x1E, 0x00,
    0xE0, 0x07, 0x00, 0x38, 0x03, 0xC0, 0x1B, 0x01, 0xD8, 0x0C, 0xC0, 0xE3, 0x06, 0x1E, 0x70, 0x70,
    0x63, 0x18, 0xC6, 0x31, 0x8C, 0x63, 0x18, 0xC6, 0x31, 0x8C, 0x63, 0x18, 0xC6, 0x31, 0x8C, 0x63,
    0x18, 0x66, 0x60, 0xFF, 0xC0, 0x7E, 0x00, 0x30, 0x00, 0x60, 0x00, 0xC0, 0x01, 0x80, 0x03, 0x00,
    0x18, 0x06, 0x0C, 0x00, 0xC3, 0x00, 0x31, 0x80, 0x06, 0x60, 0x01, 0x98, 0x30, 0x66, 0x0C, 0x19,
    0x83, 0x06, 0x60, 0xC1, 0x8C, 0x78, 0xC3, 0xF7, 0xF0, 0x7C, 0xF8, 0xCD, 0x98, 0x00, 0x00, 0x06,
    0x0C, 0x18, 0x30, 0x60, 0xC1, 0x83, 0x06, 0x0C, 0x0F, 0x0E, 0x33, 0x01, 0x98, 0x00, 0x00, 0x00,
    0x00, 0x00, 0x18, 0x30, 0xC1, 0x86, 0x06, 0x30, 0x31, 0x81, 0x8C, 0x0C, 0x60, 0x63, 0x07, 0x18,
    0x30, 0xE3, 0x83, 0xF8, 0x0F, 0x00, 0x00, 0x00, 0x00, 0xC0, 0x0C, 0x00, 0xC0, 0x0C, 0x00, 0x00,
    0x00, 0x00, 0x3E, 0x03, 0xF8, 0x38, 0xE3, 0x83, 0x98, 0x0C, 0xC0, 0x66, 0x03, 0x30, 0x19, 0xC1,
    0xC7, 0x1C, 0x1F, 0xC0, 0x7C, 0x00, 0x01, 0x80, 0x18, 0x01, 0x80, 0x18, 0x00, 0x00, 0x00, 0x00,
    0xC1, 0x86, 0x0C, 0x30, 0x31, 0x81, 0x8C, 0x0C, 0x60, 0x63, 0x03, 0x18, 0x38, 0xC1, 0x87, 0x1C,
    0x1F, 0xC0, 0x78, 0x00, 0x00, 0x00, 0x18, 0x00, 0x0C, 0x00, 0x06, 0x00, 0x03, 0x00, 0x00, 0x00,
    0x00, 0x00, 0x01, 0x80, 0x60, 0xC0, 0x0C, 0x30, 0x03, 0x18, 0x00, 0x66, 0x00, 0x19, 0x83, 0x06,
    0x60, 0xC1, 0x98, 0x30, 0x66, 0x0C, 0x18, 0xC7, 0x8C, 0x3F, 0x7F, 0x07, 0xCF, 0x80, 0x30, 0x1C,
    0x60, 0x70, 0xC1, 0xC1, 0x87, 0x03, 0x18, 0x06, 0x60, 0x0D, 0x80, 0x1E, 0x00, 0x36, 0x00, 0x66,
    0x00, 0xC6, 0x01, 0x86, 0x03, 0x06, 0x06, 0x06, 0x0C, 0x06, 0x18, 0x06, 0x00, 0x0C, 0x00, 0x18,
    0x00, 0x60, 0x01, 0x80, 0x02, 0x00, 0x00, 0x00, 0x07, 0x80, 0x3F, 0x01, 0xCE, 0x06, 0x18, 0x30,
    0x60, 0xC1, 0x83, 0x0C, 0x0F, 0xF0, 0x3F, 0xC0, 0xC1, 0x83, 0x03, 0x0C, 0x0C, 0x30, 0x30, 0x60,
    0xC1, 0xC6, 0x03, 0xF8, 0x07, 0xC0, 0x07, 0x80, 0x3F, 0x01, 0xC6, 0x06, 0x18, 0x18, 0x30, 0x60,
    0xC1, 0xC3, 0x03, 0xFC, 0x63, 0xF1, 0x80, 0xC6, 0x03, 0x18, 0x0C, 0x60, 0x70, 0xC1, 0x83, 0x8E,
    0x07, 0xF0, 0x0F, 0x80, 0x78, 0x1C, 0xF8, 0x7C, 0x39, 0xB8, 0x3A, 0x30, 0x3C, 0x00, 0x78, 0x00,
    0x60, 0x00, 0xC0, 0x01, 0x80, 0x03, 0x00, 0x06, 0x00, 0x0C, 0x00, 0x18, 0x00, 0x30, 0x00, 0x60,
    0x00, 0xC0, 0x0C, 0x00, 0x01, 0x80, 0x00, 0x33, 0xC0, 0xE6, 0x3E, 0x1F, 0x00, 0x73, 0x70, 0x03,
    0xA3, 0x00, 0x1E, 0x00, 0x01, 0xE0, 0x00, 0x0C, 0x00, 0x00, 0xC0, 0x00, 0x0C, 0x00, 0x00, 0xC0,
    0x00, 0x0C, 0x00, 0x00, 0xC0, 0x00, 0x0C, 0x00, 0x00, 0xC0, 0x00, 0x0C, 0x00, 0x00, 0xC0, 0x0C,
    0xC0, 0x19, 0x80, 0x00, 0x00, 0x00, 0x07, 0x81, 0xCF, 0x87, 0xC3, 0x9B, 0x83, 0xA3, 0x03, 0xC0,
    0x07, 0x80, 0x06, 0x00, 0x0C, 0x00, 0x18, 0x00, 0x30, 0x00, 0x60, 0x00, 0xC0, 0x01, 0x80, 0x03,
    0x00, 0x06, 0x00, 0x0C, 0x00, 0x03, 0x00, 0x06, 0x00, 0x0C, 0x00, 0x18, 0x00, 0x30, 0x01, 0xF8,
    0x07, 0xF8, 0x19, 0x98, 0x73, 0x38, 0xC6, 0x31, 0x8C, 0x63, 0x18, 0xC6, 0x31, 0x8E, 0x67, 0x0C,
    0xCC, 0x0F, 0xF0, 0x0F, 0xC0, 0x06, 0x00, 0x0C, 0x00, 0x18, 0x00, 0x30, 0x00, 0x60, 0x00, 0xFF,
    0xFF, 0xFF, 0xFF, 0xF3, 0x00, 0x31, 0x80, 0x06, 0x60, 0x01, 0x98, 0x30, 0x66, 0x0C, 0x19, 0x83,
    0x06, 0x60, 0xC1, 0x8C, 0x78, 0xC3, 0xF3, 0xF0, 0x7C, 0xF8, 0x00, 0x00, 0x00, 0x78, 0x18, 0xF8,
    0x71, 0x19, 0xE0, 0x33, 0x80, 0x6E, 0x00, 0xB8, 0x03, 0xF0, 0x06, 0x40, 0x1C, 0x80, 0x71, 0x81,
    0xC3, 0xE3, 0x03, 0xC0, 0x01, 0x00, 0x06, 0x00, 0x0C, 0x00, 0xF0, 0x00, 0x80, 0x00, 0x00, 0x07,
    0xE0, 0x07, 0xF8, 0x07, 0x0E, 0x06, 0x01, 0x83, 0x00, 0xC3, 0x00, 0x31, 0x80, 0x18, 0xC0, 0x0C,
    0x60, 0x06, 0x30, 0x03, 0x18, 0x01, 0x86, 0x01, 0x83, 0x00, 0xC0, 0xE1, 0xC0, 0x3F, 0xC0, 0x0F,
    0xC0, 0x01, 0x80, 0x00, 0xC0, 0x00, 0x60, 0x00, 0x30, 0x00, 0x18, 0x00, 0x0F, 0xC0, 0xFF, 0x0E,
    0x1C, 0xE0, 0x76, 0x01, 0xB0, 0x0D, 0x80, 0x6C, 0x03, 0x70, 0x39, 0xC3, 0x87, 0xF8, 0x1F, 0x80,
    0x30, 0x01, 0x80, 0x0C, 0x00, 0x60, 0x03, 0x00, 0x03, 0xF8, 0x3F, 0xE1, 0xC0, 0x06, 0x00, 0x18,
    0x00, 0xC0, 0x03, 0x00, 0x0C, 0x00, 0x30, 0x00, 0xC0, 0x03, 0x00, 0x0E, 0x00, 0x18, 0x00, 0x70,
    0x00, 0xFC, 0x00, 0xF8, 0x00, 0x30, 0x00, 0xC0, 0x03, 0x00, 0x38, 0x00, 0xC0, 0x0F, 0xF0, 0xFF,
    0x8E, 0x00, 0xE0, 0x06, 0x00, 0x30, 0x01, 0x80, 0x0C, 0x00, 0x70, 0x01, 0xC0, 0x07, 0xC0, 0x1F,
    0x00, 0x0C, 0x00, 0x60, 0x03, 0x00, 0x70, 0x03, 0x00, 0x3F, 0xE1, 0xFF, 0x0C, 0x00, 0x60, 0x03,
    0x00, 0x18, 0x00, 0xC0, 0x07, 0xF8, 0x3F, 0xC1, 0x80, 0x0C, 0x00, 0x60, 0x03, 0x00, 0x18, 0x00,
    0xC0, 0x06, 0x00, 0x00, 0xF0, 0x0F, 0x80, 0xE0, 0x06, 0x00, 0x30, 0x01, 0x80, 0x0C, 0x00, 0x60,
    0x03, 0xE0, 0x1F, 0x00, 0xC0, 0x06, 0x00, 0x30, 0x01, 0x80, 0x0C, 0x00, 0x60, 0x03, 0x00, 0x18,
    0x00, 0xC0, 0x0C, 0x01, 0xE0, 0x0E, 0x00, 0x38, 0x00, 0x78, 0x00, 0x30, 0x00, 0x60, 0x00, 0xC0,
    0x81, 0x87, 0x06, 0x3C, 0x0D, 0xF8, 0x1F, 0x30, 0x38, 0x40, 0xC1, 0x80, 0x03, 0x00, 0x06, 0x00,
    0x0C, 0x00, 0x1E, 0x00, 0x1C, 0x00, 0x00, 0x00, 0x00, 0x06, 0x00, 0x1C, 0x00, 0x30, 0x00, 0x60,
    0x00, 0xC0, 0x03, 0x00, 0x06, 0x00, 0x0C, 0x00, 0x3F, 0xF0, 0x7F, 0xE0, 0x01, 0x80, 0x03, 0x00,
    0x0E, 0x00, 0x18, 0x00, 0x30, 0x00, 0xE0, 0x01, 0x80, 0x1F, 0xF0, 0x07, 0xCF, 0x81, 0xD0, 0x38,
    0x22, 0x03, 0x80, 0x40, 0x70, 0x08, 0x1F, 0x01, 0x06, 0x60, 0x21, 0x8C, 0x00, 0x31, 0x80, 0x06,
    0x30, 0x00, 0xC6, 0x00, 0x18, 0xE0, 0x03, 0x1C, 0x00, 0x63, 0x00, 0x0C, 0x60, 0x01, 0x8C, 0x00,
    0x01, 0x80, 0x00, 0x70, 0x00, 0x0C, 0x00, 0x03, 0x80, 0x00, 0x60, 0x00, 0x00, 0x00, 0x78, 0x00,
    0xF0, 0x00, 0x70, 0x00, 0xC0, 0x01, 0x80, 0x0F, 0x00, 0x3C, 0x01, 0xB8, 0x0C, 0xE0, 0x66, 0xC3,
    0x33, 0x0D, 0x8C, 0x00, 0x10, 0x00, 0x40, 0x01, 0x80, 0x06, 0x00, 0x00, 0x0C, 0x03, 0x00, 0xC0,
    0x0C, 0x0C, 0x00, 0x30, 0x60, 0x01, 0x83, 0x00, 0x0C, 0x30, 0x00, 0x31, 0x80, 0x01, 0x8C, 0x0C,
    0x0C, 0x60, 0x60, 0x63, 0x03, 0x03, 0x18, 0x18, 0x18, 0xC0, 0xC0, 0xC3, 0x0F, 0x0E, 0x18, 0x78,
    0x60, 0x7E, 0x7F, 0x01, 0xE1, 0xF0, 0x00, 0x07, 0x80, 0x00, 0xF8, 0x00, 0x0F, 0x00, 0x03, 0xF0,
    0x00, 0x0C, 0x00, 0x00, 0x30, 0x03, 0x0C, 0x00, 0xC6, 0x00, 0x19, 0x80, 0x06, 0x60, 0x01, 0x98,
    0x30, 0x66, 0x0C, 0x19, 0x83, 0x06, 0x60, 0xC1, 0x8C, 0x78, 0xE3, 0xFF, 0xF0, 0x7C, 0xFC, 0x00,
    0x0E, 0x00, 0x07, 0x00, 0x03, 0x80, 0x07, 0x80, 0x01, 0x80, 0x00, 0x07, 0x0C, 0x07, 0x86, 0x07,
    0x03, 0x07, 0x01, 0x83, 0x00, 0xC3, 0x00, 0x61, 0x80, 0x30, 0xC0, 0x18, 0x60, 0x0C, 0x30, 0x06,
    0x18, 0x03, 0x06, 0x03, 0x83, 0x01, 0xC0, 0xC1, 0xE0, 0x7F, 0xB0, 0x0F, 0x98, 0x00, 0x0C, 0x00,
    0x06, 0x00, 0x03, 0x00, 0x01, 0x80, 0x00, 0xC0, 0x0E, 0x18, 0x3C, 0x30, 0xE0, 0x61, 0x80, 0xC6,
    0x01, 0x8C, 0x03, 0x18, 0x06, 0x30, 0x0C, 0x70, 0x38, 0x70, 0xF0, 0x7F, 0xE0, 0x7C, 0xC0, 0x01,
    0x80, 0x03, 0x00, 0x06, 0x00, 0x0C, 0x00, 0x18, 0x30, 0x00, 0x18, 0x00, 0x0C, 0x00, 0x06, 0x00,
    0x03, 0x3F, 0x01, 0xBF, 0xC0, 0xF0, 0x70, 0x70, 0x0C, 0x30, 0x07, 0x18, 0x01, 0x8C, 0x00, 0xC6,
    0x00, 0x63, 0x00, 0x31, 0x80, 0x18, 0xC0, 0x18, 0x60, 0x0C, 0x00, 0x0C, 0x00, 0x1C, 0x00, 0x1C,
    0x00, 0x78, 0x00, 0xE0, 0x00, 0x00, 0x00, 0x7E, 0x43, 0x9F, 0x0C, 0x38, 0x30, 0xE0, 0xCF, 0xC3,
    0xF3, 0x00, 0x0C, 0x00, 0x30, 0x00, 0xC0, 0x03, 0x1F, 0x38, 0x7F, 0xC0, 0x00, 0x00, 0x0F, 0xE0,
    0x3F, 0xE0, 0xE0, 0xE1, 0x80, 0xE7, 0x01, 0xC0, 0x03, 0x80, 0x07, 0x00, 0x0C, 0x00, 0x38, 0x00,
    0xE0, 0x03, 0x80, 0x0E, 0x00, 0x38, 0x01, 0xE0, 0x07, 0x80, 0x1C, 0x00, 0x70, 0x00, 0x70, 0x18,
    0x7F, 0xF0, 0x7F, 0x80, 0x18, 0x00, 0x00, 0x00, 0x0F, 0xC0, 0xE7, 0x0C, 0x1C, 0xE0, 0x60, 0x03,
    0x00, 0x18, 0x01, 0xC0, 0x1C, 0x01, 0xC0, 0x1C, 0x03, 0x80, 0x38, 0x07, 0x00, 0x18, 0x00, 0x70,
    0xC1, 0xFC, 0x03, 0x00, 0x00, 0x00, 0x78, 0x0F, 0x3E, 0x0F, 0x83, 0x06, 0x00, 0xC6, 0x00, 0x77,
    0x00, 0x1B, 0x00, 0x07, 0x00, 0x03, 0x80, 0x01, 0xC0, 0x01, 0xB0, 0x01, 0xDC, 0x00, 0xC6, 0x00,
    0xC1, 0x80, 0xE0, 0xE1, 0xFF, 0xFC, 0xFF, 0xFE, 0x00, 0x00, 0x00, 0x70, 0x38, 0x61, 0x80, 0xCC,
    0x03, 0xF0, 0x07, 0x80, 0x0C, 0x00, 0x78, 0x03, 0x70, 0x1C, 0xC0, 0x61, 0x87, 0xFF, 0x9F, 0xFE,
    0x00, 0x00, 0x00, 0x00, 0x0F, 0xF8, 0x7F, 0xE1, 0xC0, 0x03, 0x00, 0x06, 0xFC, 0x0F, 0xBE, 0x3C,
    0x0C, 0x70, 0x1C, 0xE0, 0x19, 0x80, 0x33, 0x00, 0x67, 0x00, 0xC6, 0x03, 0x8E, 0x06, 0x0F, 0x7C,
    0x0F, 0xE0, 0x00, 0x00, 0x00, 0x20, 0x7F, 0x07, 0xF0, 0x60, 0x03, 0x00, 0x17, 0xE1, 0xE3, 0x8E,
    0x0C, 0x70, 0x33, 0x01, 0x98, 0x0C, 0xC0, 0x66, 0x03, 0x18, 0x18, 0xC1, 0x83, 0x9C, 0x0F, 0xC0,
    0x00, 0x00, 0x03, 0x00, 0x18, 0x00, 0xC0, 0x06, 0x07, 0xFF, 0xBF, 0xFD, 0x8C, 0x60, 0x60, 0x03,
    0x00, 0x18, 0x00, 0xC0, 0x06, 0x00, 0x30, 0x01, 0x80, 0x0C, 0x00, 0x60, 0x03, 0x00, 0x18, 0x00,
    0xC0, 0x06, 0x00, 0x30, 0x00, 0x06, 0x00, 0x60, 0x06, 0x00, 0x60, 0x7F, 0xE7, 0xFE, 0x66, 0x60,
    0x60, 0x06, 0x00, 0x60, 0x06, 0x00, 0x60, 0x06, 0x00, 0x60, 0x06, 0x00, 0x60, 0x06, 0x00, 0x60,
    0x06, 0x00, 0x60, 0x06, 0x00, 0x78, 0x18, 0xF8, 0x71, 0x19, 0xE0, 0x33, 0x80, 0x6E, 0x00, 0xB8,
    0x03, 0xF0, 0x06, 0x40, 0x1C, 0x80, 0x71, 0x81, 0xC3, 0xE3, 0x03, 0xC0, 0x00, 0x00, 0x00, 0x00,
    0x07, 0xC0, 0x3F, 0x81, 0xC7, 0x06, 0x0E, 0x30, 0x18, 0xC0, 0x63, 0x01, 0x8C, 0x06, 0x38, 0x38,
    0xF1, 0xC3, 0xFE, 0x0C, 0xF0, 0x30, 0x00, 0x60, 0x01, 0xC0, 0x03, 0xFE, 0x07, 0xF8, 0x0F, 0xC1,
    0xFE, 0x38, 0x27, 0x00, 0x60, 0x06, 0x00, 0x60, 0x06, 0x00, 0x70, 0x03, 0x82, 0x1F, 0xE0, 0xFC,
    0x18, 0x30, 0x60, 0x00, 0x03, 0x06, 0x0C, 0x18, 0x30, 0x60, 0xC1, 0x83, 0x06, 0x0C, 0x18, 0x30,
    0x60, 0xC7, 0x0E, 0x00, 0x03, 0xE0, 0x07, 0xFC, 0x07, 0x07, 0x07, 0x01, 0xC3, 0x00, 0x63, 0x00,
    0x19, 0x80, 0x0C, 0xFF, 0xFE, 0x7F, 0xFF, 0x30, 0x01, 0x98, 0x00, 0xC6, 0x00, 0xC3, 0x00, 0x60,
    0xE0, 0xE0, 0x3F, 0xE0, 0x07, 0xC0, 0x0F, 0xE0, 0x71, 0x83, 0x00, 0x0C, 0x00, 0x60, 0x01, 0xFF,
    0x87, 0xFE, 0x18, 0x00, 0x30, 0x00, 0xC0, 0x01, 0xC6, 0x03, 0xF8, 0x00, 0x00, 0x00, 0x00, 0x3F,
    0x80, 0xCF, 0x00, 0x0E, 0x00, 0x18, 0x00, 0x60, 0xFF, 0x83, 0xFE, 0x00, 0x18, 0x00, 0x60, 0x03,
    0x82, 0x3C, 0x0F, 0xE0, 0x00, 0x00, 0x00, 0x00, 0x30, 0x01, 0x80, 0x0C, 0x00, 0x7F, 0x83, 0xFE,
    0x18, 0x38, 0xC0, 0xC6, 0x06, 0x30, 0x31, 0x81, 0x8C, 0x1C, 0x7F, 0xC3, 0xFC, 0x18, 0x00, 0xC0,
    0x06, 0x00, 0x30, 0x00, 0xC0, 0x03, 0x00, 0x0C, 0x00, 0x30, 0x00, 0xCF, 0x03, 0xFE, 0x0F, 0x1C,
    0x38, 0x38, 0xC0, 0x63, 0x01, 0x8C, 0x06, 0x30, 0x18, 0xE0, 0xE3, 0xC7, 0x0F, 0xF8, 0x33, 0xC0,
    0xC0, 0x03, 0x00, 0x0C, 0x00, 0x30, 0x00, 0xC0, 0x00, 0x03, 0xF0, 0x1F, 0xF0, 0x70, 0x31, 0xC0,
    0x23, 0x00, 0x0C, 0x00, 0x18, 0x00, 0x30, 0x00, 0x60, 0x00, 0xC0, 0x01, 0x80, 0x01, 0x80, 0x03,
    0x80, 0x43, 0x81, 0x83, 0xFE, 0x01, 0xF8, 0x38, 0x03, 0x87, 0x80, 0xF0, 0xD8, 0x36, 0x1B, 0x8E,
    0xC3, 0x3B, 0x98, 0x63, 0xE3, 0x0C, 0x38, 0x61, 0x80, 0x0C, 0x30, 0x01, 0x86, 0x00, 0x30, 0xC0,
    0x06, 0x18, 0x00, 0xC3, 0x00, 0x18, 0x60, 0x03, 0x0C, 0x00, 0x61, 0x80, 0x0C, 0x78, 0x79, 0xE1,
    0xE6, 0xCD, 0x9B, 0xF6, 0x67, 0x99, 0x8C, 0x66, 0x01, 0x98, 0x06, 0x60, 0x19, 0x80, 0x66, 0x01,
    0x98, 0x06, 0x60, 0x01, 0x80, 0x06, 0x00, 0x18, 0x00, 0x60, 0x00, 0x07, 0xC0, 0x73, 0x81, 0x83,
    0x0C, 0x0C, 0x30, 0x18, 0xC0, 0x63, 0x01, 0x8C, 0x06, 0x30, 0x30, 0xE0, 0xC3, 0xCE, 0x0D, 0xF0,
    0x30, 0x00, 0xC0, 0x07, 0xF8, 0x0C, 0x00, 0x30, 0x00, 0x00, 0x00, 0x1F, 0x80, 0x7F, 0xC1, 0x81,
    0xC2, 0x01, 0xC0, 0x01, 0x80, 0x01, 0x80, 0x03, 0x00, 0x06, 0x00, 0x0C, 0x00, 0x18, 0x00, 0x30,
    0x00, 0xC4, 0x03, 0x8C, 0x0E, 0x0F, 0xF8, 0x0F, 0xC0, 0x03, 0xF0, 0x1F, 0xF0, 0x70, 0x31, 0xC0,
    0x23, 0x00, 0x0C, 0x00, 0x18, 0x00, 0x30, 0x60, 0x60, 0xC0, 0xC1, 0x81, 0x80, 0x01, 0x80, 0x03,
    0x80, 0x43, 0x81, 0x83, 0xFE, 0x01, 0xF8, 0x1F, 0x80, 0x7F, 0xC1, 0x81, 0xC2, 0x01, 0xC0, 0x01,
    0x80, 0x01, 0x80, 0x03, 0x06, 0x06, 0x0C, 0x0C, 0x18, 0x18, 0x00, 0x30, 0x00, 0xC4, 0x03, 0x8C,
    0x0E, 0x0F, 0xF8, 0x0F, 0xC0, 0x03, 0x00, 0x06, 0x00, 0x0C, 0x00, 0x00, 0x00, 0x00, 0xFF, 0xC3,
    0xFF, 0x0C, 0x00, 0x30, 0x00, 0xC0, 0x03, 0x00, 0x0C, 0x00, 0x3F, 0xE0, 0xFF, 0x83, 0x00, 0x0C,
    0x00, 0x30, 0x00, 0xC0, 0x03, 0x00, 0x0F, 0xFC, 0x3F, 0xF0, 0x0C, 0xC0, 0x33, 0x00, 0x00, 0x00,
    0x00, 0x3F, 0xF0, 0xFF, 0xC3, 0x00, 0x0C, 0x00, 0x30, 0x00, 0xC0, 0x03, 0x00, 0x0F, 0xF8, 0x3F,
    0xE0, 0xC0, 0x03, 0x00, 0x0C, 0x00, 0x30, 0x00, 0xC0, 0x03, 0xFF, 0x0F, 0xFC, 0x7F, 0xFC, 0x1F,
    0xFF, 0x00, 0x30, 0x00, 0x0C, 0x00, 0x03, 0x00, 0x00, 0xC0, 0x00, 0x30, 0x00, 0x0F, 0xF8, 0x03,
    0xFF, 0x00, 0xC0, 0xE0, 0x30, 0x18, 0x0C, 0x06, 0x03, 0x01, 0x80, 0xC0, 0x60, 0x30, 0x18, 0x0C,
    0x06, 0x00, 0x01, 0x80, 0x00, 0xE0, 0x00, 0xF0, 0x00, 0x38, 0x00, 0xC0, 0x0C, 0x00, 0xC0, 0x00,
    0x00, 0x00, 0x1F, 0xF8, 0xFF, 0xC6, 0x00, 0x30, 0x01, 0x80, 0x0C, 0x00, 0x60, 0x03, 0x00, 0x18,
    0x00, 0xC0, 0x06, 0x00, 0x30, 0x01, 0x80, 0x0C, 0x00, 0x60, 0x03, 0x00, 0x00, 0x03, 0xF0, 0x1F,
    0xF0, 0x70, 0x31, 0x80, 0x23, 0x00, 0x0C, 0x00, 0x18, 0x00, 0x3F, 0xF8, 0x7F, 0xF0, 0xC0, 0x01,
    0x80, 0x01, 0x80, 0x03, 0x00, 0x43, 0x81, 0x83, 0xFE, 0x01, 0xF8, 0x0F, 0xC0, 0xFF, 0x87, 0x02,
    0x18, 0x00, 0x60, 0x01, 0x80, 0x07, 0x80, 0x0F, 0xE0, 0x0F, 0xE0, 0x01, 0xC0, 0x03, 0x00, 0x0C,
    0x00, 0x31, 0x81, 0xC7, 0xFE, 0x07, 0xE0, 0x30, 0xC3, 0x0C, 0x30, 0xC3, 0x0C, 0x30, 0xC3, 0x0C,
    0x30, 0xC3, 0x0C, 0xCD, 0x98, 0x00, 0x03, 0x06, 0x0C, 0x18, 0x30, 0x60, 0xC1, 0x83, 0x06, 0x0C,
    0x18, 0x30, 0x60, 0xC1, 0x80, 0x0C, 0x0C, 0x0C, 0x0C, 0x0C, 0x0C, 0x0C, 0x0C, 0x0C, 0x0C, 0x0C,
    0x0C, 0x0C, 0x0C, 0x0C, 0x0C, 0x0C, 0x1C, 0x38, 0x30, 0x07, 0xFE, 0x00, 0x07, 0xFE, 0x00, 0x06,
    0x06, 0x00, 0x06, 0x06, 0x00, 0x06, 0x06, 0x00, 0x06, 0x06, 0x00, 0x06, 0x06, 0x00, 0x06, 0x07,
    0xF0, 0x06, 0x07, 0xFC, 0x06, 0x06, 0x0E, 0x0E, 0x06, 0x06, 0x0C, 0x06, 0x06, 0x0C, 0x06, 0x06,
    0x3C, 0x06, 0x0E, 0x78, 0x07, 0xFC, 0x60, 0x07, 0xF8, 0x30, 0x18, 0x00, 0x60, 0x30, 0x00, 0xC0,
    0x60, 0x01, 0x80, 0xC0, 0x03, 0x01, 0x80, 0x06, 0x03, 0x00, 0x0C, 0x06, 0x00, 0x1F, 0xFF, 0xE0,
    0x3F, 0xFF, 0xF0, 0x60, 0x30, 0x70, 0xC0, 0x60, 0x61, 0x80, 0xC0, 0xC3, 0x01, 0x81, 0x86, 0x03,
    0x07, 0x0C, 0x07, 0xFC, 0x18, 0x0F, 0xF0, 0x7F, 0xFC, 0x1F, 0xFF, 0x00, 0x30, 0x00, 0x0C, 0x00,
    0x03, 0x00, 0x00, 0xC0, 0x00, 0x30, 0x00, 0x0F, 0xF8, 0x03, 0xFF, 0x00, 0xC0, 0xE0, 0x30, 0x18,
    0x0C, 0x06, 0x03, 0x01, 0x80, 0xC0, 0x60, 0x30, 0x18, 0x0C, 0x06, 0x00, 0x60, 0x00, 0xC0, 0x01,
    0x80, 0x00, 0x00, 0x00, 0x00, 0x30, 0x0C, 0x30, 0x18, 0x30, 0x30, 0x30, 0x60, 0x30, 0xC0, 0x31,
    0x80, 0x37, 0x80, 0x3F, 0x80, 0x3C, 0xC0, 0x38, 0xE0, 0x30, 0x60, 0x30, 0x30, 0x30, 0x38, 0x30,
    0x18, 0x30, 0x0C, 0x30, 0x0E, 0x06, 0x00, 0x03, 0x00, 0x01, 0x80, 0x00, 0x00, 0x00, 0x00, 0x30,
    0x1C, 0x30, 0x3C, 0x30, 0x3C, 0x30, 0x7C, 0x30, 0x6C, 0x30, 0xCC, 0x30, 0xCC, 0x31, 0x8C, 0x31,
    0x8C, 0x33, 0x0C, 0x33, 0x0C, 0x36, 0x0C, 0x3E, 0x0C, 0x3C, 0x0C, 0x3C, 0x0C, 0x38, 0x0C, 0x10,
    0x40, 0x3E, 0x00, 0x00, 0x00, 0x00, 0xC0, 0x19, 0x80, 0xC6, 0x03, 0x0C, 0x18, 0x30, 0x60, 0xE3,
    0x81, 0x8C, 0x07, 0x30, 0x0D, 0x80, 0x36, 0x00, 0x70, 0x01, 0xC0, 0x07, 0x00, 0x18, 0x03, 0xE0,
    0x0F, 0x00, 0x30, 0x0C, 0x18, 0x06, 0x0C, 0x03, 0x06, 0x01, 0x83, 0x00, 0xC1, 0x80, 0x60, 0xC0,
    0x30, 0x60, 0x18, 0x30, 0x0C, 0x18, 0x06, 0x0C, 0x03, 0x06, 0x01, 0x83, 0x00, 0xC1, 0x80, 0x60,
    0xFF, 0xF0, 0x7F, 0xF8, 0x01, 0x80, 0x00, 0xC0, 0x00, 0x60, 0x00, 0x03, 0x80, 0x07, 0x00, 0x1B,
    0x00, 0x36, 0x00, 0xEE, 0x01, 0x8C, 0x03, 0x18, 0x0C, 0x18, 0x18, 0x30, 0x30, 0x60, 0xFF, 0xE1,
    0xFF, 0xC7, 0x01, 0xCC, 0x01, 0x98, 0x03, 0x60, 0x03, 0x3F, 0xF0, 0x7F, 0xE0, 0xC0, 0x01, 0x80,
    0x03, 0x00, 0x06, 0x00, 0x0C, 0x00, 0x1F, 0xE0, 0x3F, 0xF0, 0x60, 0x70, 0xC0, 0x61, 0x80, 0xC3,
    0x01, 0x86, 0x07, 0x0F, 0xFC, 0x1F, 0xF0, 0x3F, 0xC0, 0x7F, 0xC0, 0xC1, 0xC1, 0x81, 0x83, 0x03,
    0x06, 0x06, 0x0C, 0x1C, 0x1F, 0xF0, 0x3F, 0xE0, 0x60, 0x60, 0xC0, 0x61, 0x80, 0xC3, 0x01, 0x86,
    0x07, 0x0F, 0xFC, 0x1F, 0xE0, 0x3F, 0xF1, 0xFF, 0x8C, 0x00, 0x60, 0x03, 0x00, 0x18, 0x00, 0xC0,
    0x06, 0x00, 0x30, 0x01, 0x80, 0x0C, 0x00, 0x60, 0x03, 0x00, 0x18, 0x00, 0xC0, 0x06, 0x00, 0x07,
    0xFC, 0x03, 0xFE, 0x01, 0x83, 0x00, 0xC1, 0x80, 0x60, 0xC0, 0x30, 0x60, 0x18, 0x30, 0x0C, 0x18,
    0x06, 0x0C, 0x03, 0x06, 0x03, 0x03, 0x01, 0x81, 0x80, 0xC0, 0xC0, 0xE0, 0x61, 0xFF, 0xFC, 0xFF,
    0xFE, 0x60, 0x03, 0x30, 0x01, 0x98, 0x00, 0xC0, 0x3F, 0xF0, 0xFF, 0xC3, 0x00, 0x0C, 0x00, 0x30,
    0x00, 0xC0, 0x03, 0x00, 0x0F, 0xF8, 0x3F, 0xE0, 0xC0, 0x03, 0x00, 0x0C, 0x00, 0x30, 0x00, 0xC0,
    0x03, 0xFF, 0x0F, 0xFC, 0x60, 0x18, 0x06, 0x30, 0x18, 0x0C, 0x18, 0x18, 0x18, 0x0C, 0x18, 0x30,
    0x06, 0x18, 0x60, 0x03, 0x18, 0xC0, 0x03, 0xDB, 0xC0, 0x03, 0xFF, 0xC0, 0x06, 0x7E, 0x60, 0x0E,
    0x3C, 0x70, 0x0C, 0x18, 0x30, 0x18, 0x18, 0x18, 0x38, 0x18, 0x1C, 0x30, 0x18, 0x0C, 0x60, 0x18,
    0x06, 0xE0, 0x18, 0x07, 0x07, 0xC0, 0x7F, 0xC3, 0x03, 0x88, 0x06, 0x00, 0x18, 0x00, 0xE0, 0x7F,
    0x01, 0xF8, 0x00, 0x30, 0x00, 0x60, 0x01, 0x80, 0x06, 0x20, 0x18, 0xC1, 0xC1, 0xFF, 0x03, 0xF0,
    0x30, 0x1C, 0x30, 0x3C, 0x30, 0x3C, 0x30, 0x7C, 0x30, 0x6C, 0x30, 0xCC, 0x30, 0xCC, 0x31, 0x8C,
    0x31, 0x8C, 0x33, 0x0C, 0x33, 0x0C, 0x36, 0x0C, 0x3E, 0x0C, 0x3C, 0x0C, 0x3C, 0x0C, 0x38, 0x0C,
    0x04, 0x20, 0x03, 0xC0, 0x00, 0x00, 0x00, 0x00, 0x30, 0x1C, 0x30, 0x3C, 0x30, 0x3C, 0x30, 0x7C,
    0x30, 0x6C, 0x30, 0xCC, 0x30, 0xCC, 0x31, 0x8C, 0x31, 0x8C, 0x33, 0x0C, 0x33, 0x0C, 0x36, 0x0C,
    0x3E, 0x0C, 0x3C, 0x0C, 0x3C, 0x0C, 0x38, 0x0C, 0x30, 0x0C, 0x30, 0x18, 0x30, 0x30, 0x30, 0x60,
    0x30, 0xC0, 0x31, 0x80, 0x37, 0x80, 0x3F, 0x80, 0x3C, 0xC0, 0x38, 0xE0, 0x30, 0x60, 0x30, 0x30,
    0x30, 0x38, 0x30, 0x18, 0x30, 0x0C, 0x30, 0x0E, 0x07, 0xFE, 0x03, 0xFF, 0x01, 0x81, 0x80, 0xC0,
    0xC0, 0x60, 0x60, 0x30, 0x30, 0x18, 0x18, 0x0C, 0x0C, 0x06, 0x06, 0x03, 0x03, 0x03, 0x81, 0x81,
    0x80, 0xC0, 0xC0, 0x61, 0xE0, 0x31, 0xE0, 0x18, 0xC0, 0x0C, 0x3C, 0x07, 0x87, 0x80, 0xF0, 0xF0,
    0x1E, 0x1B, 0x06, 0xC3, 0x60, 0xD8, 0x6E, 0x3B, 0x0C, 0xC6, 0x61, 0x98, 0xCC, 0x31, 0xB1, 0x86,
    0x36, 0x30, 0xC7, 0xC6, 0x18, 0x70, 0xC3, 0x0E, 0x18, 0x60, 0x03, 0x0C, 0x00, 0x61, 0x80, 0x0C,
    0x30, 0x0C, 0x18, 0x06, 0x0C, 0x03, 0x06, 0x01, 0x83, 0x00, 0xC1, 0x80, 0x60, 0xC0, 0x30, 0x7F,
    0xF8, 0x3F, 0xFC, 0x18, 0x06, 0x0C, 0x03, 0x06, 0x01, 0x83, 0x00, 0xC1, 0x80, 0x60, 0xC0, 0x30,
    0x60, 0x18, 0x03, 0xE0, 0x07, 0xFC, 0x07, 0x07, 0x07, 0x01, 0xC3, 0x00, 0x63, 0x00, 0x19, 0x80,
    0x0C, 0xC0, 0x06, 0x60, 0x03, 0x30, 0x01, 0x98, 0x00, 0xC6, 0x00, 0xC3, 0x80, 0xE0, 0xE0, 0xE0,
    0x3F, 0xE0, 0x07, 0xC0, 0x3F, 0xFC, 0x1F, 0xFE, 0x0C, 0x03, 0x06, 0x01, 0x83, 0x00, 0xC1, 0x80,
    0x60, 0xC0, 0x30, 0x60, 0x18, 0x30, 0x0C, 0x18, 0x06, 0x0C, 0x03, 0x06, 0x01, 0x83, 0x00, 0xC1,
    0x80, 0x60, 0xC0, 0x30, 0x60, 0x18, 0x3F, 0xC1, 0xFF, 0x0C, 0x1C, 0x60, 0x63, 0x03, 0x18, 0x18,
    0xC0, 0xC6, 0x0E, 0x3F, 0xE1, 0xFE, 0x0C, 0x00, 0x60, 0x03, 0x00, 0x18, 0x00, 0xC0, 0x06, 0x00,
    0x03, 0xF0, 0x1F, 0xF0, 0x70, 0x31, 0xC0, 0x23, 0x00, 0x0C, 0x00, 0x18, 0x00, 0x30, 0x00, 0x60,
    0x00, 0xC0, 0x01, 0x80, 0x01, 0x80, 0x03, 0x80, 0x43, 0x81, 0x83, 0xFE, 0x01, 0xF8, 0x7F, 0xFE,
    0xFF, 0xFC, 0x06, 0x00, 0x0C, 0x00, 0x18, 0x00, 0x30, 0x00, 0x60, 0x00, 0xC0, 0x01, 0x80, 0x03,
    0x00, 0x06, 0x00, 0x0C, 0x00, 0x18, 0x00, 0x30, 0x00, 0x60, 0x00, 0xC0, 0xC0, 0x19, 0x80, 0xC6,
    0x03, 0x0C, 0x18, 0x30, 0x60, 0xE3, 0x81, 0x8C, 0x07, 0x30, 0x0D, 0x80, 0x36, 0x00, 0x70, 0x01,
    0xC0, 0x07, 0x00, 0x18, 0x03, 0xE0, 0x0F, 0x00, 0x00, 0xC0, 0x00, 0x18, 0x00, 0x1F, 0xE0, 0x0F,
    0xFF, 0x03, 0xCC, 0xF0, 0x61, 0x87, 0x18, 0x30, 0x63, 0x06, 0x0C, 0x60, 0xC1, 0x8C, 0x18, 0x31,
    0xC3, 0x0E, 0x1C, 0x63, 0x81, 0xFF, 0xE0, 0x0F, 0xF0, 0x00, 0x30, 0x00, 0x06, 0x00, 0x38, 0x0E,
    0x30, 0x18, 0x30, 0x60, 0x71, 0x80, 0x67, 0x00, 0x6C, 0x00, 0xF0, 0x00, 0xE0, 0x03, 0xC0, 0x07,
    0xC0, 0x19, 0x80, 0x71, 0x80, 0xC3, 0x83, 0x03, 0x0E, 0x03, 0x38, 0x07, 0x30, 0x0C, 0x18, 0x06,
    0x0C, 0x03, 0x06, 0x01, 0x83, 0x00, 0xC1, 0x80, 0x60, 0xC0, 0x30, 0x60, 0x18, 0x30, 0x0C, 0x18,
    0x06, 0x0C, 0x03, 0x06, 0x01, 0x83, 0x00, 0xC1, 0x80, 0x60, 0xFF, 0xFC, 0x7F, 0xFE, 0x00, 0x03,
    0x00, 0x01, 0x80, 0x00, 0xC0, 0x30, 0x18, 0x60, 0x30, 0xC0, 0x61, 0x80, 0xC3, 0x01, 0x86, 0x03,
    0x0C, 0x06, 0x1C, 0x0C, 0x1F, 0xF8, 0x1F, 0xF0, 0x00, 0x60, 0x00, 0xC0, 0x01, 0x80, 0x03, 0x00,
    0x06, 0x00, 0x0C, 0x30, 0x18, 0x0C, 0x30, 0x18, 0x0C, 0x30, 0x18, 0x0C, 0x30, 0x18, 0x0C, 0x30,
    0x18, 0x0C, 0x30, 0x18, 0x0C, 0x30, 0x18, 0x0C, 0x30, 0x18, 0x0C, 0x30, 0x18, 0x0C, 0x30, 0x18,
    0x0C, 0x30, 0x18, 0x0C, 0x30, 0x18, 0x0C, 0x30, 0x18, 0x0C, 0x30, 0x18, 0x0C, 0x3F, 0xFF, 0xFC,
    0x3F, 0xFF, 0xFC, 0x30, 0x18, 0x0C, 0x30, 0x18, 0x0C, 0x30, 0x18, 0x0C, 0x30, 0x18, 0x0C, 0x30,
    0x18, 0x0C, 0x30, 0x18, 0x0C, 0x30, 0x18, 0x0C, 0x30, 0x18, 0x0C, 0x30, 0x18, 0x0C, 0x30, 0x18,
    0x0C, 0x30, 0x18, 0x0C, 0x30, 0x18, 0x0C, 0x30, 0x18, 0x0C, 0x30, 0x18, 0x0C, 0x3F, 0xFF, 0xFF,
    0x3F, 0xFF, 0xFF, 0x00, 0x00, 0x03, 0x00, 0x00, 0x03, 0x00, 0x00, 0x03, 0x7E, 0x00, 0x1F, 0x80,
    0x00, 0x60, 0x00, 0x18, 0x00, 0x06, 0x00, 0x01, 0x80, 0x00, 0x60, 0x00, 0x1F, 0xE0, 0x07, 0xFE,
    0x01, 0x81, 0xC0, 0x60, 0x30, 0x18, 0x0C, 0x06, 0x03, 0x01, 0x81, 0xC0, 0x7F, 0xE0, 0x1F, 0xF0,
    0x30, 0x01, 0x86, 0x00, 0x30, 0xC0, 0x06, 0x18, 0x00, 0xC3, 0x00, 0x18, 0x60, 0x03, 0x0C, 0x00,
    0x61, 0xFE, 0x0C, 0x3F, 0xF1, 0x86, 0x07, 0x30, 0xC0, 0x66, 0x18, 0x0C, 0xC3, 0x01, 0x98, 0x60,
    0x73, 0x0F, 0xFC, 0x61, 0xFF, 0x0C, 0x30, 0x00, 0x60, 0x00, 0xC0, 0x01, 0x80, 0x03, 0x00, 0x06,
    0x00, 0x0C, 0x00, 0x1F, 0xE0, 0x3F, 0xF0, 0x60, 0x70, 0xC0, 0x61, 0x80, 0xC3, 0x01, 0x86, 0x07,
    0x0F, 0xFC, 0x1F, 0xF0, 0x1F, 0x80, 0x7F, 0xC1, 0x81, 0xC2, 0x00, 0xC0, 0x01, 0x80, 0x01, 0x80,
    0x03, 0x0F, 0xFE, 0x1F, 0xFC, 0x00, 0x18, 0x00, 0x30, 0x00, 0xC4, 0x01, 0x8C, 0x0E, 0x0F, 0xF8,
    0x0F, 0xC0, 0x30, 0x1F, 0x80, 0x30, 0x3F, 0xE0, 0x30, 0x70, 0x70, 0x30, 0xE0, 0x38, 0x30, 0xC0,
    0x18, 0x31, 0x80, 0x0C, 0x31, 0x80, 0x0C, 0x3F, 0x80, 0x0C, 0x3F, 0x80, 0x0C, 0x31, 0x80, 0x0C,
    0x31, 0x80, 0x0C, 0x30, 0xC0, 0x18, 0x30, 0xE0, 0x38, 0x30, 0x70, 0x70, 0x30, 0x3F, 0xE0, 0x30,
    0x1F, 0x80, 0x07, 0xF8, 0x3F, 0xF0, 0xE0, 0x61, 0x80, 0xC3, 0x01, 0x86, 0x03, 0x0E, 0x06, 0x0F,
    0xFC, 0x07, 0xF8, 0x0E, 0x30, 0x18, 0x60, 0x70, 0xC1, 0xC1, 0x83, 0x03, 0x0C, 0x06, 0x38, 0x0C,
    0x1F, 0x81, 0xFE, 0x08, 0x38, 0x00, 0xC1, 0xFE, 0x1F, 0xF1, 0xC1, 0x8C, 0x0C, 0x60, 0xE3, 0x8F,
    0x0F, 0xF8, 0x3C, 0xC0, 0x07, 0xC0, 0x7F, 0x83, 0xC0, 0x0C, 0x00, 0x60, 0x01, 0xBE, 0x07, 0xFC,
    0x1E, 0x38, 0x70, 0x71, 0x80, 0xC6, 0x03, 0x18, 0x0C, 0x60, 0x31, 0xC1, 0xC3, 0x8E, 0x07, 0xF0,
    0x0F, 0x80, 0x00, 0x00, 0x3F, 0x81, 0xFF, 0x0C, 0x38, 0x60, 0xC3, 0x0E, 0x1F, 0xC0, 0xFF, 0x86,
    0x0E, 0x30, 0x31, 0x83, 0x8F, 0xF8, 0x7F, 0x80, 0x3F, 0xE3, 0xFE, 0x30, 0x03, 0x00, 0x30, 0x03,
    0x00, 0x30, 0x03, 0x00, 0x30, 0x03, 0x00, 0x30, 0x03, 0x00, 0x0F, 0xF0, 0x1F, 0xE0, 0x30, 0xC0,
    0x61, 0x80, 0xC3, 0x01, 0x86, 0x03, 0x0C, 0x0E, 0x18, 0x18, 0x30, 0x70, 0x61, 0xFF, 0xF3, 0xFF,
    0xE6, 0x00, 0xCC, 0x01, 0x98, 0x03, 0x00, 0x0F, 0x80, 0x7F, 0x83, 0x86, 0x1C, 0x0C, 0x60, 0x31,
    0xFF, 0xC7, 0xFF, 0x18, 0x00, 0x70, 0x00, 0xE0, 0x41, 0xFF, 0x03, 0xF8, 0x38, 0x61, 0xC1, 0xC6,
    0x38, 0x0E, 0x67, 0x00, 0x76, 0xE0, 0x03, 0xFC, 0x00, 0x7F, 0xE0, 0x06, 0xF6, 0x00, 0xCF, 0x30,
    0x1C, 0x63, 0x81, 0x86, 0x18, 0x30, 0x60, 0xC7, 0x06, 0x0E, 0x3F, 0x07, 0xF8, 0x41, 0xC0, 0x0C,
    0x01, 0x81, 0xF0, 0x1F, 0x80, 0x1C, 0x00, 0xC4, 0x1C, 0x7F, 0x83, 0xF0, 0x30, 0x70, 0xC1, 0xC3,
    0x0F, 0x0C, 0x7C, 0x31, 0xB0, 0xCC, 0xC3, 0x73, 0x0D, 0x8C, 0x3E, 0x30, 0xF0, 0xC3, 0x83, 0x0E,
    0x0C, 0x10, 0x20, 0x61, 0x80, 0xFC, 0x01, 0xE0, 0x00, 0x00, 0xC1, 0xC3, 0x07, 0x0C, 0x3C, 0x31,
    0xF0, 0xC6, 0xC3, 0x33, 0x0D, 0xCC, 0x36, 0x30, 0xF8, 0xC3, 0xC3, 0x0E, 0x0C, 0x38, 0x30, 0x30,
    0x71, 0x87, 0x0C, 0x70, 0x67, 0x03, 0x70, 0x1F, 0x80, 0xFE, 0x07, 0x38, 0x30, 0xC1, 0x83, 0x0C,
    0x1C, 0x60, 0x70, 0x0F, 0xF0, 0x3F, 0xC0, 0xC3, 0x03, 0x0C, 0x0C, 0x30, 0x30, 0xC0, 0xC3, 0x03,
    0x0C, 0x18, 0x30, 0xE0, 0xC7, 0x83, 0x18, 0x0C, 0x3C, 0x1E, 0x1E, 0x0F, 0x0F, 0x07, 0x86, 0xC6,
    0xC3, 0x63, 0x61, 0x9B, 0x30, 0xCD, 0x98, 0x67, 0xCC, 0x31, 0xC6, 0x18, 0xE3, 0x0C, 0x01, 0x86,
    0x00, 0xC0, 0x30, 0x30, 0xC0, 0xC3, 0x03, 0x0C, 0x0C, 0x30, 0x30, 0xFF, 0xC3, 0xFF, 0x0C, 0x0C,
    0x30, 0x30, 0xC0, 0xC3, 0x03, 0x0C, 0x0C, 0x0F, 0x80, 0xFE, 0x0E, 0x38, 0xE0, 0xE6, 0x03, 0x30,
    0x19, 0x80, 0xCC, 0x06, 0x70, 0x71, 0xC7, 0x07, 0xF0, 0x1F, 0x00, 0x3F, 0xF0, 0xFF, 0xC3, 0x03,
    0x0C, 0x0C, 0x30, 0x30, 0xC0, 0xC3, 0x03, 0x0C, 0x0C, 0x30, 0x30, 0xC0, 0xC3, 0x03, 0x0C, 0x0C,
    0x33, 0xC0, 0xFF, 0x83, 0xC7, 0x0E, 0x0E, 0x30, 0x18, 0xC0, 0x63, 0x01, 0x8C, 0x06, 0x38, 0x38,
    0xF1, 0xC3, 0xFE, 0x0C, 0xF0, 0x30, 0x00, 0xC0, 0x03, 0x00, 0x0C, 0x00, 0x30, 0x00, 0x0F, 0xC1,
    0xFE, 0x38, 0x27, 0x00, 0x60, 0x06, 0x00, 0x60, 0x06, 0x00, 0x70, 0x03, 0x82, 0x1F, 0xE0, 0xFC,
    0x7F, 0xFB, 0xFF, 0xC0, 0xC0, 0x06, 0x00, 0x30, 0x01, 0x80, 0x0C, 0x00, 0x60, 0x03, 0x00, 0x18,
    0x00, 0xC0, 0x06, 0x00, 0x60, 0x19, 0x81, 0x8C, 0x0C, 0x70, 0xE1, 0x86, 0x0C, 0x30, 0x33, 0x01,
    0x98, 0x07, 0x80, 0x3C, 0x01, 0xE0, 0x06, 0x00, 0x30, 0x03, 0x00, 0x18, 0x07, 0x80, 0x3C, 0x00,
    0x00, 0xC0, 0x00, 0x18, 0x00, 0x03, 0x00, 0x00, 0x60, 0x00, 0x0C, 0x00, 0x3D, 0xBC, 0x0F, 0xFF,
    0xC1, 0x8F, 0x18, 0x60, 0xC1, 0x8C, 0x18, 0x31, 0x83, 0x06, 0x30, 0x60, 0xC6, 0x0C, 0x18, 0xC1,
    0x83, 0x0C, 0x78, 0xC1, 0xFF, 0xF8, 0x1E, 0xDE, 0x00, 0x18, 0x00, 0x03, 0x00, 0x00, 0x60, 0x00,
    0x0C, 0x00, 0x01, 0x80, 0x00, 0x70, 0x39, 0xC3, 0x87, 0x38, 0x19, 0x80, 0x78, 0x03, 0xC0, 0x1E,
    0x01, 0xF8, 0x0C, 0xC0, 0xC3, 0x0E, 0x1C, 0xE0, 0x70, 0x30, 0x30, 0x60, 0x60, 0xC0, 0xC1, 0x81,
    0x83, 0x03, 0x06, 0x06, 0x0C, 0x0C, 0x18, 0x18, 0x30, 0x30, 0x60, 0x60, 0xFF, 0xF1, 0xFF, 0xE0,
    0x00, 0xC0, 0x01, 0x80, 0x03, 0x00, 0x30, 0x61, 0x83, 0x0C, 0x18, 0x60, 0xC3, 0x86, 0x0F, 0xF0,
    0x3F, 0x80, 0x0C, 0x00, 0x60, 0x03, 0x00, 0x18, 0x00, 0xC0, 0x30, 0x60, 0xC3, 0x06, 0x0C, 0x30,
    0x60, 0xC3, 0x06, 0x0C, 0x30, 0x60, 0xC3, 0x06, 0x0C, 0x30, 0x60, 0xC3, 0x06, 0x0C, 0x30, 0x60,
    0xC3, 0x06, 0x0C, 0x3F, 0xFF, 0xC3, 0xFF, 0xFC, 0x30, 0x60, 0xC1, 0x83, 0x06, 0x0C, 0x18, 0x30,
    0x60, 0xC1, 0x83, 0x06, 0x0C, 0x18, 0x30, 0x60, 0xC1, 0x83, 0x06, 0x0C, 0x18, 0x30, 0x60, 0xC1,
    0x83, 0x06, 0x0F, 0xFF, 0xFC, 0x7F, 0xFF, 0xE0, 0x00, 0x03, 0x00, 0x00, 0x18, 0x00, 0x00, 0xC0,
    0x7E, 0x00, 0x7E, 0x00, 0x06, 0x00, 0x06, 0x00, 0x06, 0x00, 0x07, 0xF8, 0x07, 0xFC, 0x06, 0x0E,
    0x06, 0x06, 0x06, 0x0E, 0x07, 0xFC, 0x07, 0xF8, 0x30, 0x06, 0x18, 0x03, 0x0C, 0x01, 0x86, 0x00,
    0xC3, 0x00, 0x61, 0xFE, 0x30, 0xFF, 0x98, 0x60, 0xEC, 0x30, 0x36, 0x18, 0x3B, 0x0F, 0xF9, 0x87,
    0xF8, 0xC0, 0x30, 0x01, 0x80, 0x0C, 0x00, 0x60, 0x03, 0x00, 0x1F, 0xE0, 0xFF, 0x86, 0x0E, 0x30,
    0x31, 0x83, 0x8F, 0xF8, 0x7F, 0x80, 0x3F, 0x07, 0xF8, 0x41, 0xC0, 0x0E, 0x00, 0x63, 0xFE, 0x3F,
    0xE0, 0x06, 0x00, 0x64, 0x1C, 0x7F, 0x83, 0xF0, 0x30, 0x7C, 0x06, 0x1F, 0xC0, 0xC7, 0x1C, 0x19,
    0xC1, 0xC3, 0x30, 0x18, 0x7E, 0x03, 0x0F, 0xC0, 0x61, 0x98, 0x0C, 0x33, 0x83, 0x86, 0x38, 0xE0,
    0xC7, 0xF8, 0x18, 0x3E, 0x00, 0x0F, 0xE0, 0xFF, 0x0C, 0x18, 0x60, 0xC3, 0x86, 0x0F, 0xF0, 0x3F,
    0x81, 0xCC, 0x0C, 0x60, 0xC3, 0x0E, 0x18, 0xE0, 0xC0, 0x18, 0x00, 0x30, 0x00, 0x60, 0x00, 0xC0,
    0x00, 0x00, 0x00, 0x00, 0xF8, 0x07, 0xF8, 0x38, 0x61, 0xC0, 0xC6, 0x03, 0x1F, 0xFC, 0x7F, 0xF1,
    0x80, 0x07, 0x00, 0x0E, 0x04, 0x1F, 0xF0, 0x3F, 0x80, 0x18, 0xC0, 0x63, 0x00, 0x00, 0x00, 0x00,
    0x00, 0x00, 0x3E, 0x01, 0xFE, 0x0E, 0x18, 0x70, 0x31, 0x80, 0xC7, 0xFF, 0x1F, 0xFC, 0x60, 0x01,
    0xC0, 0x03, 0x81, 0x07, 0xFC, 0x0F, 0xE0, 0x30, 0x00, 0xC0, 0x03, 0x00, 0x0C, 0x00, 0x30, 0x03,
    0xFF, 0x0F, 0xFC, 0x0C, 0x00, 0x30, 0x00, 0xCF, 0x03, 0xFE, 0x0E, 0x1C, 0x30, 0x30, 0xC0, 0xC3,
    0x03, 0x0C, 0x0C, 0x30, 0x30, 0x01, 0x80, 0x0E, 0x00, 0x70, 0x03, 0x80, 0x08, 0x00, 0x00, 0xC0,
    0x18, 0x03, 0x00, 0x60, 0x00, 0x00, 0x00, 0x3F, 0xE3, 0xFE, 0x30, 0x03, 0x00, 0x30, 0x03, 0x00,
    0x30, 0x03, 0x00, 0x30, 0x03, 0x00, 0x30, 0x03, 0x00, 0x0F, 0xC1, 0xFE, 0x38, 0x27, 0x00, 0x60,
    0x07, 0xF8, 0x7F, 0x86, 0x00, 0x60, 0x03, 0x82, 0x1F, 0xE0, 0xFC, 0x1F, 0x07, 0xF1, 0xC2, 0x30,
    0x07, 0x00, 0x7E, 0x03, 0xE0, 0x06, 0x00, 0xC8, 0x39, 0xFE, 0x1F, 0x80, 0x30, 0xC3, 0x00, 0x00,
    0xC3, 0x0C, 0x30, 0xC3, 0x0C, 0x30, 0xC3, 0x0C, 0x30, 0x66, 0x66, 0x00, 0x00, 0x00, 0x18, 0x18,
    0x18, 0x18, 0x18, 0x18, 0x18, 0x18, 0x18, 0x18, 0x18, 0x18, 0x18, 0x30, 0x60, 0x00, 0x03, 0x06,
    0x0C, 0x18, 0x30, 0x60, 0xC1, 0x83, 0x06, 0x0C, 0x18, 0x30, 0x60, 0xC7, 0x0E, 0x00, 0x0F, 0xF0,
    0x00, 0xFF, 0x00, 0x0C, 0x30, 0x00, 0xC3, 0x00, 0x0C, 0x30, 0x00, 0xC3, 0xF8, 0x0C, 0x3F, 0xC0,
    0xC3, 0x0E, 0x18, 0x30, 0x63, 0x83, 0x0E, 0x78, 0x3F, 0xC6, 0x03, 0xF8, 0x30, 0x30, 0x03, 0x03,
    0x00, 0x30, 0x30, 0x03, 0x03, 0x00, 0x30, 0x30, 0x03, 0xFF, 0xF8, 0x3F, 0xFF, 0xC3, 0x03, 0x0E,
    0x30, 0x30, 0x63, 0x03, 0x0E, 0x30, 0x3F, 0xC3, 0x03, 0xF8, 0x30, 0x00, 0xC0, 0x03, 0x00, 0x0C,
    0x00, 0x30, 0x03, 0xFF, 0x0F, 0xFC, 0x0C, 0x00, 0x30, 0x00, 0xCF, 0x03, 0xFE, 0x0E, 0x1C, 0x30,
    0x30, 0xC0, 0xC3, 0x03, 0x0C, 0x0C, 0x30, 0x30, 0x00, 0xC0, 0x0C, 0x00, 0xC0, 0x0C, 0x00, 0x00,
    0x00, 0x00, 0xC1, 0xC6, 0x1C, 0x31, 0xC1, 0x9C, 0x0D, 0xC0, 0x7E, 0x03, 0xF8, 0x1C, 0xE0, 0xC3,
    0x06, 0x0C, 0x30, 0x71, 0x81, 0xC0, 0x18, 0x00, 0x30, 0x00, 0x60, 0x00, 0xC0, 0x00, 0x00, 0x00,
    0x03, 0x07, 0x0C, 0x1C, 0x30, 0xF0, 0xC7, 0xC3, 0x1B, 0x0C, 0xCC, 0x37, 0x30, 0xD8, 0xC3, 0xE3,
    0x0F, 0x0C, 0x38, 0x30, 0xE0, 0xC0, 0x10, 0x40, 0xC6, 0x03, 0xE0, 0x0E, 0x00, 0x00, 0x30, 0x0C,
    0xC0, 0xC6, 0x06, 0x38, 0x70, 0xC3, 0x06, 0x18, 0x19, 0x80, 0xCC, 0x03, 0xC0, 0x1E, 0x00, 0xF0,
    0x03, 0x00, 0x18, 0x01, 0x80, 0x0C, 0x03, 0xC0, 0x1E, 0x00, 0x30, 0x30, 0xC0, 0xC3, 0x03, 0x0C,
    0x0C, 0x30, 0x30, 0xC0, 0xC3, 0x03, 0x0C, 0x0C, 0x30, 0x30, 0xC0, 0xC3, 0xFF, 0x0F, 0xFC, 0x03,
    0x00, 0x0C, 0x00, 0x30, 0x00, 0x0C, 0x03, 0x00, 0xC0, 0x0C, 0x0C, 0x00, 0x30, 0x60, 0x01, 0x83,
    0x00, 0x0C, 0x30, 0x00, 0x31, 0x80, 0x01, 0x8C, 0x0C, 0x0C, 0x60, 0x60, 0x63, 0x03, 0x03, 0x18,
    0x18, 0x18, 0xC0, 0xC0, 0xC3, 0x0F, 0x0C, 0x18, 0x78, 0x60, 0x7E, 0x7E, 0x01, 0xE1, 0xE0, 0x18,
    0x06, 0x0C, 0x00, 0xC3, 0x00, 0x31, 0x80, 0x06, 0x60, 0x01, 0x98, 0x30, 0x66, 0x0C, 0x19, 0x83,
    0x06, 0x60, 0xC1, 0x8C, 0x78, 0xC3, 0xF7, 0xF0, 0x7C, 0xF8, 0x0C, 0x00, 0x06, 0x00, 0x3F, 0xF0,
    0x1F, 0xF8, 0x00, 0xC0, 0x00, 0x60, 0x00, 0x30, 0x00, 0x1F, 0xE0, 0x0F, 0xFC, 0x06, 0x07, 0x03,
    0x01, 0x81, 0x80, 0xC0, 0xC0, 0x60, 0x60, 0x70, 0x3F, 0xF0, 0x1F, 0xF0, 0x0C, 0x00, 0x18, 0x00,
    0x30, 0x00, 0x60, 0x00, 0xC0, 0x0F, 0xFC, 0x1F, 0xF8, 0x06, 0x00, 0x0C, 0x00, 0x18, 0x00, 0x3F,
    0xC0, 0x7F, 0xC0, 0xC1, 0xC1, 0x81, 0x83, 0x07, 0x07, 0xFC, 0x0F, 0xF0, 0x30, 0x1F, 0xC1, 0x83,
    0xEF, 0x8C, 0x38, 0x0C, 0x61, 0x80, 0x03, 0x1C, 0x00, 0x18, 0xC0, 0x00, 0xC6, 0x00, 0x07, 0xFF,
    0xE0, 0x31, 0x80, 0x01, 0x8C, 0x00, 0x0C, 0x60, 0x00, 0x63, 0x80, 0x03, 0x0C, 0x00, 0x18, 0x70,
    0x18, 0xC1, 0xF7, 0xC6, 0x03, 0xF8, 0x00, 0x00, 0x00, 0x00, 0x00, 0x00, 0x30, 0xFE, 0x31, 0xE6,
    0x33, 0x80, 0x33, 0x00, 0x33, 0x00, 0x3F, 0xF8, 0x33, 0x00, 0x33, 0x00, 0x33, 0x00, 0x33, 0x80,
    0x31, 0xE6, 0x30, 0xFE, 0x00, 0x00, 0x00, 0x00, 0x00, 0xE0, 0x00, 0x0F, 0x00, 0x01, 0xF0, 0x00,
    0x1B, 0x80, 0x03, 0x98, 0x00, 0x31, 0xC0, 0x06, 0x0C, 0x00, 0x60, 0xE0, 0x0F, 0xFE, 0x00, 0xFF,
    0xF0, 0x18, 0x63, 0x03, 0x86, 0x38, 0x30, 0x61, 0x87, 0x06, 0x1C, 0x60, 0x60, 0xCE, 0x06, 0x0E,
    0x00, 0x00, 0x00, 0x01, 0xC0, 0x00, 0xF0, 0x00, 0xD8, 0x00, 0x66, 0x00, 0x63, 0x00, 0x60, 0xC0,
    0x3F, 0xE0, 0x3F, 0xF8, 0x18, 0xC6, 0x18, 0x63, 0x1C, 0x30, 0xCC, 0x18, 0x60, 0x00, 0x00, 0x30,
    0x03, 0x80, 0x0C, 0x01, 0xE0, 0x03, 0x00, 0x6C, 0x00, 0xC0, 0x3B, 0x80, 0x30, 0x0C, 0x60, 0x0C,
    0x07, 0x1C, 0x03, 0x01, 0x83, 0x00, 0xFF, 0xE0, 0xE0, 0x30, 0x3F, 0xF8, 0x0C, 0x1F, 0xFF, 0x03,
    0x06, 0x38, 0xC0, 0xC3, 0x8E, 0x38, 0x30, 0xC3, 0x86, 0x0C, 0x70, 0xE1, 0xC3, 0x18, 0x38, 0x30,
    0xCE, 0x0E, 0x0E, 0x00, 0x00, 0x00, 0x00, 0x30, 0x0E, 0x00, 0xC0, 0x78, 0x03, 0x01, 0xB0, 0x0C,
    0x0C, 0xE0, 0x30, 0x31, 0x80, 0xFF, 0x83, 0x03, 0xFF, 0xFC, 0x0C, 0x3F, 0xF8, 0x31, 0x8C, 0x60,
    0xC6, 0x30, 0xC3, 0x30, 0xC1, 0x8C, 0xC3, 0x06, 0x00, 0x00, 0x00, 0x3F, 0xFF, 0x0F, 0xFF, 0x03,
    0x03, 0x81, 0x81, 0x80, 0x61, 0x80, 0x39, 0xC0, 0x0C, 0xC0, 0x03, 0xE0, 0x03, 0xF0, 0x07, 0xFE,
    0x07, 0xB7, 0x83, 0x18, 0xC1, 0x8C, 0x61, 0x86, 0x18, 0xC3, 0x0C, 0x61, 0x86, 0x7F, 0xF9, 0xFF,
    0x86, 0x18, 0x39, 0xC0, 0xCC, 0x07, 0xE0, 0x3F, 0x07, 0xFE, 0x3B, 0x73, 0x99, 0xD8, 0xC6, 0xC6,
    0x30, 0x31, 0xFF, 0xF8, 0x61, 0xFF, 0xE0, 0xC3, 0x81, 0xC1, 0x83, 0x87, 0x03, 0x03, 0x0C, 0x06,
    0x07, 0x38, 0x0C, 0x06, 0x60, 0x1F, 0xFF, 0xC0, 0x30, 0x3F, 0xC0, 0x60, 0xFF, 0xC0, 0xC3, 0x99,
    0xC1, 0x8E, 0x31, 0x83, 0x18, 0x63, 0x86, 0x30, 0xC3, 0x0C, 0x61, 0x86, 0x18, 0xC3, 0x0C, 0x00,
    0x00, 0x00, 0x33, 0xFF, 0x8C, 0x7F, 0xC3, 0x1C, 0x70, 0xC3, 0x18, 0x30, 0xEC, 0x0F, 0xFB, 0x03,
    0xFF, 0xC0, 0xC7, 0xFC, 0x31, 0xB3, 0x0C, 0xCC, 0xE3, 0x33, 0x18, 0xCC, 0xC6, 0x00, 0x00, 0x00,
    0x00, 0x40, 0x22, 0x00, 0xC8, 0x01, 0x40, 0x05, 0x00, 0xFF, 0x03, 0xFE, 0x00, 0x1C, 0x00, 0x30,
    0x00, 0xC0, 0x07, 0x00, 0x78, 0x0F, 0x80, 0x03, 0x80, 0x03, 0x00, 0x0C, 0x00, 0x30, 0x00, 0xC0,
    0x07, 0x07, 0xF8, 0x3F, 0xC1, 0x80, 0x06, 0x00, 0x1E, 0xF0, 0x3F, 0xE0, 0x00, 0x00, 0x00, 0x81,
    0x10, 0x19, 0x00, 0xA0, 0x0A, 0x03, 0xF8, 0x33, 0xC0, 0x0C, 0x00, 0xC0, 0x1C, 0x0F, 0x00, 0x3C,
    0x00, 0xC0, 0x0C, 0x00, 0xC3, 0xFC, 0x7F, 0x06, 0x00, 0x60, 0x06, 0x38, 0x3F, 0x80, 0x00, 0x01,
    0xC0, 0xFC, 0x38, 0x3D, 0x87, 0x0C, 0x30, 0xE1, 0x83, 0x1C, 0x60, 0x63, 0x8C, 0x0C, 0x73, 0x80,
    0xCE, 0x60, 0x19, 0xCC, 0x03, 0xBB, 0x00, 0x37, 0x60, 0x07, 0xFC, 0x00, 0x7F, 0x00, 0x03, 0x80,
    0x00, 0x70, 0x00, 0x0E, 0x00, 0x00, 0x00, 0x00, 0x00, 0xC0, 0x00, 0x18, 0x00, 0x03, 0x00, 0x00,
    0x60, 0x00, 0x0C, 0x00, 0xC1, 0x83, 0xD8, 0x30, 0xE3, 0x86, 0x18, 0x30, 0xC7, 0x06, 0x18, 0xC0,
    0x63, 0x18, 0x0C, 0x66, 0x01, 0x8C, 0xC0, 0x19, 0x98, 0x03, 0x36, 0x00, 0x7F, 0xC0, 0x07, 0xF8,
    0x00, 0x18, 0x00, 0x03, 0x00, 0x00, 0x60, 0x00, 0x0C, 0x00, 0x01, 0x80, 0x00, 0x03, 0xE0, 0x07,
    0xFC, 0x07, 0x07, 0x07, 0x01, 0xC3, 0x00, 0x63, 0x00, 0x19, 0x80, 0x0C, 0xFF, 0xFE, 0x7F, 0xFF,
    0x30, 0x01, 0x98, 0x00, 0xC6, 0x00, 0xC3, 0x00, 0x60, 0xE0, 0xE0, 0x3F, 0xE0, 0x07, 0xC0, 0x0F,
    0x80, 0xFE, 0x0C, 0x18, 0xC0, 0x67, 0xFF, 0x3F, 0xF9, 0x80, 0xCC, 0x06, 0x70, 0x71, 0xC7, 0x07,
    0xF0, 0x1F, 0x00, 0xE0, 0x07, 0xB0, 0x07, 0xD8, 0x03, 0x06, 0x03, 0x83, 0x01, 0x81, 0xC0, 0xC0,
    0x60, 0xC0, 0x30, 0x60, 0x1C, 0x70, 0x06, 0x30, 0x03, 0x18, 0x00, 0xD8, 0x00, 0x6C, 0x00, 0x3E,
    0x00, 0x0E, 0x00, 0x07, 0x00, 0x00, 0x00, 0x00, 0x60, 0x1C, 0xC0, 0x61, 0xC1, 0x81, 0x83, 0x03,
    0x0E, 0x03, 0x18, 0x06, 0x30, 0x0C, 0xC0, 0x0D, 0x80, 0x1B, 0x00, 0x3C, 0x00, 0x38, 0x00, 0x00,
    0x00, 0x19, 0x80, 0x06, 0x60, 0x00, 0x00, 0x00, 0x00, 0x0E, 0x00, 0x7B, 0x00, 0x7D, 0x80, 0x30,
    0x60, 0x38, 0x30, 0x18, 0x1C, 0x0C, 0x06, 0x0C, 0x03, 0x06, 0x01, 0xC7, 0x00, 0x63, 0x00, 0x31,
    0x80, 0x0D, 0x80, 0x06, 0xC0, 0x03, 0xE0, 0x00, 0xE0, 0x00, 0x70, 0x00, 0x00, 0x00, 0x19, 0x80,
    0x19, 0x80, 0x11, 0x00, 0x33, 0x00, 0x00, 0x00, 0x00, 0x18, 0x07, 0x30, 0x18, 0x70, 0x60, 0x60,
    0xC0, 0xC3, 0x80, 0xC6, 0x01, 0x8C, 0x03, 0x30, 0x03, 0x60, 0x06, 0xC0, 0x0F, 0x00, 0x0E, 0x00,
    0x0F, 0x80, 0x00, 0x77, 0x00, 0x03, 0x0C, 0x00, 0x0C, 0x18, 0x00, 0x30, 0x6C, 0x19, 0xC1, 0xB0,
    0xE7, 0x06, 0x63, 0x1C, 0x19, 0x8C, 0x70, 0x66, 0x61, 0xC1, 0x8D, 0x87, 0x06, 0x3E, 0x0C, 0x18,
    0x70, 0x30, 0x61, 0xC0, 0xC3, 0x06, 0x01, 0xDC, 0x18, 0x03, 0xE0, 0xE0, 0x00, 0x03, 0x00, 0x00,
    0x0C, 0x00, 0x00, 0x60, 0x00, 0x07, 0x80, 0x00, 0x18, 0x00, 0x00, 0x00, 0x00, 0x1F, 0x30, 0x63,
    0xBB, 0x06, 0x31, 0x98, 0xC3, 0x0D, 0x8C, 0x60, 0xDD, 0x86, 0x0C, 0xD8, 0x60, 0xCD, 0x86, 0x0C,
    0x70, 0x30, 0xC7, 0x03, 0x18, 0x60, 0x3B, 0x86, 0x01, 0xF0, 0x60, 0x00, 0x0C, 0x00, 0x00, 0xC0,
    0x00, 0x18, 0x00, 0x07, 0x80, 0x00, 0x60, 0x00, 0x00, 0x00, 0x00, 0x70, 0x00, 0x7F, 0xFC, 0x07,
    0x0C, 0x70, 0x70, 0x01, 0xC3, 0x00, 0x06, 0x18, 0x00, 0x31, 0xC0, 0x01, 0xCE, 0x00, 0x0E, 0x70,
    0x00, 0x73, 0x80, 0x03, 0x8C, 0x00, 0x18, 0x60, 0x00, 0xC3, 0x80, 0x0E, 0x0E, 0x38, 0xE0, 0x3F,
    0xFE, 0x00, 0x0E, 0x00, 0x00, 0x00, 0x00, 0x00, 0x00, 0x00, 0x07, 0xF0, 0x0F, 0xFE, 0x0C, 0x03,
    0x86, 0x00, 0xC6, 0x00, 0x63, 0x00, 0x31, 0x80, 0x18, 0xC0, 0x0C, 0x30, 0x06, 0x18, 0x07, 0x07,
    0xFF, 0x00, 0xFE, 0x00, 0x00, 0x00, 0x00, 0x00, 0x00, 0x1F, 0x00, 0x00, 0x1C, 0x60, 0x00, 0x04,
    0xC8, 0x00, 0x00, 0x30, 0x00, 0x00, 0x04, 0x00, 0x00, 0x01, 0x00, 0x00, 0xC0, 0x81, 0x80, 0x60,
    0x00, 0x30, 0x38, 0x00, 0x0E, 0x0C, 0x00, 0x01, 0x83, 0x00, 0x00, 0x61, 0x80, 0x00, 0x0C, 0x60,
    0x00, 0x03, 0x18, 0x00, 0x00, 0xC6, 0x00, 0x00, 0x31, 0x80, 0xF8, 0x0C, 0x60, 0x7F, 0x03, 0x0C,
    0x30, 0x61, 0x83, 0xF8, 0x0F, 0xE0, 0x78, 0x00, 0xF0, 0x00, 0x00, 0x00, 0x00, 0x00, 0x7C, 0x00,
    0x03, 0x8C, 0x00, 0x04, 0xC8, 0x00, 0x01, 0x80, 0x00, 0x01, 0x00, 0x00, 0x02, 0x00, 0x0C, 0x08,
    0x18, 0x18, 0x00, 0x30, 0x60, 0x00, 0x30, 0xC0, 0x00, 0x61, 0x80, 0x00, 0xC3, 0x00, 0x01, 0x86,
    0x0F, 0x83, 0x0E, 0x3F, 0x8E, 0x0F, 0xE3, 0xF8, 0x0F, 0x01, 0xE0, 0x00, 0x00, 0x00, 0x07, 0xFE,
    0x00, 0x13, 0x20, 0x00, 0x00, 0x00, 0x00, 0x00, 0x00, 0xC0, 0x30, 0x0C, 0x00, 0xC0, 0xC0, 0x03,
    0x06, 0x00, 0x18, 0x30, 0x00, 0xC3, 0x00, 0x03, 0x18, 0x00, 0x18, 0xC0, 0xC0, 0xC6, 0x06, 0x06,
    0x30, 0x30, 0x31, 0x81, 0x81, 0x8C, 0x0C, 0x0C, 0x30, 0xF0, 0xC1, 0x87, 0x86, 0x07, 0xE7, 0xE0,
    0x1E, 0x1E, 0x00, 0x0F, 0xFC, 0x01, 0x32, 0x00, 0x00, 0x00, 0x00, 0x00, 0x18, 0x06, 0x0C, 0x00,
    0xC3, 0x00, 0x31, 0x80, 0x06, 0x60, 0x01, 0x98, 0x30, 0x66, 0x0C, 0x19, 0x83, 0x06, 0x60, 0xC1,
    0x8C, 0x78, 0xC3, 0xF7, 0xF0, 0x7C, 0xF8, 0x03, 0xF0, 0x1F, 0xF0, 0x70, 0x31, 0xC0, 0x23, 0x00,
    0x0C, 0x00, 0x18, 0x00, 0x30, 0x00, 0x60, 0x00, 0xC0, 0x01, 0x80, 0x01, 0x80, 0x03, 0x80, 0x03,
    0x80, 0x03, 0xFE, 0x01, 0xFC, 0x00, 0x18, 0x00, 0x30, 0x00, 0x60, 0x00, 0xC0, 0x01, 0x80, 0x0F,
    0xC1, 0xFE, 0x38, 0x27, 0x00, 0x60, 0x06, 0x00, 0x60, 0x06, 0x00, 0x70, 0x03, 0x80, 0x1F, 0xC0,
    0xFC, 0x00, 0xC0, 0x0C, 0x00, 0xC0, 0x0C, 0x00, 0xC0, 0x01, 0x03, 0xF0, 0x7C, 0x03, 0xC0, 0x7C,
    0xFD, 0x9F, 0x00, 0xF0, 0x3F, 0x06, 0x40, 0x40, 0x00, 0x00, 0x00, 0x01, 0x00, 0x00, 0x70, 0x03,
    0xFE, 0x00, 0x60, 0x00, 0x0F, 0x00, 0x08, 0x04, 0x06, 0x00, 0xC0, 0x80, 0x08, 0x00, 0x00, 0x00,
    0x00, 0x01, 0x00, 0x01, 0x20, 0x00, 0x24, 0x00, 0x04, 0xC0, 0x00, 0x80, 0x00, 0x00, 0x00, 0x00,
    0x00, 0x01, 0x03, 0x00, 0x20, 0x30, 0x18, 0x00, 0x70, 0x00, 0x0E, 0x00, 0x00, 0x07, 0xC0, 0x01,
    0xC6, 0x00, 0x10, 0x20, 0x0F, 0x00, 0x04, 0x02, 0x01, 0x80, 0x30, 0x10, 0x01, 0x00, 0x00, 0x00,
    0x00, 0x00, 0x04, 0x00, 0x04, 0x40, 0x00, 0x44, 0x00, 0x04, 0x60, 0x00, 0x40, 0x00, 0x00, 0x00,
    0x00, 0x00, 0x00, 0x10, 0x18, 0x01, 0x00, 0xC0, 0x60, 0x00, 0xE0, 0x00, 0x0E, 0x00, 0x00, 0x00,
    0x00, 0x00, 0x06, 0x00, 0x00, 0xC0, 0x00, 0x10, 0x00, 0x02, 0x00, 0x0F, 0x20, 0x08, 0x04, 0x06,
    0x00, 0xC0, 0x80, 0x08, 0x00, 0x00, 0x00, 0x00, 0x01, 0x00, 0x01, 0x20, 0x00, 0x24, 0x00, 0x04,
    0xC0, 0x00, 0x80, 0x00, 0x00, 0x00, 0x00, 0x00, 0x01, 0x03, 0x00, 0x20, 0x30, 0x18, 0x00, 0x70,
    0x00, 0x0E, 0x00, 0x00, 0x06, 0x00, 0x00, 0xC0, 0x00, 0x08, 0x00, 0x01, 0x00, 0x0F, 0x40, 0x08,
    0x04, 0x06, 0x00, 0xC0, 0x80, 0x08, 0x00, 0x00, 0x00, 0x00, 0x01, 0x00, 0x01, 0x20, 0x00, 0x24,
    0x00, 0x04, 0xC0, 0x00, 0x80, 0x00, 0x00, 0x00, 0x00, 0x00, 0x01, 0x03, 0x00, 0x20, 0x30, 0x18,
    0x00, 0x70, 0x00, 0x0E, 0x00, 0x0F, 0xE0, 0x01, 0xC7, 0xC0, 0x30, 0x0F, 0xE0, 0x0F, 0x06, 0x04,
    0x02, 0x01, 0x80, 0x30, 0x10, 0x01, 0x00, 0x00, 0x00, 0x00, 0x00, 0x04, 0x00, 0x04, 0x40, 0x00,
    0x44, 0x00, 0x04, 0x60, 0x00, 0x40, 0x00, 0x00, 0x00, 0x00, 0x00, 0x00, 0x10, 0x18, 0x01, 0x00,
    0xC0, 0x60, 0x00, 0xE0, 0x00, 0x0E, 0x00, 0x00, 0x00, 0x00, 0x00, 0x07, 0xC0, 0x00, 0x00, 0x0C,
    0x40, 0x00, 0x00, 0x08, 0x60, 0x00, 0x0F, 0x80, 0x03, 0xC0, 0x08, 0xC0, 0x06, 0x60, 0x08, 0x40,
    0x04, 0x20, 0x00, 0x1E, 0x00, 0x00, 0x00, 0x80, 0x40, 0x00, 0x03, 0x00, 0x60, 0x00, 0x02, 0x00,
    0x20, 0x00, 0x00, 0x00, 0x00, 0x38, 0x0C, 0x00, 0x00, 0x7C, 0x0C, 0x00, 0x08, 0xC6, 0x08, 0x00,
    0x08, 0x00, 0x08, 0x00, 0x08, 0x00, 0x0C, 0x00, 0x08, 0x00, 0x00, 0x00, 0x00, 0x00, 0x00, 0x00,
    0x00, 0x00, 0x0F, 0x80, 0x23, 0xC0, 0x0B, 0xC0, 0x26, 0x60, 0x09, 0xC0, 0xC4, 0x20, 0x00, 0x1F,
    0xC0, 0x00, 0x00, 0x1C, 0xC0, 0x00, 0x00, 0x08, 0x60, 0x00, 0x00, 0x00, 0x00, 0x00, 0x00, 0x00,
    0x00, 0x00, 0x00, 0x00, 0x00, 0x00, 0x10, 0x1C, 0x00, 0x00, 0x20, 0x30, 0x00, 0x00, 0x60, 0x60,
    0x08, 0x00, 0xE0, 0x00, 0xF0, 0x00, 0xE0, 0x03, 0xC0, 0x01, 0x80, 0x02, 0x00, 0x00, 0x3C, 0x00,
    0x00, 0x02, 0x01, 0x00, 0x00, 0x18, 0x03, 0x00, 0x00, 0x20, 0x02, 0x00, 0x00, 0x00, 0x00, 0x00,
    0x03, 0x00, 0x00, 0x3C, 0x06, 0x00, 0x04, 0x7E, 0x08, 0x00, 0x08, 0x0C, 0x10, 0x00, 0x10, 0x00,
    0x30, 0x00, 0x20, 0x00, 0x00, 0x00, 0x00, 0x00, 0x00, 0x00, 0x20, 0x00, 0x30, 0x04, 0xE0, 0x01,
    0xE0, 0x09, 0xC0, 0x07, 0xC0, 0x61, 0x80, 0x00, 0x1F, 0x01, 0x80, 0x00, 0x3E, 0x03, 0x00, 0x00,
    0x0C, 0x00, 0x00, 0x00, 0x10, 0x00, 0x00, 0x00, 0x60, 0x00, 0x00, 0x00, 0x00, 0x00, 0x00, 0x00,
    0x00, 0x00, 0x00, 0x04, 0x10, 0x01, 0xF0, 0x00, 0x00, 0x00, 0x00, 0x03, 0x01, 0xC1, 0x80, 0xE0,
    0xC0, 0xF0, 0x60, 0x78, 0x30, 0x6C, 0x18, 0x76, 0x0C, 0x33, 0x06, 0x39, 0x83, 0x18, 0xC1, 0x9C,
    0x60, 0xCC, 0x30, 0x6C, 0x18, 0x36, 0x0C, 0x1E, 0x06, 0x0F, 0x03, 0xC7, 0x01, 0xE0, 0x00, 0x30,
    0x00, 0x30, 0x00, 0x10, 0x00, 0x10, 0x00, 0x18, 0x00, 0x08, 0x20, 0x18, 0xC0, 0x1F, 0x00, 0x1C,
    0x00, 0x00, 0x06, 0x06, 0x0C, 0x1C, 0x18, 0x78, 0x30, 0xF0, 0x63, 0x60, 0xC6, 0xC1, 0x99, 0x83,
    0x63, 0x06, 0xC6, 0x0F, 0x0C, 0x1E, 0x1E, 0x38, 0x3C, 0x00, 0x18, 0x00, 0x20, 0x00, 0xC0, 0x03,
    0x00, 0x04, 0x00, 0x30, 0x00, 0x60, 0x03, 0xF0, 0x07, 0xE0, 0x03, 0x00, 0x06, 0x00, 0x0C, 0x00,
    0x1F, 0xE0, 0x3F, 0xF0, 0x60, 0x70, 0xC0, 0x61, 0x80, 0xC3, 0x01, 0x86, 0x07, 0x0F, 0xFC, 0x1F,
    0xF0, 0x30, 0x01, 0x80, 0x0C, 0x01, 0xF8, 0x0F, 0xC0, 0x18, 0x00, 0xC0, 0x06, 0x00, 0x3F, 0xC1,
    0xFF, 0x0C, 0x1C, 0x60, 0x63, 0x07, 0x1F, 0xF0, 0xFF, 0x00, 0x3F, 0xC0, 0xFF, 0x83, 0x07, 0x0C,
    0x0C, 0x31, 0x38, 0xC7, 0xC3, 0x0F, 0x0C, 0x1C, 0x3F, 0xF8, 0xFC, 0x23, 0x00, 0x0C, 0x00, 0x30,
    0x00, 0xC0, 0x03, 0x00, 0x0C, 0x00, 0x00, 0x00, 0x37, 0xC0, 0xF3, 0x83, 0x83, 0x0C, 0x0C, 0x30,
    0x18, 0xC0, 0x63, 0x01, 0x8C, 0x06, 0x31, 0xB0, 0xE3, 0xC3, 0xCE, 0x0D, 0xFC, 0x30, 0x38, 0xC0,
    0x43, 0x00, 0x0C, 0x00, 0x30, 0x00, 0x00, 0x00, 0x00, 0x30, 0x01, 0x80, 0x0C, 0x7F, 0xE3, 0xFF,
    0x18, 0x00, 0xC0, 0x06, 0x00, 0x30, 0x01, 0x80, 0x0C, 0x00, 0x60, 0x03, 0x00, 0x18, 0x00, 0xC0,
    0x06, 0x00, 0x30, 0x01, 0x80, 0x0C, 0x00, 0x00, 0x60, 0x06, 0x00, 0x63, 0xFE, 0x3F, 0xE3, 0x00,
    0x30, 0x03, 0x00, 0x30, 0x03, 0x00, 0x30, 0x03, 0x00, 0x30, 0x03, 0x00, 0x30, 0x00, 0x0F, 0xFC,
    0x1F, 0xF8, 0x30, 0x00, 0x60, 0x00, 0xC0, 0x01, 0x80, 0x03, 0x00, 0x3F, 0xF8, 0x7F, 0xF0, 0x18,
    0x00, 0x30, 0x00, 0x60, 0x00, 0xC0, 0x01, 0x80, 0x03, 0x00, 0x06, 0x00, 0x1F, 0xF0, 0xFF, 0x86,
    0x00, 0x30, 0x01, 0x80, 0x7F, 0xC3, 0xFE, 0x03, 0x00, 0x18, 0x00, 0xC0, 0x06, 0x00, 0x30, 0x00,
    0x3F, 0xF0, 0xFF, 0xC3, 0x00, 0x0C, 0x00, 0x30, 0x00, 0xC0, 0x03, 0x00, 0x0F, 0xF8, 0x3F, 0xF0,
    0xC0, 0xE3, 0x01, 0x8C, 0x06, 0x30, 0x18, 0xC0, 0x63, 0x01, 0x8C, 0x06, 0x00, 0x18, 0x00, 0xE0,
    0x0F, 0x00, 0x38, 0x3F, 0xC3, 0xFC, 0x30, 0x03, 0x00, 0x30, 0x03, 0xFC, 0x3F, 0xE3, 0x06, 0x30,
    0x63, 0x06, 0x30, 0x63, 0x06, 0x00, 0x60, 0x06, 0x00, 0x60, 0x7C, 0x07, 0x80, 0x70, 0x18, 0x0C,
    0x38, 0x18, 0x18, 0x1C, 0x18, 0x38, 0x0E, 0x18, 0x70, 0x07, 0x18, 0xE0, 0x03, 0x99, 0xC0, 0x01,
    0x9B, 0x80, 0x03, 0xDF, 0xC0, 0x07, 0x7E, 0xC0, 0x06, 0x3C, 0x60, 0x0C, 0x18, 0x70, 0x1C, 0x18,
    0x30, 0x18, 0x18, 0x18, 0x30, 0x18, 0x1C, 0x70, 0x18, 0x0F, 0x60, 0x18, 0x07, 0x00, 0x00, 0x07,
    0x00, 0x00, 0x07, 0x00, 0x00, 0x07, 0x00, 0x00, 0x00, 0x00, 0x00, 0x00, 0x30, 0x60, 0xC1, 0x86,
    0x18, 0x0C, 0x63, 0x00, 0x66, 0x60, 0x03, 0x6C, 0x00, 0x7F, 0xE0, 0x0F, 0xF6, 0x00, 0xCE, 0x30,
    0x18, 0x61, 0x83, 0x86, 0x18, 0x30, 0x60, 0xE6, 0x06, 0x06, 0x00, 0x00, 0x60, 0x00, 0x06, 0x00,
    0x00, 0x60, 0x00, 0x00, 0x00, 0x00, 0x00, 0x07, 0xC0, 0x7F, 0xC3, 0x03, 0x88, 0x06, 0x00, 0x18,
    0x00, 0xE0, 0x7F, 0x01, 0xF8, 0x00, 0x30, 0x00, 0x60, 0x01, 0x80, 0x06, 0x20, 0x18, 0xC1, 0xC1,
    0xFF, 0x03, 0xF0, 0x02, 0x00, 0x0C, 0x00, 0xF0, 0x03, 0x80, 0x3F, 0x07, 0xF8, 0x41, 0xC0, 0x0C,
    0x01, 0x81, 0xF0, 0x1F, 0x80, 0x1C, 0x00, 0xC4, 0x1C, 0x7F, 0x83, 0xF0, 0x08, 0x00, 0xC0, 0x3C,
    0x03, 0x80, 0x30, 0x0C, 0x30, 0x18, 0x30, 0x30, 0x30, 0x60, 0x30, 0xC0, 0x31, 0x80, 0x33, 0x80,
    0x37, 0x80, 0x3E, 0xC0, 0x3C, 0xE0, 0x38, 0x60, 0x30, 0x30, 0x30, 0x38, 0x30, 0x1C, 0x30, 0x0F,
    0x30, 0x0F, 0x00, 0x03, 0x00, 0x03, 0x00, 0x03, 0x00, 0x00, 0x00, 0x00, 0x30, 0x61, 0x86, 0x0C,
    0x60, 0x66, 0x03, 0x60, 0x1F, 0x80, 0xFE, 0x07, 0x30, 0x30, 0xC1, 0x83, 0x0C, 0x1E, 0x60, 0x70,
    0x01, 0x80, 0x0C, 0x00, 0x60, 0x00, 0x00, 0x00, 0x30, 0x0C, 0x30, 0x18, 0x32, 0x30, 0x32, 0x60,
    0x32, 0xC0, 0x33, 0x80, 0x33, 0x80, 0x37, 0x80, 0x3E, 0xC0, 0x3E, 0xE0, 0x3A, 0x60, 0x32, 0x30,
    0x32, 0x38, 0x30, 0x1C, 0x30, 0x0C, 0x30, 0x0E, 0x00, 0x00, 0x30, 0x61, 0x86, 0x0D, 0x60, 0x6E,
    0x03, 0x60, 0x1F, 0x80, 0xFE, 0x07, 0xB0, 0x34, 0xC1, 0x83, 0x0C, 0x1C, 0x60, 0x60, 0x00, 0x00,
    0x30, 0x0C, 0x30, 0x18, 0xFC, 0x30, 0xFC, 0x60, 0x30, 0xC0, 0x31, 0x80, 0x33, 0x80, 0x37, 0x80,
    0x3E, 0xC0, 0x3C, 0xE0, 0x38, 0x60, 0x30, 0x30, 0x30, 0x38, 0x30, 0x1C, 0x30, 0x0C, 0x30, 0x0E,
    0x00, 0x00, 0x30, 0x01, 0x80, 0x1F, 0xC0, 0x60, 0x03, 0x00, 0x18, 0x30, 0xC3, 0x06, 0x30, 0x33,
    0x01, 0xB0, 0x0F, 0xC0, 0x7F, 0x03, 0x98, 0x18, 0x60, 0xC1, 0x86, 0x0E, 0x30, 0x30, 0x7F, 0x00,
    0xCF, 0xE0, 0x30, 0x0C, 0x0C, 0x01, 0x83, 0x00, 0x30, 0xC0, 0x06, 0x30, 0x00, 0xDE, 0x00, 0x1F,
    0xC0, 0x03, 0xCC, 0x00, 0x71, 0xC0, 0x0C, 0x18, 0x01, 0x81, 0x80, 0x30, 0x38, 0x06, 0x03, 0x00,
    0xC0, 0x30, 0x18, 0x07, 0xFC, 0x1C, 0x3F, 0x0E, 0x00, 0xC7, 0x00, 0x33, 0x80, 0x0D, 0xC0, 0x03,
    0xF0, 0x00, 0xFE, 0x00, 0x39, 0xC0, 0x0C, 0x30, 0x03, 0x06, 0x00, 0xC1, 0xC0, 0x30, 0x38, 0x30,
    0x0C, 0x18, 0x06, 0x0C, 0x03, 0x06, 0x01, 0x83, 0x00, 0xC1, 0x80, 0x60, 0xC0, 0x30, 0x7F, 0xF8,
    0x3F, 0xFC, 0x18, 0x06, 0x0C, 0x03, 0x06, 0x01, 0x83, 0x00, 0xC1, 0x80, 0x60, 0xC0, 0x3C, 0x60,
    0x1E, 0x00, 0x03, 0x00, 0x01, 0x80, 0x00, 0xC0, 0x30, 0x30, 0x60, 0x60, 0xC0, 0xC1, 0x81, 0x83,
    0x03, 0x07, 0xFE, 0x0F, 0xFC, 0x18, 0x18, 0x30, 0x30, 0x60, 0x60, 0xC0, 0xF1, 0x81, 0xE0, 0x00,
    0xC0, 0x01, 0x80, 0x03, 0x00, 0x30, 0x0F, 0xFC, 0x60, 0x1F, 0xF8, 0xC0, 0x30, 0x01, 0x80, 0x60,
    0x03, 0x00, 0xC0, 0x06, 0x01, 0x80, 0x0C, 0x03, 0x00, 0x1F, 0xFE, 0x00, 0x3F, 0xFC, 0x00, 0x60,
    0x18, 0x00, 0xC0, 0x30, 0x01, 0x80, 0x60, 0x03, 0x00, 0xC0, 0x06, 0x01, 0x80, 0x0C, 0x03, 0x00,
    0x18, 0x06, 0x00, 0x30, 0x3F, 0xE6, 0x07, 0xFC, 0xC0, 0xC0, 0x18, 0x18, 0x03, 0x03, 0x00, 0x7F,
    0xE0, 0x0F, 0xFC, 0x01, 0x81, 0x80, 0x30, 0x30, 0x06, 0x06, 0x00, 0xC0, 0xC0, 0x18, 0x18, 0x00,
    0x3F, 0xFC, 0x00, 0x3F, 0xFC, 0x00, 0x30, 0x0C, 0x00, 0x30, 0x0C, 0x00, 0x30, 0x0C, 0x00, 0x30,
    0x0C, 0x00, 0x30, 0x0C, 0x00, 0x30, 0x0F, 0xF8, 0x30, 0x0F, 0xFC, 0x30, 0x0C, 0x0E, 0x30, 0x0C,
    0x06, 0x30, 0x0C, 0x06, 0x30, 0x0C, 0x06, 0x30, 0x0C, 0x06, 0x30, 0x0C, 0x06, 0x30, 0x0C, 0x06,
    0x00, 0x00, 0x06, 0x00, 0x00, 0x06, 0x00, 0x00, 0x0E, 0x00, 0x00, 0x3C, 0x00, 0x00, 0x38, 0x3F,
    0xF0, 0x03, 0xFF, 0x00, 0x30, 0x30, 0x03, 0x03, 0x00, 0x30, 0x30, 0x03, 0x03, 0xFC, 0x30, 0x3F,
    0xE3, 0x03, 0x06, 0x30, 0x30, 0x63, 0x03, 0x06, 0x30, 0x30, 0x63, 0x03, 0x06, 0x00, 0x00, 0x60,
    0x00, 0x06, 0x00, 0x00, 0x60, 0x00, 0x7C, 0x00, 0x07, 0x80, 0x07, 0x00, 0x00, 0xF3, 0xE0, 0x1C,
    0x7F, 0x03, 0x86, 0x18, 0x30, 0x61, 0x83, 0x0E, 0x1C, 0x70, 0xE1, 0xC7, 0x0E, 0x1C, 0x70, 0xE1,
    0xC7, 0x06, 0x18, 0x30, 0x61, 0x83, 0x07, 0x38, 0x38, 0x33, 0x01, 0xC1, 0xE0, 0x0F, 0x3F, 0x20,
    0x7F, 0xFE, 0x00, 0x00, 0x00, 0x00, 0x00, 0x0E, 0x00, 0x1C, 0x70, 0x38, 0xD8, 0x31, 0x9C, 0x61,
    0x8C, 0x61, 0x8C, 0x61, 0x8C, 0x61, 0x98, 0x30, 0xD8, 0x30, 0xF0, 0x1C, 0x72, 0x0F, 0xFE, 0x00,
    0x00, 0x00, 0x00, 0x03, 0xF0, 0x1F, 0xF0, 0x70, 0x31, 0xC0, 0x23, 0x00, 0x0C, 0x00, 0x18, 0x00,
    0x30, 0x00, 0x60, 0x00, 0xC0, 0x01, 0x80, 0x01, 0x80, 0x03, 0x80, 0x43, 0x81, 0x83, 0xFE, 0x01,
    0xF8, 0x00, 0x80, 0x01, 0x80, 0x0F, 0x00, 0x1C, 0x00, 0x0F, 0xC1, 0xFE, 0x38, 0x27, 0x00, 0x60,
    0x06, 0x00, 0x60, 0x06, 0x00, 0x70, 0x03, 0x82, 0x1F, 0xE0, 0xFC, 0x01, 0x00, 0x18, 0x07, 0x80,
    0x70, 0x7F, 0xFE, 0xFF, 0xFC, 0x06, 0x00, 0x0C, 0x00, 0x18, 0x00, 0x30, 0x00, 0x60, 0x00, 0xC0,
    0x01, 0x80, 0x03, 0x00, 0x06, 0x00, 0x0C, 0x00, 0x18, 0x00, 0x30, 0x00, 0x78, 0x00, 0xF0, 0x00,
    0x60, 0x00, 0xC0, 0x01, 0x80, 0x7F, 0xFB, 0xFF, 0xC0, 0xC0, 0x06, 0x00, 0x30, 0x01, 0x80, 0x0C,
    0x00, 0x60, 0x03, 0x00, 0x18, 0x00, 0xF0, 0x07, 0x80, 0x0C, 0x00, 0x60, 0x03, 0x00, 0x70, 0x0E,
    0x70, 0x38, 0x60, 0x60, 0x61, 0x80, 0xE7, 0x00, 0xCC, 0x00, 0xF0, 0x01, 0xE0, 0x01, 0x80, 0x03,
    0x00, 0x06, 0x00, 0x0C, 0x00, 0x18, 0x00, 0x30, 0x00, 0x60, 0x00, 0xC0, 0x60, 0x19, 0x81, 0x8C,
    0x0C, 0x70, 0xE1, 0x86, 0x0C, 0x30, 0x33, 0x01, 0x98, 0x07, 0x80, 0x3C, 0x01, 0xE0, 0x06, 0x00,
    0x30, 0x01, 0x80, 0x0C, 0x00, 0x60, 0x03, 0x00, 0x60, 0x18, 0xC0, 0x60, 0xC1, 0xC1, 0xC3, 0x01,
    0x8C, 0x01, 0xB8, 0x03, 0xE0, 0x03, 0x80, 0x03, 0x00, 0x06, 0x00, 0x7F, 0x80, 0xFF, 0x00, 0x30,
    0x00, 0x60, 0x00, 0xC0, 0x01, 0x80, 0x00, 0x00, 0x60, 0x33, 0x01, 0x8C, 0x18, 0x60, 0xC1, 0x8E,
    0x0C, 0x60, 0x63, 0x01, 0xB0, 0x0D, 0x80, 0x3C, 0x01, 0xC0, 0x0E, 0x00, 0x30, 0x0F, 0xE0, 0x7F,
    0x00, 0x60, 0x03, 0x00, 0x00, 0x00, 0x30, 0x1C, 0x70, 0x30, 0x60, 0xC0, 0x63, 0x80, 0xE6, 0x00,
    0xD8, 0x00, 0xF0, 0x01, 0xC0, 0x03, 0x80, 0x0D, 0x80, 0x3B, 0x80, 0x63, 0x01, 0x83, 0x07, 0x07,
    0x0C, 0x07, 0x30, 0x06, 0x00, 0x0C, 0x00, 0x18, 0x00, 0x30, 0x00, 0x00, 0x00, 0x00, 0x70, 0x71,
    0x83, 0x06, 0x30, 0x1B, 0x00, 0xF8, 0x03, 0x80, 0x1C, 0x01, 0xB0, 0x1D, 0xC1, 0xC6, 0x0C, 0x1C,
    0xC0, 0x60, 0x03, 0x00, 0x18, 0x00, 0xC0, 0x00, 0x00, 0x00, 0x7F, 0xFE, 0x61, 0xFF, 0xF9, 0x80,
    0x18, 0x06, 0x00, 0x60, 0x18, 0x01, 0x80, 0x60, 0x06, 0x01, 0x80, 0x18, 0x06, 0x00, 0x60, 0x18,
    0x01, 0x80, 0x60, 0x06, 0x01, 0x80, 0x18, 0x06, 0x00, 0x60, 0x18, 0x01, 0x80, 0x60, 0x06, 0x01,
    0x80, 0x1F, 0xFF, 0x80, 0x7F, 0xFE, 0x00, 0x00, 0x18, 0x00, 0x00, 0x60, 0x00, 0x01, 0x80, 0xFF,
    0xF6, 0x3F, 0xFD, 0x80, 0x60, 0x60, 0x18, 0x18, 0x06, 0x06, 0x01, 0x81, 0x80, 0x60, 0x60, 0x18,
    0x18, 0x06, 0x06, 0x01, 0x81, 0x80, 0x7F, 0xF8, 0x1F, 0xFE, 0x00, 0x01, 0x80, 0x00, 0x60, 0x00,
    0x18, 0x30, 0x18, 0x30, 0x18, 0x30, 0x18, 0x30, 0x18, 0x30, 0x18, 0x30, 0x18, 0x38, 0x18, 0x1F,
    0xF8, 0x0F, 0xF8, 0x00, 0x18, 0x00, 0x18, 0x00, 0x18, 0x00, 0x18, 0x00, 0x18, 0x00, 0x1E, 0x00,
    0x1E, 0x00, 0x06, 0x00, 0x06, 0x00, 0x06, 0x30, 0x61, 0x83, 0x0C, 0x18, 0x60, 0xC3, 0x86, 0x0F,
    0xF0, 0x3F, 0x80, 0x0C, 0x00, 0x60, 0x03, 0x00, 0x1E, 0x00, 0xF0, 0x01, 0x80, 0x0C, 0x00, 0x60,
    0x30, 0x18, 0x60, 0x30, 0xC0, 0x61, 0x88, 0xC3, 0x11, 0x87, 0x23, 0x07, 0x46, 0x07, 0xFC, 0x01,
    0x18, 0x02, 0x30, 0x04, 0x60, 0x08, 0xC0, 0x01, 0x80, 0x03, 0x00, 0x06, 0x00, 0x0C, 0x00, 0x00,
    0x30, 0x61, 0x83, 0x0C, 0x18, 0x6C, 0xC3, 0xE6, 0x0F, 0xF0, 0x19, 0x80, 0xCC, 0x06, 0x60, 0x03,
    0x00, 0x18, 0x00, 0xC0, 0x00, 0x00, 0x30, 0x00, 0x60, 0x00, 0xC0, 0x01, 0x80, 0x03, 0x00, 0x06,
    0x00, 0x0F, 0xF8, 0x1F, 0xF8, 0x30, 0x38, 0x60, 0x30, 0xC0, 0x61, 0x80, 0xC3, 0x01, 0x86, 0x03,
    0x0C, 0x06, 0x18, 0x0C, 0x30, 0x00, 0xC0, 0x03, 0x00, 0x0C, 0x00, 0x30, 0x00, 0xCF, 0x03, 0xFE,
    0x0E, 0x1C, 0x30, 0x30, 0xC0, 0xC3, 0x03, 0x0C, 0x0C, 0x30, 0x30, 0xC0, 0xC3, 0x03, 0x0C, 0x0C,
    0x30, 0x30, 0x00, 0x7F, 0x00, 0x07, 0xFC, 0x18, 0x70, 0x70, 0xC6, 0x00, 0xC6, 0x70, 0x06, 0x3B,
    0x00, 0x18, 0xFF, 0xFF, 0xC3, 0xFF, 0xFE, 0x06, 0x00, 0x00, 0x30, 0x00, 0x01, 0x80, 0x00, 0x06,
    0x00, 0x00, 0x38, 0x02, 0x00, 0xE0, 0x70, 0x03, 0xFF, 0x00, 0x07, 0xE0, 0x01, 0xF0, 0x03, 0xFC,
    0xC7, 0x0C, 0xCE, 0x06, 0xCC, 0x06, 0x7F, 0xFE, 0x3F, 0xFE, 0x0C, 0x00, 0x0E, 0x00, 0x07, 0x02,
    0x03, 0xFE, 0x01, 0xFC, 0x00, 0xFF, 0x00, 0x0F, 0x3C, 0x00, 0xE0, 0x71, 0x86, 0x01, 0x8C, 0x70,
    0x06, 0x63, 0x00, 0x31, 0xD8, 0x01, 0x87, 0xFF, 0xFC, 0x06, 0x00, 0x00, 0x30, 0x00, 0x01, 0x80,
    0x00, 0x0E, 0x00, 0x00, 0x30, 0x00, 0x01, 0xC0, 0x20, 0x07, 0xCF, 0x00, 0x0F, 0xF0, 0x00, 0x18,
    0x00, 0x00, 0xC0, 0x00, 0x06, 0x00, 0x00, 0x30, 0x00, 0x00, 0x00, 0x00, 0x00, 0x00, 0x03, 0xF8,
    0x07, 0x1C, 0xC6, 0x0C, 0xCC, 0x06, 0xCC, 0x06, 0x7F, 0xFE, 0x0C, 0x00, 0x0C, 0x00, 0x0C, 0x00,
    0x0E, 0x00, 0x07, 0x8C, 0x01, 0xFC, 0x00, 0x60, 0x00, 0x60, 0x00, 0x60, 0x00, 0x60, 0x00, 0x00,
    0x30, 0xC3, 0x0C, 0x30, 0xC3, 0x0C, 0x30, 0xC3, 0x0C, 0x30, 0xC3, 0x0C, 0x00, 0x82, 0x00, 0x00,
    0x7C, 0x00, 0x00, 0x00, 0x00, 0x00, 0x00, 0x00, 0x60, 0x18, 0x06, 0x30, 0x18, 0x0C, 0x18, 0x18,
    0x18, 0x0C, 0x18, 0x30, 0x06, 0x18, 0x60, 0x03, 0x18, 0xC0, 0x03, 0xDB, 0xC0, 0x03, 0xFF, 0xC0,
    0x06, 0x7E, 0x60, 0x0E, 0x3C, 0x70, 0x0C, 0x18, 0x30, 0x18, 0x18, 0x18, 0x38, 0x18, 0x1C, 0x30,
    0x18, 0x0C, 0x60, 0x18, 0x06, 0xE0, 0x18, 0x07, 0x01, 0x04, 0x00, 0x18, 0xC0, 0x00, 0xF8, 0x00,
    0x07, 0x00, 0x00, 0x00, 0x00, 0x00, 0x00, 0x38, 0x61, 0xC1, 0xC6, 0x38, 0x0E, 0x67, 0x00, 0x76,
    0xE0, 0x03, 0xFC, 0x00, 0x7F, 0xE0, 0x06, 0xF6, 0x00, 0xCF, 0x30, 0x1C, 0x63, 0x81, 0x86, 0x18,
    0x30, 0x60, 0xC7, 0x06, 0x0E, 0x30, 0x1C, 0x60, 0x70, 0xC1, 0xC1, 0x87, 0x03, 0x18, 0x06, 0x60,
    0x0D, 0x80, 0x1F, 0xF8, 0x30, 0x78, 0x60, 0x30, 0xC0, 0x61, 0x80, 0xC3, 0x01, 0x86, 0x03, 0x0C,
    0x06, 0x18, 0x0C, 0x00, 0x18, 0x00, 0x30, 0x01, 0xC0, 0x07, 0x80, 0x00, 0x00, 0x00, 0x00, 0x30,
    0x71, 0x87, 0x0C, 0x70, 0x66, 0x03, 0x60, 0x1F, 0xC0, 0xFF, 0x86, 0x0C, 0x30, 0x61, 0x83, 0x0C,
    0x18, 0x60, 0xC0, 0x06, 0x00, 0x30, 0x01, 0x80, 0xF8, 0x07, 0x00, 0x00, 0x00, 0x07, 0xFC, 0x03,
    0xFE, 0x01, 0x83, 0x00, 0xC1, 0x80, 0x60, 0xC0, 0x30, 0x60, 0x18, 0x30, 0x0C, 0x18, 0x0E, 0x0C,
    0x07, 0x06, 0x03, 0x03, 0x01, 0x81, 0x81, 0xC0, 0xC0, 0xC0, 0x61, 0xE0, 0x3E, 0xC0, 0x1F, 0x00,
    0x03, 0x00, 0x03, 0x00, 0x01, 0x00, 0x01, 0x80, 0x01, 0x80, 0x00, 0x00, 0x0F, 0xF0, 0x1F, 0xE0,
    0x30, 0xC0, 0x61, 0x80, 0xC3, 0x01, 0x86, 0x03, 0x0C, 0x06, 0x18, 0x18, 0x30, 0x30, 0x61, 0xC0,
    0xF7, 0x01, 0xE0, 0x00, 0xC0, 0x03, 0x00, 0x06, 0x00, 0x18, 0x00, 0x20, 0x00, 0x00, 0x30, 0x0C,
    0x18, 0x06, 0x0C, 0x03, 0x06, 0x01, 0x83, 0x00, 0xC1, 0x80, 0x60, 0xC0, 0x30, 0x7F, 0xF8, 0x3F,
    0xFC, 0x18, 0x06, 0x0C, 0x03, 0x06, 0x01, 0x83, 0x00, 0xC1, 0x80, 0x60, 0xC0, 0x30, 0x60, 0x18,
    0x00, 0x0C, 0x00, 0x06, 0x00, 0x07, 0x00, 0x0F, 0x00, 0x07, 0x00, 0x30, 0x30, 0x60, 0x60, 0xC0,
    0xC1, 0x81, 0x83, 0x03, 0x07, 0xFE, 0x0F, 0xFC, 0x18, 0x18, 0x30, 0x30, 0x60, 0x60, 0xC0, 0xC1,
    0x81, 0x80, 0x03, 0x00, 0x06, 0x00, 0x0C, 0x01, 0xF0, 0x03, 0xC0, 0x30, 0x0C, 0x18, 0x06, 0x0C,
    0x03, 0x06, 0x01, 0x83, 0x00, 0xC1, 0x80, 0x60, 0xC0, 0x30, 0x7F, 0xF8, 0x30, 0x0C, 0x18, 0x06,
    0x0C, 0x03, 0x06, 0x01, 0x83, 0x00, 0xC1, 0x80, 0x60, 0xC0, 0x3E, 0x60, 0x1F, 0x00, 0x03, 0x00,
    0x03, 0x00, 0x01, 0x00, 0x01, 0x80, 0x01, 0x80, 0x00, 0x00, 0x30, 0x30, 0x60, 0x60, 0xC0, 0xC1,
    0x81, 0x83, 0x03, 0x07, 0xFE, 0x0C, 0x0C, 0x18, 0x18, 0x30, 0x30, 0x60, 0x60, 0xC0, 0xF1, 0x81,
    0xE0, 0x00, 0xC0, 0x01, 0x00, 0x06, 0x00, 0x08, 0x00, 0x20, 0x00, 0x00, 0x30, 0x18, 0x60, 0x30,
    0xC0, 0x61, 0x80, 0xC3, 0x01, 0x86, 0x03, 0x0E, 0x06, 0x0F, 0xFC, 0x0F, 0xF8, 0x00, 0x30, 0x00,
    0x60, 0x00, 0xC0, 0x01, 0x80, 0x03, 0x00, 0x1E, 0x00, 0x3C, 0x00, 0x60, 0x00, 0xC0, 0x01, 0x80,
    0x30, 0x61, 0x83, 0x0C, 0x18, 0x60, 0xC3, 0x86, 0x0F, 0xF0, 0x3F, 0x80, 0x0C, 0x00, 0x60, 0x03,
    0x00, 0x78, 0x03, 0xC0, 0x18, 0x00, 0xC0, 0x06, 0x00, 0x3C, 0x07, 0x83, 0xC0, 0x78, 0x3C, 0x07,
    0x83, 0x60, 0xD8, 0x36, 0x0D, 0x83, 0x20, 0x98, 0x33, 0x19, 0x83, 0x31, 0x98, 0x31, 0xB1, 0x83,
    0x1B, 0x18, 0x31, 0xA1, 0x83, 0x0E, 0x18, 0x30, 0xE1, 0x83, 0x00, 0x18, 0x30, 0x01, 0xE3, 0x00,
    0x1E, 0x00, 0x00, 0xE0, 0x00, 0x0C, 0x00, 0x01, 0x80, 0x00, 0x30, 0x00, 0x02, 0x00, 0x00, 0x00,
    0x38, 0x0E, 0x1E, 0x0F, 0x0F, 0x05, 0x86, 0x86, 0xC3, 0x62, 0x61, 0x93, 0x30, 0xCD, 0x98, 0x66,
    0x8C, 0x31, 0xC6, 0x18, 0xC3, 0x0C, 0x01, 0xE6, 0x00, 0xF0, 0x00, 0x30, 0x00, 0x10, 0x00, 0x18,
    0x00, 0x08, 0x00, 0x08, 0x00, 0x00, 0x00, 0x30, 0xC3, 0x0C, 0x30, 0xC3, 0x0C, 0x30, 0xC3, 0x0C,
    0x30, 0xC3, 0x0C, 0x30, 0x00, 0x00, 0x18, 0xC0, 0x1F, 0x00, 0x1C, 0x00, 0x00, 0x00, 0x00, 0x00,
    0xE0, 0x01, 0xC0, 0x06, 0xC0, 0x0D, 0x80, 0x3B, 0x80, 0x63, 0x00, 0xC6, 0x03, 0x06, 0x06, 0x0C,
    0x0C, 0x18, 0x3F, 0xF8, 0x7F, 0xF1, 0xC0, 0x73, 0x00, 0x66, 0x00, 0xD8, 0x00, 0xC0, 0x10, 0x80,
    0xCC, 0x03, 0xC0, 0x1E, 0x00, 0x00, 0x00, 0x00, 0x7E, 0x07, 0xF8, 0x20, 0xE0, 0x03, 0x07, 0xF8,
    0x7F, 0xC7, 0x06, 0x30, 0x31, 0x83, 0x8E, 0x3C, 0x3F, 0xE0, 0xF3, 0x00, 0x06, 0xC0, 0x0D, 0x80,
    0x00, 0x00, 0x00, 0x00, 0x38, 0x00, 0x70, 0x01, 0xB0, 0x03, 0x60, 0x0E, 0xE0, 0x18, 0xC0, 0x31,
    0x80, 0xC1, 0x81, 0x83, 0x03, 0x06, 0x0F, 0xFE, 0x1F, 0xFC, 0x70, 0x1C, 0xC0, 0x19, 0x80, 0x36,
    0x00, 0x30, 0x19, 0x80, 0xCC, 0x00, 0x00, 0x00, 0x00, 0x00, 0x0F, 0xC0, 0xFF, 0x04, 0x1C, 0x00,
    0x60, 0xFF, 0x0F, 0xF8, 0xE0, 0xC6, 0x06, 0x30, 0x71, 0xC7, 0x87, 0xFC, 0x1E, 0x60, 0x01, 0xFF,
    0xF0, 0x1F, 0xFF, 0x80, 0xCC, 0x00, 0x0E, 0x60, 0x00, 0x63, 0x00, 0x03, 0x18, 0x00, 0x30, 0xC0,
    0x01, 0x87, 0xFC, 0x18, 0x3F, 0xE0, 0xC1, 0x80, 0x0F, 0xFC, 0x00, 0x7F, 0xE0, 0x03, 0x03, 0x00,
    0x30, 0x18, 0x01, 0x80, 0xFF, 0xD8, 0x07, 0xFE, 0x1F, 0x8F, 0x80, 0xFF, 0x7F, 0x82, 0x0F, 0x86,
    0x00, 0x1C, 0x0C, 0x1F, 0xE0, 0x30, 0xFF, 0xFF, 0xC7, 0x07, 0xFF, 0x18, 0x18, 0x00, 0x60, 0x70,
    0x01, 0xC3, 0xE0, 0x43, 0xF9, 0xFF, 0x07, 0x81, 0xF8, 0x08, 0x20, 0x1F, 0x00, 0x00, 0x00, 0x00,
    0x3F, 0xF0, 0xFF, 0xC3, 0x00, 0x0C, 0x00, 0x30, 0x00, 0xC0, 0x03, 0x00, 0x0F, 0xF8, 0x3F, 0xE0,
    0xC0, 0x03, 0x00, 0x0C, 0x00, 0x30, 0x00, 0xC0, 0x03, 0xFF, 0x0F, 0xFC, 0x08, 0x20, 0x31, 0x80,
    0x7C, 0x00, 0xE0, 0x00, 0x00, 0x00, 0x00, 0xF8, 0x07, 0xF8, 0x38, 0x61, 0xC0, 0xC6, 0x03, 0x1F,
    0xFC, 0x7F, 0xF1, 0x80, 0x07, 0x00, 0x0E, 0x04, 0x1F, 0xF0, 0x3F, 0x80, 0x07, 0xE0, 0x0F, 0xFC,
    0x0E, 0x07, 0x04, 0x01, 0xC0, 0x00, 0x60, 0x00, 0x18, 0x00, 0x0C, 0x00, 0x06, 0x7F, 0xFF, 0x3F,
    0xFF, 0x98, 0x00, 0xC4, 0x00, 0x43, 0x00, 0x60, 0xE0, 0xE0, 0x3F, 0xE0, 0x0F, 0xC0, 0x3F, 0x81,
    0xFF, 0x04, 0x0E, 0x00, 0x0C, 0x00, 0x31, 0xFF, 0xC7, 0xFF, 0x18, 0x0C, 0x60, 0x70, 0xC3, 0x83,
    0xFC, 0x03, 0xE0, 0x06, 0x60, 0x03, 0x30, 0x00, 0x00, 0x00, 0x00, 0x00, 0x7E, 0x00, 0xFF, 0xC0,
    0xE0, 0x70, 0x40, 0x1C, 0x00, 0x06, 0x00, 0x01, 0x80, 0x00, 0xC0, 0x00, 0x67, 0xFF, 0xF3, 0xFF,
    0xF9, 0x80, 0x0C, 0x40, 0x04, 0x30, 0x06, 0x0E, 0x0E, 0x03, 0xFE, 0x00, 0xFC, 0x00, 0x19, 0x80,
    0x66, 0x00, 0x00, 0x00, 0x00, 0x00, 0x00, 0xFE, 0x07, 0xFC, 0x10, 0x38, 0x00, 0x30, 0x00, 0xC7,
    0xFF, 0x1F, 0xFC, 0x60, 0x31, 0x81, 0xC3, 0x0E, 0x0F, 0xF0, 0x0F, 0x80, 0x00, 0xCC, 0x00, 0x00,
    0xCC, 0x00, 0x00, 0x00, 0x00, 0x00, 0x00, 0x00, 0x60, 0x18, 0x06, 0x30, 0x18, 0x0C, 0x18, 0x18,
    0x18, 0x0C, 0x18, 0x30, 0x06, 0x18, 0x60, 0x03, 0x18, 0xC0, 0x03, 0xDB, 0xC0, 0x03, 0xFF, 0xC0,
    0x06, 0x7E, 0x60, 0x0E, 0x3C, 0x70, 0x0C, 0x18, 0x30, 0x18, 0x18, 0x18, 0x38, 0x18, 0x1C, 0x30,
    0x18, 0x0C, 0x60, 0x18, 0x06, 0xE0, 0x18, 0x07, 0x03, 0x30, 0x00, 0x33, 0x00, 0x00, 0x00, 0x00,
    0x00, 0x00, 0x00, 0x00, 0x03, 0x86, 0x1C, 0x1C, 0x63, 0x80, 0xE6, 0x70, 0x07, 0x6E, 0x00, 0x3F,
    0xC0, 0x07, 0xFE, 0x00, 0x6F, 0x60, 0x0C, 0xF3, 0x01, 0xC6, 0x38, 0x18, 0x61, 0x83, 0x06, 0x0C,
    0x70, 0x60, 0xE0, 0x19, 0x80, 0x66, 0x00, 0x00, 0x00, 0x00, 0x07, 0xC0, 0x7F, 0xC3, 0x03, 0x88,
    0x06, 0x00, 0x18, 0x00, 0xE0, 0x7F, 0x01, 0xF8, 0x00, 0x30, 0x00, 0x60, 0x01, 0x80, 0x06, 0x20,
    0x18, 0xC1, 0xC1, 0xFF, 0x03, 0xF0, 0x19, 0x81, 0x98, 0x00, 0x00, 0x00, 0x00, 0x03, 0xF0, 0x7F,
    0x84, 0x1C, 0x00, 0xC0, 0x18, 0x1F, 0x01, 0xF8, 0x01, 0xC0, 0x0C, 0x41, 0xC7, 0xF8, 0x3F, 0x00,
    0x3F, 0xF8, 0x7F, 0xF0, 0x00, 0xC0, 0x03, 0x80, 0x0E, 0x00, 0x38, 0x00, 0x60, 0x01, 0xF0, 0x03,
    0xF8, 0x00, 0x30, 0x00, 0x30, 0x00, 0x62, 0x00, 0xC7, 0x03, 0x87, 0xFE, 0x03, 0xF0, 0x3F, 0xE1,
    0xFF, 0x00, 0x30, 0x03, 0x80, 0x38, 0x03, 0x80, 0x38, 0x01, 0xF0, 0x0F, 0xC0, 0x03, 0x00, 0x0C,
    0x00, 0x60, 0x03, 0x00, 0x19, 0x03, 0x8F, 0xFC, 0x3F, 0x80, 0x07, 0xE0, 0x07, 0xE0, 0x00, 0x00,
    0x30, 0x1C, 0x30, 0x3C, 0x30, 0x3C, 0x30, 0x7C, 0x30, 0x6C, 0x30, 0xCC, 0x30, 0xCC, 0x31, 0x8C,
    0x31, 0x8C, 0x33, 0x0C, 0x33, 0x0C, 0x36, 0x0C, 0x3E, 0x0C, 0x3C, 0x0C, 0x3C, 0x0C, 0x38, 0x0C,
    0x0F, 0xC0, 0x3F, 0x00, 0x00, 0x00, 0x00, 0x30, 0x70, 0xC1, 0xC3, 0x0F, 0x0C, 0x7C, 0x31, 0xB0,
    0xCC, 0xC3, 0x73, 0x0D, 0x8C, 0x3E, 0x30, 0xF0, 0xC3, 0x83, 0x0E, 0x0C, 0x06, 0x60, 0x06, 0x60,
    0x00, 0x00, 0x00, 0x00, 0x30, 0x1C, 0x30, 0x3C, 0x30, 0x3C, 0x30, 0x7C, 0x30, 0x6C, 0x30, 0xCC,
    0x30, 0xCC, 0x31, 0x8C, 0x31, 0x8C, 0x33, 0x0C, 0x33, 0x0C, 0x36, 0x0C, 0x3E, 0x0C, 0x3C, 0x0C,
    0x3C, 0x0C, 0x38, 0x0C, 0x0C, 0xC0, 0x33, 0x00, 0x00, 0x00, 0x00, 0x00, 0x00, 0xC1, 0xC3, 0x07,
    0x0C, 0x3C, 0x31, 0xF0, 0xC6, 0xC3, 0x33, 0x0D, 0xCC, 0x36, 0x30, 0xF8, 0xC3, 0xC3, 0x0E, 0x0C,
    0x38, 0x30, 0x03, 0x60, 0x01, 0xB0, 0x00, 0x00, 0x00, 0x00, 0x00, 0x3E, 0x00, 0x7F, 0xC0, 0x70,
    0x70, 0x70, 0x1C, 0x30, 0x06, 0x30, 0x01, 0x98, 0x00, 0xCC, 0x00, 0x66, 0x00, 0x33, 0x00, 0x19,
    0x80, 0x0C, 0x60, 0x0C, 0x38, 0x0E, 0x0E, 0x0E, 0x03, 0xFE, 0x00, 0x7C, 0x00, 0x0D, 0x80, 0x6C,
    0x00, 0x00, 0x00, 0x00, 0x00, 0x07, 0xC0, 0x7F, 0x07, 0x1C, 0x70, 0x73, 0x01, 0x98, 0x0C, 0xC0,
    0x66, 0x03, 0x38, 0x38, 0xE3, 0x83, 0xF8, 0x0F, 0x80, 0x03, 0xE0, 0x07, 0xFC, 0x07, 0x07, 0x07,
    0x01, 0xC3, 0x00, 0x63, 0x00, 0x19, 0x80, 0x0C, 0xFF, 0xFE, 0x7F, 0xFF, 0x30, 0x01, 0x98, 0x00,
    0xC6, 0x00, 0xC3, 0x00, 0x60, 0xE0, 0xE0, 0x3F, 0xE0, 0x07, 0xC0, 0x0F, 0x80, 0xFE, 0x0C, 0x18,
    0xC0, 0x67, 0xFF, 0x3F, 0xF9, 0x80, 0xCC, 0x06, 0x70, 0x71, 0xC7, 0x07, 0xF0, 0x1F, 0x00, 0x06,
    0x60, 0x03, 0x30, 0x00, 0x00, 0x00, 0x00, 0x00, 0x3E, 0x00, 0x7F, 0xC0, 0x70, 0x70, 0x70, 0x1C,
    0x30, 0x06, 0x30, 0x01, 0x98, 0x00, 0xCF, 0xFF, 0xE7, 0xFF, 0xF3, 0x00, 0x19, 0x80, 0x0C, 0x60,
    0x0C, 0x30, 0x06, 0x0E, 0x0E, 0x03, 0xFE, 0x00, 0x7C, 0x00, 0x19, 0x80, 0xCC, 0x00, 0x00, 0x00,
    0x00, 0x00, 0x07, 0xC0, 0x7F, 0x06, 0x0C, 0x60, 0x33, 0xFF, 0x9F, 0xFC, 0xC0, 0x66, 0x03, 0x38,
    0x38, 0xE3, 0x83, 0xF8, 0x0F, 0x80, 0x19, 0x80, 0x33, 0x00, 0x00, 0x00, 0x00, 0x01, 0xF8, 0x07,
    0xFC, 0x18, 0x1C, 0x20, 0x0C, 0x00, 0x18, 0x00, 0x18, 0x00, 0x30, 0xFF, 0xE1, 0xFF, 0xC0, 0x01,
    0x80, 0x03, 0x00, 0x0C, 0x40, 0x18, 0xC0, 0xE0, 0xFF, 0x80, 0xFC, 0x00, 0x33, 0x03, 0x30, 0x00,
    0x00, 0x00, 0x00, 0x03, 0xF0, 0x7F, 0x84, 0x1C, 0x00, 0xE0, 0x06, 0x3F, 0xE3, 0xFE, 0x00, 0x60,
    0x06, 0x41, 0xC7, 0xF8, 0x3F, 0x00, 0x1F, 0x80, 0x7E, 0x00, 0x00, 0x30, 0x06, 0x60, 0x31, 0x80,
    0xC3, 0x06, 0x0C, 0x18, 0x38, 0xE0, 0x63, 0x01, 0xCC, 0x03, 0x60, 0x0D, 0x80, 0x1C, 0x00, 0x70,
    0x01, 0xC0, 0x06, 0x00, 0xF8, 0x03, 0xC0, 0x00, 0x1F, 0x80, 0xFC, 0x00, 0x00, 0x00, 0x06, 0x01,
    0x98, 0x18, 0xC0, 0xC7, 0x0E, 0x18, 0x60, 0xC3, 0x03, 0x30, 0x19, 0x80, 0x78, 0x03, 0xC0, 0x1E,
    0x00, 0x60, 0x03, 0x00, 0x30, 0x01, 0x80, 0x78, 0x03, 0xC0, 0x00, 0x19, 0x80, 0x66, 0x00, 0x00,
    0x00, 0x00, 0xC0, 0x19, 0x80, 0xC6, 0x03, 0x0C, 0x18, 0x30, 0x60, 0xE3, 0x81, 0x8C, 0x07, 0x30,
    0x0D, 0x80, 0x36, 0x00, 0x70, 0x01, 0xC0, 0x07, 0x00, 0x18, 0x03, 0xE0, 0x0F, 0x00, 0x19, 0x80,
    0xCC, 0x00, 0x00, 0x00, 0x00, 0x00, 0x30, 0x0C, 0xC0, 0xC6, 0x06, 0x38, 0x70, 0xC3, 0x06, 0x18,
    0x19, 0x80, 0xCC, 0x03, 0xC0, 0x1E, 0x00, 0xF0, 0x03, 0x00, 0x18, 0x01, 0x80, 0x0C, 0x03, 0xC0,
    0x1E, 0x00, 0x06, 0x60, 0x11, 0x00, 0xCC, 0x00, 0x00, 0x00, 0x03, 0x00, 0x66, 0x03, 0x18, 0x0C,
    0x30, 0x60, 0xC1, 0x83, 0x8E, 0x06, 0x30, 0x1C, 0xC0, 0x36, 0x00, 0xD8, 0x01, 0xC0, 0x07, 0x00,
    0x1C, 0x00, 0x60, 0x0F, 0x80, 0x3C, 0x00, 0x03, 0x30, 0x33, 0x01, 0x10, 0x19, 0x80, 0x00, 0x00,
    0x01, 0x80, 0x66, 0x06, 0x30, 0x31, 0xC3, 0x86, 0x18, 0x30, 0xC0, 0xCC, 0x06, 0x60, 0x1E, 0x00,
    0xF0, 0x07, 0x80, 0x18, 0x00, 0xC0, 0x0C, 0x00, 0x60, 0x1E, 0x00, 0xF0, 0x00, 0x0C, 0xC0, 0x19,
    0x80, 0x00, 0x00, 0x00, 0x03, 0x01, 0x86, 0x03, 0x0C, 0x06, 0x18, 0x0C, 0x30, 0x18, 0x60, 0x30,
    0xC0, 0x61, 0xC0, 0xC1, 0xFF, 0x81, 0xFF, 0x00, 0x06, 0x00, 0x0C, 0x00, 0x18, 0x00, 0x30, 0x00,
    0x60, 0x00, 0xC0, 0x19, 0x80, 0xCC, 0x00, 0x00, 0x00, 0x00, 0x00, 0x18, 0x30, 0xC1, 0x86, 0x0C,
    0x30, 0x61, 0xC3, 0x07, 0xF8, 0x1F, 0xC0, 0x06, 0x00, 0x30, 0x01, 0x80, 0x0C, 0x00, 0x60, 0x3F,
    0xF1, 0xFF, 0x8C, 0x00, 0x60, 0x03, 0x00, 0x18, 0x00, 0xC0, 0x06, 0x00, 0x30, 0x01, 0x80, 0x0C,
    0x00, 0x60, 0x03, 0x00, 0x18, 0x00, 0xF0, 0x07, 0x80, 0x0C, 0x00, 0x60, 0x03, 0x00, 0x3F, 0xE3,
    0xFE, 0x30, 0x03, 0x00, 0x30, 0x03, 0x00, 0x30, 0x03, 0x00, 0x30, 0x03, 0x00, 0x3C, 0x03, 0xC0,
    0x0C, 0x00, 0xC0, 0x0C, 0x00, 0x01, 0x98, 0x00, 0x33, 0x00, 0x00, 0x00, 0x00, 0x00, 0x03, 0x00,
    0x18, 0x60, 0x03, 0x0C, 0x00, 0x61, 0x80, 0x0C, 0x30, 0x01, 0x86, 0x00, 0x30, 0xC0, 0x06, 0x1F,
    0xE0, 0xC3, 0xFF, 0x18, 0x60, 0x73, 0x0C, 0x06, 0x61, 0x80, 0xCC, 0x30, 0x19, 0x86, 0x07, 0x30,
    0xFF, 0xC6, 0x1F, 0xF0, 0xC0, 0x06, 0x60, 0x03, 0x30, 0x00, 0x00, 0x00, 0x00, 0x00, 0x00, 0x01,
    0x80, 0x30, 0xC0, 0x18, 0x60, 0x0C, 0x30, 0x06, 0x18, 0x03, 0x0F, 0xF1, 0x87, 0xFC, 0xC3, 0x07,
    0x61, 0x81, 0xB0, 0xC1, 0xD8, 0x7F, 0xCC, 0x3F, 0xC6, 0x00, 0x0F, 0xFC, 0x1F, 0xF8, 0x30, 0x00,
    0x60, 0x00, 0xC0, 0x01, 0x80, 0x03, 0x00, 0x3F, 0xF8, 0x7F, 0xF0, 0x18, 0x00, 0x30, 0x00, 0x60,
    0x00, 0xC0, 0x01, 0x80, 0x03, 0x00, 0x07, 0xE0, 0x00, 0xC0, 0x01, 0x80, 0x03, 0x00, 0x7C, 0x00,
    0xF8, 0x00, 0x1F, 0xF0, 0xFF, 0x86, 0x00, 0x30, 0x01, 0x80, 0x7F, 0xC3, 0xFE, 0x03, 0x00, 0x18,
    0x00, 0xC0, 0x06, 0x00, 0x3F, 0x00, 0x18, 0x00, 0xC0, 0x06, 0x07, 0xE0, 0x3E, 0x00, 0x30, 0x1C,
    0x70, 0x30, 0x60, 0xC0, 0x63, 0x80, 0xE6, 0x00, 0xD8, 0x00, 0xF0, 0x01, 0xC0, 0x03, 0x80, 0x0D,
    0x80, 0x3B, 0x80, 0x63, 0x01, 0x83, 0x07, 0x07, 0x0C, 0x06, 0x30, 0x06, 0x00, 0x0C, 0x00, 0x18,
    0x00, 0xF0, 0x03, 0xC0, 0x00, 0x00, 0x00, 0x00, 0x70, 0x71, 0x83, 0x06, 0x30, 0x1B, 0x00, 0xF8,
    0x03, 0x80, 0x1C, 0x01, 0xB0, 0x1D, 0xC1, 0xC6, 0x0C, 0x18, 0xC0, 0x60, 0x03, 0x00, 0x18, 0x01,
    0xC0, 0x7C, 0x03, 0x80, 0x00, 0x00, 0x30, 0x1C, 0x70, 0x30, 0x60, 0xC0, 0x63, 0x80, 0xE6, 0x00,
    0xD8, 0x00, 0xF0, 0x1F, 0xFC, 0x03, 0x80, 0x0D, 0x80, 0x3B, 0x80, 0x63, 0x01, 0x83, 0x07, 0x07,
    0x0C, 0x06, 0x30, 0x06, 0x00, 0x00, 0x70, 0x71, 0x83, 0x06, 0x30, 0x1B, 0x00, 0xF8, 0x1F, 0xF0,
    0x1C, 0x01, 0xB0, 0x1D, 0xC1, 0xC6, 0x0C, 0x18, 0xC0, 0x60, 0x00, 0x00,
};

inline constexpr FontGlyph kReaderGlyphs[] = {
    {0, 0, 0, 7, 0, 0},  // 'space'
    {0, 9, 16, 9, 0, -16},  // '!'
    {18, 10, 16, 10, 0, -16},  // '"'
    {38, 18, 15, 18, 0, -15},  // '#'
    {72, 14, 20, 14, 0, -17},  // '$'
    {107, 21, 16, 21, 0, -16},  // '%'
    {149, 17, 16, 17, 0, -16},  // '&'
    {183, 6, 16, 6, 0, -16},  // '''
    {195, 9, 20, 9, 0, -17},  // '('
    {218, 9, 20, 9, 0, -17},  // ')'
    {241, 11, 16, 11, 0, -16},  // '*'
    {263, 18, 14, 18, 0, -14},  // '+'
    {295, 7, 5, 7, 0, -3},  // ','
    {300, 8, 7, 8, 0, -7},  // '-'
    {307, 7, 3, 7, 0, -3},  // '.'
    {310, 8, 18, 7, 0, -16},  // '/'
    {328, 14, 16, 14, 0, -16},  // '0'
    {356, 14, 16, 14, 0, -16},  // '1'
    {384, 14, 16, 14, 0, -16},  // '2'
    {412, 14, 16, 14, 0, -16},  // '3'
    {440, 14, 16, 14, 0, -16},  // '4'
    {468, 14, 16, 14, 0, -16},  // '5'
    {496, 14, 16, 14, 0, -16},  // '6'
    {524, 14, 16, 14, 0, -16},  // '7'
    {552, 14, 16, 14, 0, -16},  // '8'
    {580, 14, 16, 14, 0, -16},  // '9'
    {608, 7, 11, 7, 0, -11},  // ':'
    {618, 7, 13, 7, 0, -11},  // ';'
    {630, 18, 13, 18, 0, -13},  // '<'
    {660, 18, 11, 18, 0, -11},  // '='
    {685, 18, 13, 18, 0, -13},  // '>'
    {715, 12, 16, 12, 0, -16},  // '?'
    {739, 22, 19, 22, 0, -15},  // '@'
    {792, 15, 16, 15, 0, -16},  // 'A'
    {822, 15, 16, 15, 0, -16},  // 'B'
    {852, 15, 16, 15, 0, -16},  // 'C'
    {882, 17, 16, 17, 0, -16},  // 'D'
    {916, 14, 16, 14, 0, -16},  // 'E'
    {944, 13, 16, 13, 0, -16},  // 'F'
    {970, 17, 16, 17, 0, -16},  // 'G'
    {1004, 17, 16, 17, 0, -16},  // 'H'
    {1038, 6, 16, 6, 0, -16},  // 'I'
    {1050, 8, 20, 6, -2, -16},  // 'J'
    {1070, 15, 16, 14, 0, -16},  // 'K'
    {1100, 13, 16, 12, 0, -16},  // 'L'
    {1126, 19, 16, 19, 0, -16},  // 'M'
    {1164, 16, 16, 16, 0, -16},  // 'N'
    {1196, 17, 16, 17, 0, -16},  // 'O'
    {1230, 13, 16, 13, 0, -16},  // 'P'
    {1256, 17, 19, 17, 0, -16},  // 'Q'
    {1297, 15, 16, 15, 0, -16},  // 'R'
    {1327, 14, 16, 14, 0, -16},  // 'S'
    {1355, 15, 16, 13, -1, -16},  // 'T'
    {1385, 16, 16, 16, 0, -16},  // 'U'
    {1417, 15, 16, 15, 0, -16},  // 'V'
    {1447, 22, 16, 22, 0, -16},  // 'W'
    {1491, 15, 16, 15, 0, -16},  // 'X'
    {1521, 15, 16, 13, -1, -16},  // 'Y'
    {1551, 15, 16, 15, 0, -16},  // 'Z'
    {1581, 9, 20, 9, 0, -17},  // '['
    {1604, 8, 18, 7, 0, -16},  // '0x5C'
    {1622, 9, 20, 9, 0, -17},  // ']'
    {1645, 18, 16, 18, 0, -16},  // '^'
    {1681, 13, 5, 11, -1, 0},  // '_'
    {1690, 11, 18, 11, 0, -18},  // '`'
    {1715, 13, 12, 13, 0, -12},  // 'a'
    {1735, 14, 17, 14, 0, -17},  // 'b'
    {1765, 12, 12, 12, 0, -12},  // 'c'
    {1783, 14, 17, 14, 0, -17},  // 'd'
    {1813, 14, 12, 14, 0, -12},  // 'e'
    {1834, 9, 17, 8, 0, -17},  // 'f'
    {1854, 14, 17, 14, 0, -12},  // 'g'
    {1884, 14, 17, 14, 0, -17},  // 'h'
    {1914, 6, 17, 6, 0, -17},  // 'i'
    {1927, 7, 22, 6, -1, -17},  // 'j'
    {1947, 13, 17, 13, 0, -17},  // 'k'
    {1975, 6, 17, 6, 0, -17},  // 'l'
    {1988, 21, 12, 21, 0, -12},  // 'm'
    {2020, 14, 12, 14, 0, -12},  // 'n'
    {2041, 13, 12, 13, 0, -12},  // 'o'
    {2061, 14, 17, 14, 0, -12},  // 'p'
    {2091, 14, 17, 14, 0, -12},  // 'q'
    {2121, 10, 12, 9, 0, -12},  // 'r'
    {2136, 11, 12, 11, 0, -12},  // 's'
    {2153, 9, 15, 9, 0, -15},  // 't'
    {2170, 14, 12, 14, 0, -12},  // 'u'
    {2191, 13, 12, 13, 0, -12},  // 'v'
    {2211, 18, 12, 18, 0, -12},  // 'w'
    {2238, 13, 12, 13, 0, -12},  // 'x'
    {2258, 13, 17, 13, 0, -12},  // 'y'
    {2286, 12, 12, 12, 0, -12},  // 'z'
    {2304, 14, 20, 14, 0, -17},  // '{'
    {2339, 7, 22, 7, 0, -17},  // '|'
    {2359, 14, 20, 14, 0, -17},  // '}'
    {2394, 18, 10, 18, 0, -10},  // '~'
    {2417, 13, 19, 13, 0, -16},  // ''
    {2448, 13, 19, 13, 0, -16},  // ''
    {2479, 13, 19, 13, 0, -16},  // ''
    {2510, 13, 19, 13, 0, -16},  // ''
    {2541, 13, 19, 13, 0, -16},  // ''
    {2572, 13, 19, 13, 0, -16},  // ''
    {2603, 13, 19, 13, 0, -16},  // ''
    {2634, 13, 19, 13, 0, -16},  // ''
    {2665, 13, 19, 13, 0, -16},  // ''
    {2696, 13, 19, 13, 0, -16},  // ''
    {2727, 13, 19, 13, 0, -16},  // ''
    {2758, 13, 19, 13, 0, -16},  // ''
    {2789, 13, 19, 13, 0, -16},  // ''
    {2820, 13, 19, 13, 0, -16},  // ''
    {2851, 13, 19, 13, 0, -16},  // ''
    {2882, 13, 19, 13, 0, -16},  // ''
    {2913, 13, 19, 13, 0, -16},  // ''
    {2944, 13, 19, 13, 0, -16},  // ''
    {2975, 13, 19, 13, 0, -16},  // ''
    {3006, 13, 19, 13, 0, -16},  // ''
    {3037, 13, 19, 13, 0, -16},  // ''
    {3068, 13, 19, 13, 0, -16},  // ''
    {3099, 13, 19, 13, 0, -16},  // ''
    {3130, 13, 19, 13, 0, -16},  // ''
    {3161, 13, 19, 13, 0, -16},  // ''
    {3192, 13, 19, 13, 0, -16},  // ''
    {3223, 13, 19, 13, 0, -16},  // ''
    {3254, 13, 19, 13, 0, -16},  // ''
    {3285, 13, 19, 13, 0, -16},  // ''
    {3316, 13, 19, 13, 0, -16},  // ''
    {3347, 13, 19, 13, 0, -16},  // ''
    {3378, 13, 19, 13, 0, -16},  // ''
    {3409, 13, 19, 13, 0, -16},  // ''
    {3440, 0, 0, 7, 0, 0},  // ' '
    {3440, 9, 16, 9, 0, -12},  // '¡'
    {3458, 14, 18, 14, 0, -15},  // '¢'
    {3490, 14, 16, 14, 0, -16},  // '£'
    {3518, 14, 13, 14, 0, -13},  // '¤'
    {3541, 14, 16, 14, 0, -16},  // '¥'
    {3569, 7, 19, 7, 0, -15},  // '¦'
    {3586, 11, 18, 11, 0, -16},  // '§'
    {3611, 11, 17, 11, 0, -17},  // '¨'
    {3635, 22, 16, 22, 0, -16},  // '©'
    {3679, 10, 16, 10, 0, -16},  // 'ª'
    {3699, 13, 11, 13, 0, -11},  // '«'
    {3717, 18, 9, 18, 0, -9},  // '¬'
    {3738, 0, 0, 0, 0, 0},  // '­'
    {3738, 22, 16, 22, 0, -16},  // '®'
    {3782, 11, 16, 11, 0, -16},  // '¯'
    {3804, 11, 16, 11, 0, -16},  // '°'
    {3826, 18, 14, 18, 0, -14},  // '±'
    {3858, 9, 16, 9, 0, -16},  // '²'
    {3876, 9, 16, 9, 0, -16},  // '³'
    {3894, 11, 18, 11, 0, -18},  // '´'
    {3919, 14, 17, 14, 0, -12},  // 'µ'
    {3949, 14, 18, 14, 0, -16},  // '¶'
    {3981, 7, 9, 7, 0, -9},  // '·'
    {3989, 11, 4, 11, 0, 0},  // '¸'
    {3995, 9, 16, 9, 0, -16},  // '¹'
    {4013, 10, 16, 10, 0, -16},  // 'º'
    {4033, 13, 11, 13, 0, -11},  // '»'
    {4051, 21, 16, 21, 0, -16},  // '¼'
    {4093, 21, 16, 21, 0, -16},  // '½'
    {4135, 21, 16, 21, 0, -16},  // '¾'
    {4177, 12, 17, 12, 0, -12},  // '¿'
    {4203, 15, 21, 15, 0, -21},  // 'À'
    {4243, 15, 21, 15, 0, -21},  // 'Á'
    {4283, 15, 21, 15, 0, -21},  // 'Â'
    {4323, 15, 20, 15, 0, -20},  // 'Ã'
    {4361, 15, 20, 15, 0, -20},  // 'Ä'
    {4399, 15, 21, 15, 0, -21},  // 'Å'
    {4439, 21, 16, 21, 0, -16},  // 'Æ'
    {4481, 15, 20, 15, 0, -16},  // 'Ç'
    {4519, 14, 21, 14, 0, -21},  // 'È'
    {4556, 14, 21, 14, 0, -21},  // 'É'
    {4593, 14, 21, 14, 0, -21},  // 'Ê'
    {4630, 14, 20, 14, 0, -20},  // 'Ë'
    {4665, 6, 21, 6, 0, -21},  // 'Ì'
    {4681, 6, 21, 6, 0, -21},  // 'Í'
    {4697, 8, 21, 6, -1, -21},  // 'Î'
    {4718, 7, 20, 6, 0, -20},  // 'Ï'
    {4736, 17, 16, 17, 0, -16},  // 'Ð'
    {4770, 16, 20, 16, 0, -20},  // 'Ñ'
    {4810, 17, 21, 17, 0, -21},  // 'Ò'
    {4855, 17, 21, 17, 0, -21},  // 'Ó'
    {4900, 17, 21, 17, 0, -21},  // 'Ô'
    {4945, 17, 20, 17, 0, -20},  // 'Õ'
    {4988, 17, 20, 17, 0, -20},  // 'Ö'
    {5031, 18, 13, 18, 0, -13},  // '×'
    {5061, 17, 18, 17, 0, -17},  // 'Ø'
    {5100, 16, 21, 16, 0, -21},  // 'Ù'
    {5142, 16, 21, 16, 0, -21},  // 'Ú'
    {5184, 16, 21, 16, 0, -21},  // 'Û'
    {5226, 16, 20, 16, 0, -20},  // 'Ü'
    {5266, 15, 21, 13, -1, -21},  // 'Ý'
    {5306, 13, 16, 13, 0, -16},  // 'Þ'
    {5332, 14, 17, 14, 0, -17},  // 'ß'
    {5362, 13, 18, 13, 0, -18},  // 'à'
    {5392, 13, 18, 13, 0, -18},  // 'á'
    {5422, 13, 18, 13, 0, -18},  // 'â'
    {5452, 13, 17, 13, 0, -17},  // 'ã'
    {5480, 13, 17, 13, 0, -17},  // 'ä'
    {5508, 13, 19, 13, 0, -19},  // 'å'
    {5539, 22, 12, 22, 0, -12},  // 'æ'
    {5572, 12, 16, 12, 0, -12},  // 'ç'
    {5596, 14, 18, 14, 0, -18},  // 'è'
    {5628, 14, 18, 14, 0, -18},  // 'é'
    {5660, 14, 18, 14, 0, -18},  // 'ê'
    {5692, 14, 17, 14, 0, -17},  // 'ë'
    {5722, 7, 18, 6, -1, -18},  // 'ì'
    {5738, 7, 18, 6, 0, -18},  // 'í'
    {5754, 8, 18, 6, -1, -18},  // 'î'
    {5772, 8, 17, 6, -1, -17},  // 'ï'
    {5789, 13, 17, 13, 0, -17},  // 'ð'
    {5817, 14, 17, 14, 0, -17},  // 'ñ'
    {5847, 13, 18, 13, 0, -18},  // 'ò'
    {5877, 13, 18, 13, 0, -18},  // 'ó'
    {5907, 13, 18, 13, 0, -18},  // 'ô'
    {5937, 13, 17, 13, 0, -17},  // 'õ'
    {5965, 13, 17, 13, 0, -17},  // 'ö'
    {5993, 18, 13, 18, 0, -13},  // '÷'
    {6023, 13, 14, 13, 0, -13},  // 'ø'
    {6046, 14, 18, 14, 0, -18},  // 'ù'
    {6078, 14, 18, 14, 0, -18},  // 'ú'
    {6110, 14, 18, 14, 0, -18},  // 'û'
    {6142, 14, 17, 14, 0, -17},  // 'ü'
    {6172, 13, 23, 13, 0, -18},  // 'ý'
    {6210, 14, 22, 14, 0, -17},  // 'þ'
    {6249, 13, 22, 13, 0, -17},  // 'ÿ'
    {6285, 15, 19, 15, 0, -19},  // 'Ā'
    {6321, 13, 16, 13, 0, -16},  // 'ā'
    {6347, 15, 22, 15, 0, -22},  // 'Ă'
    {6389, 13, 18, 13, 0, -18},  // 'ă'
    {6419, 16, 20, 15, 0, -16},  // 'Ą'
    {6459, 13, 16, 13, 0, -12},  // 'ą'
    {6485, 15, 21, 15, 0, -21},  // 'Ć'
    {6525, 12, 18, 12, 0, -18},  // 'ć'
    {6552, 15, 21, 15, 0, -21},  // 'Ĉ'
    {6592, 12, 18, 12, 0, -18},  // 'ĉ'
    {6619, 15, 20, 15, 0, -20},  // 'Ċ'
    {6657, 12, 17, 12, 0, -17},  // 'ċ'
    {6683, 15, 21, 15, 0, -21},  // 'Č'
    {6723, 12, 18, 12, 0, -18},  // 'č'
    {6750, 17, 21, 17, 0, -21},  // 'Ď'
    {6795, 17, 17, 14, 0, -17},  // 'ď'
    {6832, 17, 16, 17, 0, -16},  // 'Đ'
    {6866, 14, 17, 14, 0, -17},  // 'đ'
    {6896, 14, 19, 14, 0, -19},  // 'Ē'
    {6930, 14, 16, 14, 0, -16},  // 'ē'
    {6958, 14, 20, 14, 0, -20},  // 'Ĕ'
    {6993, 14, 18, 14, 0, -18},  // 'ĕ'
    {7025, 14, 20, 14, 0, -20},  // 'Ė'
    {7060, 14, 17, 14, 0, -17},  // 'ė'
    {7090, 14, 20, 14, 0, -16},  // 'Ę'
    {7125, 14, 16, 14, 0, -12},  // 'ę'
    {7153, 14, 21, 14, 0, -21},  // 'Ě'
    {7190, 14, 18, 14, 0, -18},  // 'ě'
    {7222, 17, 21, 17, 0, -21},  // 'Ĝ'
    {7267, 14, 23, 14, 0, -18},  // 'ĝ'
    {7308, 17, 20, 17, 0, -20},  // 'Ğ'
    {7351, 14, 23, 14, 0, -18},  // 'ğ'
    {7392, 17, 20, 17, 0, -20},  // 'Ġ'
    {7435, 14, 22, 14, 0, -17},  // 'ġ'
    {7474, 17, 21, 17, 0, -16},  // 'Ģ'
    {7519, 14, 22, 14, 0, -17},  // 'ģ'
    {7558, 17, 21, 17, 0, -21},  // 'Ĥ'
    {7603, 15, 21, 14, -1, -21},  // 'ĥ'
    {7643, 20, 16, 20, 0, -16},  // 'Ħ'
    {7683, 15, 17, 15, 0, -17},  // 'ħ'
    {7715, 8, 20, 6, -1, -20},  // 'Ĩ'
    {7735, 8, 17, 6, -1, -17},  // 'ĩ'
    {7752, 7, 19, 6, 0, -19},  // 'Ī'
    {7769, 8, 16, 6, -1, -16},  // 'ī'
    {7785, 8, 20, 6, -1, -20},  // 'Ĭ'
    {7805, 8, 18, 6, -1, -18},  // 'ĭ'
    {7823, 6, 20, 6, 0, -16},  // 'Į'
    {7838, 6, 21, 6, 0, -17},  // 'į'
    {7854, 6, 20, 6, 0, -20},  // 'İ'
    {7869, 6, 12, 6, 0, -12},  // 'ı'
    {7878, 13, 20, 13, 0, -16},  // 'Ĳ'
    {7911, 12, 22, 12, 0, -17},  // 'ĳ'
    {7944, 9, 25, 6, -2, -21},  // 'Ĵ'
    {7973, 8, 23, 6, -1, -18},  // 'ĵ'
    {7996, 15, 21, 14, 0, -16},  // 'Ķ'
    {8036, 13, 22, 13, 0, -17},  // 'ķ'
    {8072, 13, 12, 13, 0, -12},  // 'ĸ'
    {8092, 13, 21, 12, 0, -21},  // 'Ĺ'
    {8127, 7, 21, 6, 0, -21},  // 'ĺ'
    {8146, 13, 21, 12, 0, -16},  // 'Ļ'
    {8181, 6, 22, 6, 0, -17},  // 'ļ'
    {8198, 13, 16, 12, 0, -16},  // 'Ľ'
    {8224, 9, 17, 8, 0, -17},  // 'ľ'
    {8244, 13, 16, 12, 0, -16},  // 'Ŀ'
    {8270, 8, 17, 8, 0, -17},  // 'ŀ'
    {8287, 14, 16, 12, -1, -16},  // 'Ł'
    {8315, 7, 17, 6, 0, -17},  // 'ł'
    {8330, 16, 21, 16, 0, -21},  // 'Ń'
    {8372, 14, 18, 14, 0, -18},  // 'ń'
    {8404, 16, 21, 16, 0, -16},  // 'Ņ'
    {8446, 14, 17, 14, 0, -12},  // 'ņ'
    {8476, 16, 21, 16, 0, -21},  // 'Ň'
    {8518, 14, 18, 14, 0, -18},  // 'ň'
    {8550, 18, 16, 18, 0, -16},  // 'ŉ'
    {8586, 16, 20, 16, 0, -16},  // 'Ŋ'
    {8626, 14, 17, 14, 0, -12},  // 'ŋ'
    {8656, 17, 19, 17, 0, -19},  // 'Ō'
    {8697, 13, 16, 13, 0, -16},  // 'ō'
    {8723, 17, 20, 17, 0, -20},  // 'Ŏ'
    {8766, 13, 18, 13, 0, -18},  // 'ŏ'
    {8796, 17, 21, 17, 0, -21},  // 'Ő'
    {8841, 13, 18, 13, 0, -18},  // 'ő'
    {8871, 24, 16, 24, 0, -16},  // 'Œ'
    {8919, 23, 12, 22, 0, -12},  // 'œ'
    {8954, 15, 21, 15, 0, -21},  // 'Ŕ'
    {8994, 10, 18, 9, 0, -18},  // 'ŕ'
    {9017, 15, 21, 15, 0, -16},  // 'Ŗ'
    {9057, 10, 17, 9, 0, -12},  // 'ŗ'
    {9079, 15, 21, 15, 0, -21},  // 'Ř'
    {9119, 10, 18, 9, 0, -18},  // 'ř'
    {9142, 14, 21, 14, 0, -21},  // 'Ś'
    {9179, 11, 18, 11, 0, -18},  // 'ś'
    {9204, 14, 21, 14, 0, -21},  // 'Ŝ'
    {9241, 11, 18, 11, 0, -18},  // 'ŝ'
    {9266, 14, 20, 14, 0, -16},  // 'Ş'
    {9301, 11, 16, 11, 0, -12},  // 'ş'
    {9323, 14, 21, 14, 0, -21},  // 'Š'
    {9360, 11, 18, 11, 0, -18},  // 'š'
    {9385, 15, 20, 13, -1, -16},  // 'Ţ'
    {9423, 9, 19, 9, 0, -15},  // 'ţ'
    {9445, 15, 21, 13, -1, -21},  // 'Ť'
    {9485, 9, 18, 9, 0, -18},  // 'ť'
    {9506, 15, 16, 13, -1, -16},  // 'Ŧ'
    {9536, 9, 15, 9, 0, -15},  // 'ŧ'
    {9553, 16, 20, 16, 0, -20},  // 'Ũ'
    {9593, 14, 17, 14, 0, -17},  // 'ũ'
    {9623, 16, 19, 16, 0, -19},  // 'Ū'
    {9661, 14, 16, 14, 0, -16},  // 'ū'
    {9689, 16, 20, 16, 0, -20},  // 'Ŭ'
    {9729, 14, 18, 14, 0, -18},  // 'ŭ'
    {9761, 16, 20, 16, 0, -20},  // 'Ů'
    {9801, 14, 18, 14, 0, -18},  // 'ů'
    {9833, 16, 21, 16, 0, -21},  // 'Ű'
    {9875, 14, 18, 14, 0, -18},  // 'ű'
    {9907, 16, 20, 16, 0, -16},  // 'Ų'
    {9947, 14, 16, 14, 0, -12},  // 'ų'
    {9975, 22, 21, 22, 0, -21},  // 'Ŵ'
    {10033, 18, 18, 18, 0, -18},  // 'ŵ'
    {10074, 15, 21, 13, -1, -21},  // 'Ŷ'
    {10114, 13, 23, 13, 0, -18},  // 'ŷ'
    {10152, 15, 20, 13, -1, -20},  // 'Ÿ'
    {10190, 15, 21, 15, 0, -21},  // 'Ź'
    {10230, 12, 18, 12, 0, -18},  // 'ź'
    {10257, 15, 20, 15, 0, -20},  // 'Ż'
    {10295, 12, 17, 12, 0, -17},  // 'ż'
    {10321, 15, 21, 15, 0, -21},  // 'Ž'
    {10361, 12, 18, 12, 0, -18},  // 'ž'
    {10388, 9, 17, 8, 0, -17},  // 'ſ'
    {10408, 14, 17, 14, 0, -17},  // 'ƀ'
    {10438, 18, 16, 16, -2, -16},  // 'Ɓ'
    {10474, 15, 16, 15, 0, -16},  // 'Ƃ'
    {10504, 14, 17, 14, 0, -17},  // 'ƃ'
    {10534, 15, 16, 15, 0, -16},  // 'Ƅ'
    {10564, 14, 17, 14, 0, -17},  // 'ƅ'
    {10594, 15, 16, 15, 0, -16},  // 'Ɔ'
    {10624, 18, 20, 15, 0, -20},  // 'Ƈ'
    {10669, 14, 17, 12, 0, -17},  // 'ƈ'
    {10699, 17, 16, 17, 0, -16},  // 'Ɖ'
    {10733, 20, 16, 18, -2, -16},  // 'Ɗ'
    {10773, 15, 16, 15, 0, -16},  // 'Ƌ'
    {10803, 14, 17, 14, 0, -17},  // 'ƌ'
    {10833, 13, 17, 13, 0, -12},  // 'ƍ'
    {10861, 14, 16, 14, 0, -16},  // 'Ǝ'
    {10889, 17, 16, 17, 0, -16},  // 'Ə'
    {10923, 14, 16, 14, 0, -16},  // 'Ɛ'
    {10951, 15, 20, 13, -2, -16},  // 'Ƒ'
    {10989, 11, 22, 8, -2, -17},  // 'ƒ'
    {11020, 19, 20, 17, 0, -20},  // 'Ɠ'
    {11068, 16, 21, 15, 0, -16},  // 'Ɣ'
    {11110, 22, 17, 22, 0, -17},  // 'ƕ'
    {11157, 8, 16, 8, 0, -16},  // 'Ɩ'
    {11173, 7, 16, 6, 0, -16},  // 'Ɨ'
    {11187, 17, 16, 16, 0, -16},  // 'Ƙ'
    {11221, 13, 17, 13, 0, -17},  // 'ƙ'
    {11249, 6, 17, 6, 0, -17},  // 'ƚ'
    {11262, 13, 17, 13, 0, -17},  // 'ƛ'
    {11290, 21, 16, 21, 0, -16},  // 'Ɯ'
    {11332, 18, 20, 16, -2, -16},  // 'Ɲ'
    {11377, 14, 17, 14, 0, -12},  // 'ƞ'
    {11407, 17, 16, 17, 0, -16},  // 'Ɵ'
    {11441, 20, 16, 20, 0, -16},  // 'Ơ'
    {11481, 14, 13, 13, 0, -13},  // 'ơ'
    {11504, 21, 16, 21, 0, -16},  // 'Ƣ'
    {11546, 17, 17, 17, 0, -12},  // 'ƣ'
    {11583, 16, 16, 14, -2, -16},  // 'Ƥ'
    {11615, 14, 22, 14, 0, -17},  // 'ƥ'
    {11654, 15, 19, 15, 0, -16},  // 'Ʀ'
    {11690, 14, 16, 14, 0, -16},  // 'Ƨ'
    {11718, 11, 12, 11, 0, -12},  // 'ƨ'
    {11735, 14, 16, 14, 0, -16},  // 'Ʃ'
    {11763, 11, 22, 7, -3, -17},  // 'ƪ'
    {11794, 9, 20, 9, 0, -15},  // 'ƫ'
    {11817, 14, 16, 13, 0, -16},  // 'Ƭ'
    {11845, 9, 17, 9, 0, -17},  // 'ƭ'
    {11865, 15, 21, 13, -1, -16},  // 'Ʈ'
    {11905, 19, 16, 19, 0, -16},  // 'Ư'
    {11943, 15, 13, 14, 0, -13},  // 'ư'
    {11968, 17, 16, 17, 0, -16},  // 'Ʊ'
    {12002, 16, 16, 16, 0, -16},  // 'Ʋ'
    {12034, 18, 16, 16, -1, -16},  // 'Ƴ'
    {12070, 17, 17, 16, 0, -12},  // 'ƴ'
    {12107, 15, 16, 15, 0, -16},  // 'Ƶ'
    {12137, 12, 12, 12, 0, -12},  // 'ƶ'
    {12155, 15, 16, 15, 0, -16},  // 'Ʒ'
    {12185, 15, 16, 15, 0, -16},  // 'Ƹ'
    {12215, 13, 17, 13, 0, -12},  // 'ƹ'
    {12243, 12, 18, 12, 0, -13},  // 'ƺ'
    {12270, 14, 17, 14, 0, -17},  // 'ƻ'
    {12300, 15, 17, 15, 0, -16},  // 'Ƽ'
    {12332, 13, 17, 13, 0, -12},  // 'ƽ'
    {12360, 11, 17, 11, 0, -16},  // 'ƾ'
    {12384, 14, 17, 14, 0, -12},  // 'ƿ'
    {12414, 6, 22, 6, 0, -17},  // 'ǀ'
    {12431, 11, 22, 11, 0, -17},  // 'ǁ'
    {12462, 10, 22, 10, 0, -17},  // 'ǂ'
    {12490, 7, 16, 6, 0, -16},  // 'ǃ'
    {12504, 31, 21, 31, 0, -21},  // 'Ǆ'
    {12586, 29, 18, 29, 0, -18},  // 'ǅ'
    {12652, 25, 18, 25, 0, -18},  // 'ǆ'
    {12709, 18, 20, 18, 0, -16},  // 'Ǉ'
    {12754, 17, 22, 17, 0, -17},  // 'ǈ'
    {12801, 10, 22, 10, 0, -17},  // 'ǉ'
    {12829, 20, 20, 20, 0, -16},  // 'Ǌ'
    {12879, 20, 22, 20, 0, -17},  // 'ǋ'
    {12934, 18, 22, 18, 0, -17},  // 'ǌ'
    {12984, 15, 21, 15, 0, -21},  // 'Ǎ'
    {13024, 13, 18, 13, 0, -18},  // 'ǎ'
    {13054, 8, 21, 6, -1, -21},  // 'Ǐ'
    {13075, 8, 18, 6, -1, -18},  // 'ǐ'
    {13093, 17, 21, 17, 0, -21},  // 'Ǒ'
    {13138, 13, 18, 13, 0, -18},  // 'ǒ'
    {13168, 16, 21, 16, 0, -21},  // 'Ǔ'
    {13210, 14, 18, 14, 0, -18},  // 'ǔ'
    {13242, 16, 22, 16, 0, -22},  // 'Ǖ'
    {13286, 14, 19, 14, 0, -19},  // 'ǖ'
    {13320, 16, 24, 16, 0, -24},  // 'Ǘ'
    {13368, 14, 21, 14, 0, -21},  // 'ǘ'
    {13405, 16, 24, 16, 0, -24},  // 'Ǚ'
    {13453, 14, 21, 14, 0, -21},  // 'ǚ'
    {13490, 16, 24, 16, 0, -24},  // 'Ǜ'
    {13538, 14, 21, 14, 0, -21},  // 'ǜ'
    {13575, 14, 12, 14, 0, -12},  // 'ǝ'
    {13596, 15, 22, 15, 0, -22},  // 'Ǟ'
    {13638, 13, 19, 13, 0, -19},  // 'ǟ'
    {13669, 15, 22, 15, 0, -22},  // 'Ǡ'
    {13711, 13, 19, 13, 0, -19},  // 'ǡ'
    {13742, 21, 19, 21, 0, -19},  // 'Ǣ'
    {13792, 22, 16, 22, 0, -16},  // 'ǣ'
    {13836, 17, 16, 17, 0, -16},  // 'Ǥ'
    {13870, 14, 17, 14, 0, -12},  // 'ǥ'
    {13900, 17, 21, 17, 0, -21},  // 'Ǧ'
    {13945, 14, 23, 14, 0, -18},  // 'ǧ'
    {13986, 15, 21, 14, 0, -21},  // 'Ǩ'
    {14026, 14, 21, 13, -1, -21},  // 'ǩ'
    {14063, 17, 20, 17, 0, -16},  // 'Ǫ'
    {14106, 13, 16, 13, 0, -12},  // 'ǫ'
    {14132, 17, 23, 17, 0, -19},  // 'Ǭ'
    {14181, 13, 20, 13, 0, -16},  // 'ǭ'
    {14214, 15, 21, 15, 0, -21},  // 'Ǯ'
    {14254, 13, 23, 13, 0, -18},  // 'ǯ'
    {14292, 8, 23, 6, -1, -18},  // 'ǰ'
    {14315, 31, 16, 31, 0, -16},  // 'Ǳ'
    {14377, 29, 16, 29, 0, -16},  // 'ǲ'
    {14435, 25, 17, 25, 0, -17},  // 'ǳ'
    {14489, 17, 21, 17, 0, -21},  // 'Ǵ'
    {14534, 14, 23, 14, 0, -18},  // 'ǵ'
    {14575, 24, 16, 24, 0, -16},  // 'Ƕ'
    {14623, 15, 21, 15, 0, -16},  // 'Ƿ'
    {14663, 16, 21, 16, 0, -21},  // 'Ǹ'
    {14705, 14, 18, 14, 0, -18},  // 'ǹ'
    {14737, 15, 21, 15, 0, -21},  // 'Ǻ'
    {14777, 14, 21, 13, 0, -21},  // 'ǻ'
    {14814, 21, 21, 21, 0, -21},  // 'Ǽ'
    {14870, 22, 18, 22, 0, -18},  // 'ǽ'
    {14920, 17, 22, 17, 0, -21},  // 'Ǿ'
    {14967, 13, 19, 13, 0, -18},  // 'ǿ'
    {14998, 15, 21, 15, 0, -21},  // 'Ȁ'
    {15038, 13, 18, 13, 0, -18},  // 'ȁ'
    {15068, 15, 20, 15, 0, -20},  // 'Ȃ'
    {15106, 13, 18, 13, 0, -18},  // 'ȃ'
    {15136, 14, 21, 14, 0, -21},  // 'Ȅ'
    {15173, 14, 18, 14, 0, -18},  // 'ȅ'
    {15205, 14, 20, 14, 0, -20},  // 'Ȇ'
    {15240, 14, 18, 14, 0, -18},  // 'ȇ'
    {15272, 8, 21, 6, -1, -21},  // 'Ȉ'
    {15293, 8, 18, 6, -1, -18},  // 'ȉ'
    {15311, 7, 20, 6, 0, -20},  // 'Ȋ'
    {15329, 8, 18, 6, -1, -18},  // 'ȋ'
    {15347, 17, 21, 17, 0, -21},  // 'Ȍ'
    {15392, 13, 18, 13, 0, -18},  // 'ȍ'
    {15422, 17, 20, 17, 0, -20},  // 'Ȏ'
    {15465, 13, 18, 13, 0, -18},  // 'ȏ'
    {15495, 15, 21, 15, 0, -21},  // 'Ȑ'
    {15535, 10, 18, 9, 0, -18},  // 'ȑ'
    {15558, 15, 20, 15, 0, -20},  // 'Ȓ'
    {15596, 10, 18, 9, 0, -18},  // 'ȓ'
    {15619, 16, 21, 16, 0, -21},  // 'Ȕ'
    {15661, 14, 18, 14, 0, -18},  // 'ȕ'
    {15693, 16, 20, 16, 0, -20},  // 'Ȗ'
    {15733, 14, 18, 14, 0, -18},  // 'ȗ'
    {15765, 14, 21, 14, 0, -16},  // 'Ș'
    {15802, 11, 17, 11, 0, -12},  // 'ș'
    {15826, 15, 21, 13, -1, -16},  // 'Ț'
    {15866, 9, 20, 9, 0, -15},  // 'ț'
    {15889, 14, 22, 14, 0, -17},  // 'Ȝ'
    {15928, 11, 18, 11, 0, -13},  // 'ȝ'
    {15953, 17, 21, 17, 0, -21},  // 'Ȟ'
    {15998, 15, 21, 14, -1, -21},  // 'ȟ'
    {16038, 16, 21, 16, 0, -17},  // 'Ƞ'
    {16080, 18, 19, 18, 0, -17},  // 'ȡ'
    {16123, 15, 16, 15, 0, -16},  // 'Ȣ'
    {16153, 13, 14, 13, 0, -14},  // 'ȣ'
    {16176, 15, 21, 15, 0, -16},  // 'Ȥ'
    {16216, 12, 17, 12, 0, -12},  // 'ȥ'
    {16242, 15, 20, 15, 0, -20},  // 'Ȧ'
    {16280, 13, 17, 13, 0, -17},  // 'ȧ'
    {16308, 14, 20, 14, 0, -16},  // 'Ȩ'
    {16343, 14, 16, 14, 0, -12},  // 'ȩ'
    {16371, 17, 22, 17, 0, -22},  // 'Ȫ'
    {16418, 13, 19, 13, 0, -19},  // 'ȫ'
    {16449, 17, 22, 17, 0, -22},  // 'Ȭ'
    {16496, 13, 18, 13, 0, -18},  // 'ȭ'
    {16526, 17, 20, 17, 0, -20},  // 'Ȯ'
    {16569, 13, 17, 13, 0, -17},  // 'ȯ'
    {16597, 17, 22, 17, 0, -22},  // 'Ȱ'
    {16644, 13, 19, 13, 0, -19},  // 'ȱ'
    {16675, 15, 19, 13, -1, -19},  // 'Ȳ'
    {16711, 13, 21, 13, 0, -16},  // 'ȳ'
    {16746, 10, 19, 10, 0, -17},  // 'ȴ'
    {16770, 19, 15, 19, 0, -13},  // 'ȵ'
    {16806, 11, 18, 10, 0, -16},  // 'ȶ'
    {16831, 7, 17, 6, -1, -12},  // 'ȷ'
    {16846, 22, 17, 22, 0, -17},  // 'ȸ'
    {16893, 22, 17, 22, 0, -12},  // 'ȹ'
    {16940, 17, 18, 15, -1, -17},  // 'Ⱥ'
    {16979, 16, 18, 15, 0, -17},  // 'Ȼ'
    {17015, 12, 16, 12, 0, -14},  // 'ȼ'
    {17039, 13, 16, 12, 0, -16},  // 'Ƚ'
    {17065, 16, 18, 13, -1, -17},  // 'Ⱦ'
    {17101, 12, 19, 11, 0, -13},  // 'ȿ'
    {17130, 12, 19, 12, 0, -13},  // 'ɀ'
    {17159, 13, 16, 13, 0, -16},  // 'Ɂ'
    {17185, 11, 12, 11, 0, -12},  // 'ɂ'
    {17202, 15, 16, 15, 0, -16},  // 'Ƀ'
    {17232, 16, 16, 16, 0, -16},  // 'Ʉ'
    {17264, 15, 16, 15, 0, -16},  // 'Ʌ'
    {17294, 14, 22, 14, 0, -19},  // 'Ɇ'
    {17333, 14, 18, 14, 0, -15},  // 'ɇ'
    {17365, 9, 20, 6, -2, -16},  // 'Ɉ'
    {17388, 7, 22, 6, -1, -17},  // 'ɉ'
    {17408, 19, 20, 17, 0, -16},  // 'Ɋ'
    {17456, 15, 17, 14, 0, -12},  // 'ɋ'
    {17488, 15, 16, 15, 0, -16},  // 'Ɍ'
    {17518, 10, 12, 9, 0, -12},  // 'ɍ'
    {17533, 15, 17, 13, -1, -17},  // 'Ɏ'
    {17565, 13, 18, 13, 0, -13},  // 'ɏ'
    {17595, 13, 12, 13, 0, -12},  // 'ɐ'
    {17615, 14, 12, 14, 0, -12},  // 'ɑ'
    {17636, 14, 12, 14, 0, -12},  // 'ɒ'
    {17657, 14, 17, 14, 0, -17},  // 'ɓ'
    {17687, 12, 12, 12, 0, -12},  // 'ɔ'
    {17705, 12, 14, 12, 0, -12},  // 'ɕ'
    {17726, 15, 22, 14, 0, -17},  // 'ɖ'
    {17768, 16, 17, 15, 0, -17},  // 'ɗ'
    {17802, 14, 12, 14, 0, -12},  // 'ɘ'
    {17823, 14, 12, 14, 0, -12},  // 'ə'
    {17844, 18, 12, 18, 0, -12},  // 'ɚ'
    {17871, 12, 12, 12, 0, -12},  // 'ɛ'
    {17889, 12, 12, 12, 0, -12},  // 'ɜ'
    {17907, 17, 12, 17, 0, -12},  // 'ɝ'
    {17933, 15, 12, 15, 0, -12},  // 'ɞ'
    {17956, 7, 17, 6, -1, -12},  // 'ɟ'
    {17971, 16, 22, 15, 0, -17},  // 'ɠ'
    {18015, 14, 17, 14, 0, -12},  // 'ɡ'
    {18045, 14, 12, 14, 0, -12},  // 'ɢ'
    {18066, 13, 17, 13, 0, -12},  // 'ɣ'
    {18094, 13, 12, 13, 0, -12},  // 'ɤ'
    {18114, 14, 17, 14, 0, -12},  // 'ɥ'
    {18144, 14, 17, 14, 0, -17},  // 'ɦ'
    {18174, 14, 22, 14, 0, -17},  // 'ɧ'
    {18213, 6, 17, 6, 0, -17},  // 'ɨ'
    {18226, 7, 12, 7, 0, -12},  // 'ɩ'
    {18237, 8, 12, 8, 0, -12},  // 'ɪ'
    {18249, 9, 17, 9, 0, -17},  // 'ɫ'
    {18269, 11, 17, 11, 0, -17},  // 'ɬ'
    {18293, 7, 22, 6, 0, -17},  // 'ɭ'
    {18313, 16, 22, 16, 0, -17},  // 'ɮ'
    {18357, 21, 12, 21, 0, -12},  // 'ɯ'
    {18389, 21, 17, 21, 0, -12},  // 'ɰ'
    {18434, 21, 17, 21, 0, -12},  // 'ɱ'
    {18479, 15, 17, 14, -1, -12},  // 'ɲ'
    {18511, 15, 17, 14, 0, -12},  // 'ɳ'
    {18543, 14, 12, 14, 0, -12},  // 'ɴ'
    {18564, 13, 12, 13, 0, -12},  // 'ɵ'
    {18584, 19, 12, 19, 0, -12},  // 'ɶ'
    {18613, 16, 12, 16, 0, -12},  // 'ɷ'
    {18637, 15, 22, 15, 0, -17},  // 'ɸ'
    {18679, 9, 12, 9, 0, -12},  // 'ɹ'
    {18693, 9, 17, 9, 0, -17},  // 'ɺ'
    {18713, 10, 17, 9, 0, -12},  // 'ɻ'
    {18735, 10, 17, 9, 0, -12},  // 'ɼ'
    {18757, 10, 18, 9, 0, -13},  // 'ɽ'
    {18780, 12, 12, 12, 0, -12},  // 'ɾ'
    {18798, 12, 12, 12, 0, -12},  // 'ɿ'
    {18816, 13, 12, 13, 0, -12},  // 'ʀ'
    {18836, 13, 12, 13, 0, -12},  // 'ʁ'
    {18856, 11, 17, 11, 0, -12},  // 'ʂ'
    {18880, 9, 22, 7, -1, -17},  // 'ʃ'
    {18905, 9, 22, 7, -1, -17},  // 'ʄ'
    {18930, 10, 17, 10, 0, -12},  // 'ʅ'
    {18952, 11, 22, 7, -3, -17},  // 'ʆ'
    {18983, 9, 15, 9, 0, -12},  // 'ʇ'
    {19000, 9, 20, 9, 0, -15},  // 'ʈ'
    {19023, 14, 12, 14, 0, -12},  // 'ʉ'
    {19044, 14, 12, 14, 0, -12},  // 'ʊ'
    {19065, 13, 12, 13, 0, -12},  // 'ʋ'
    {19085, 13, 13, 13, 0, -12},  // 'ʌ'
    {19107, 18, 12, 18, 0, -12},  // 'ʍ'
    {19134, 13, 17, 13, 0, -17},  // 'ʎ'
    {19162, 13, 12, 13, 0, -12},  // 'ʏ'
    {19182, 14, 17, 12, 0, -12},  // 'ʐ'
    {19212, 12, 13, 12, 0, -12},  // 'ʑ'
    {19232, 13, 17, 13, 0, -12},  // 'ʒ'
    {19260, 13, 18, 13, 0, -13},  // 'ʓ'
    {19290, 11, 17, 11, 0, -17},  // 'ʔ'
    {19314, 11, 17, 11, 0, -17},  // 'ʕ'
    {19338, 11, 17, 11, 0, -17},  // 'ʖ'
    {19362, 11, 22, 11, 0, -17},  // 'ʗ'
    {19393, 17, 18, 17, 0, -17},  // 'ʘ'
    {19432, 13, 12, 13, 0, -12},  // 'ʙ'
    {19452, 15, 12, 15, 0, -12},  // 'ʚ'
    {19475, 16, 17, 16, 0, -17},  // 'ʛ'
    {19509, 14, 12, 14, 0, -12},  // 'ʜ'
    {19530, 9, 22, 6, -3, -17},  // 'ʝ'
    {19555, 15, 18, 15, 0, -13},  // 'ʞ'
    {19589, 11, 12, 11, 0, -12},  // 'ʟ'
    {19606, 17, 22, 16, 0, -17},  // 'ʠ'
    {19653, 11, 17, 11, 0, -17},  // 'ʡ'
    {19677, 11, 17, 11, 0, -17},  // 'ʢ'
    {19701, 22, 18, 22, 0, -17},  // 'ʣ'
    {19751, 23, 22, 23, 0, -17},  // 'ʤ'
    {19815, 22, 19, 22, 0, -17},  // 'ʥ'
    {19868, 18, 16, 18, 0, -16},  // 'ʦ'
    {19904, 14, 22, 13, 0, -17},  // 'ʧ'
    {19943, 17, 18, 17, 0, -16},  // 'ʨ'
    {19982, 19, 22, 19, 0, -17},  // 'ʩ'
    {20035, 16, 17, 16, 0, -17},  // 'ʪ'
    {20069, 14, 17, 14, 0, -17},  // 'ʫ'
    {20099, 11, 16, 11, 0, -15},  // 'ʬ'
    {20121, 11, 14, 11, 0, -14},  // 'ʭ'
    {20141, 15, 22, 15, 0, -17},  // 'ʮ'
    {20183, 16, 22, 15, 0, -17},  // 'ʯ'
    {20227, 9, 16, 9, 0, -16},  // 'ʰ'
    {20245, 9, 16, 9, 0, -16},  // 'ʱ'
    {20263, 5, 16, 4, -1, -16},  // 'ʲ'
    {20273, 6, 15, 6, 0, -15},  // 'ʳ'
    {20285, 7, 14, 6, 0, -14},  // 'ʴ'
    {20298, 7, 14, 7, 0, -14},  // 'ʵ'
    {20311, 8, 14, 8, 0, -14},  // 'ʶ'
    {20325, 11, 14, 11, 0, -14},  // 'ʷ'
    {20345, 8, 14, 8, 0, -14},  // 'ʸ'
    {20359, 6, 17, 6, 0, -17},  // 'ʹ'
    {20372, 10, 17, 10, 0, -17},  // 'ʺ'
    {20394, 7, 16, 7, 0, -16},  // 'ʻ'
    {20408, 7, 16, 7, 0, -16},  // 'ʼ'
    {20422, 7, 19, 7, 0, -19},  // 'ʽ'
    {20439, 7, 17, 7, 0, -17},  // 'ʾ'
    {20454, 7, 17, 7, 0, -17},  // 'ʿ'
    {20469, 8, 16, 8, 0, -16},  // 'ˀ'
    {20485, 8, 16, 8, 0, -16},  // 'ˁ'
    {20501, 11, 19, 11, 0, -19},  // '˂'
    {20528, 11, 19, 11, 0, -19},  // '˃'
    {20555, 11, 18, 11, 0, -18},  // '˄'
    {20580, 11, 18, 11, 0, -18},  // '˅'
    {20605, 11, 18, 11, 0, -18},  // 'ˆ'
    {20630, 11, 18, 11, 0, -18},  // 'ˇ'
    {20655, 6, 17, 6, 0, -17},  // 'ˈ'
    {20668, 11, 16, 11, 0, -16},  // 'ˉ'
    {20690, 11, 18, 11, 0, -18},  // 'ˊ'
    {20715, 11, 18, 11, 0, -18},  // 'ˋ'
    {20740, 6, 6, 6, 0, -3},  // 'ˌ'
    {20745, 11, 4, 11, 0, 0},  // 'ˍ'
    {20751, 11, 6, 11, 0, 0},  // 'ˎ'
    {20760, 11, 6, 11, 0, 0},  // 'ˏ'
    {20769, 7, 11, 7, 0, -11},  // 'ː'
    {20779, 7, 11, 7, 0, -11},  // 'ˑ'
    {20789, 7, 12, 7, 0, -12},  // '˒'
    {20800, 7, 12, 7, 0, -12},  // '˓'
    {20811, 11, 10, 11, 0, -10},  // '˔'
    {20825, 11, 10, 11, 0, -10},  // '˕'
    {20839, 9, 10, 9, 0, -10},  // '˖'
    {20851, 7, 7, 7, 0, -7},  // '˗'
    {20858, 11, 18, 11, 0, -18},  // '˘'
    {20883, 11, 17, 11, 0, -17},  // '˙'
    {20907, 11, 19, 11, 0, -19},  // '˚'
    {20934, 11, 4, 11, 0, 0},  // '˛'
    {20940, 11, 17, 11, 0, -17},  // '˜'
    {20964, 11, 18, 11, 0, -18},  // '˝'
    {20989, 9, 12, 7, -1, -12},  // '˞'
    {21003, 11, 18, 11, 0, -18},  // '˟'
    {21028, 9, 14, 9, 0, -14},  // 'ˠ'
    {21044, 4, 16, 4, 0, -16},  // 'ˡ'
    {21052, 8, 15, 8, 0, -15},  // 'ˢ'
    {21067, 10, 14, 10, 0, -14},  // 'ˣ'
    {21085, 8, 16, 8, 0, -16},  // 'ˤ'
    {21101, 11, 15, 11, 0, -15},  // '˥'
    {21122, 11, 15, 11, 0, -15},  // '˦'
    {21143, 11, 15, 11, 0, -15},  // '˧'
    {21164, 11, 15, 11, 0, -15},  // '˨'
    {21185, 11, 15, 11, 0, -15},  // '˩'
    {21206, 13, 19, 13, 0, -16},  // '˪'
    {21237, 13, 19, 13, 0, -16},  // '˫'
    {21268, 11, 5, 11, 0, 0},  // 'ˬ'
    {21275, 11, 17, 11, 0, -17},  // '˭'
    {21299, 11, 16, 11, 0, -16},  // 'ˮ'
    {21321, 13, 19, 13, 0, -16},  // '˯'
    {21352, 13, 19, 13, 0, -16},  // '˰'
    {21383, 13, 19, 13, 0, -16},  // '˱'
    {21414, 13, 19, 13, 0, -16},  // '˲'
    {21445, 11, 6, 11, 0, 0},  // '˳'
    {21454, 13, 19, 13, 0, -16},  // '˴'
    {21485, 13, 19, 13, 0, -16},  // '˵'
    {21516, 13, 19, 13, 0, -16},  // '˶'
    {21547, 11, 4, 11, 0, 0},  // '˷'
    {21553, 13, 19, 13, 0, -16},  // '˸'
    {21584, 13, 19, 13, 0, -16},  // '˹'
    {21615, 13, 19, 13, 0, -16},  // '˺'
    {21646, 13, 19, 13, 0, -16},  // '˻'
    {21677, 13, 19, 13, 0, -16},  // '˼'
    {21708, 13, 19, 13, 0, -16},  // '˽'
    {21739, 13, 19, 13, 0, -16},  // '˾'
    {21770, 13, 19, 13, 0, -16},  // '˿'
    {21801, 19, 21, 19, 0, -18},  // '̀'
    {21851, 19, 21, 19, 0, -18},  // '́'
    {21901, 19, 21, 19, 0, -18},  // '̂'
    {21951, 19, 20, 19, 0, -17},  // '̃'
    {21999, 19, 19, 19, 0, -16},  // '̄'
    {22045, 20, 20, 19, 0, -17},  // '̅'
    {22095, 19, 21, 19, 0, -18},  // '̆'
    {22145, 19, 20, 19, 0, -17},  // '̇'
    {22193, 19, 20, 19, 0, -17},  // '̈'
    {22241, 19, 21, 19, 0, -18},  // '̉'
    {22291, 19, 22, 19, 0, -19},  // '̊'
    {22344, 19, 21, 19, 0, -18},  // '̋'
    {22394, 19, 21, 19, 0, -18},  // '̌'
    {22444, 19, 22, 19, 0, -19},  // '̍'
    {22497, 19, 22, 19, 0, -19},  // '̎'
    {22550, 19, 21, 19, 0, -18},  // '̏'
    {22600, 19, 23, 19, 0, -20},  // '̐'
    {22655, 19, 21, 19, 0, -18},  // '̑'
    {22705, 19, 18, 19, 0, -15},  // '̒'
    {22748, 19, 22, 19, 0, -19},  // '̓'
    {22801, 19, 22, 19, 0, -19},  // '̔'
    {22854, 21, 20, 19, 0, -17},  // '̕'
    {22907, 19, 20, 19, 0, -15},  // '̖'
    {22955, 19, 20, 19, 0, -15},  // '̗'
    {23003, 19, 21, 19, 0, -15},  // '̘'
    {23053, 19, 21, 19, 0, -15},  // '̙'
    {23103, 20, 24, 19, 0, -21},  // '̚'
    {23163, 21, 18, 19, 0, -15},  // '̛'
    {23211, 19, 20, 19, 0, -15},  // '̜'
    {23259, 19, 21, 19, 0, -15},  // '̝'
    {23309, 19, 21, 19, 0, -15},  // '̞'
    {23359, 19, 21, 19, 0, -15},  // '̟'
    {23409, 19, 20, 19, 0, -15},  // '̠'
    {23457, 19, 20, 19, 0, -15},  // '̡'
    {23505, 19, 20, 19, 0, -15},  // '̢'
    {23553, 19, 20, 19, 0, -15},  // '̣'
    {23601, 19, 19, 19, 0, -15},  // '̤'
    {23647, 19, 20, 19, 0, -15},  // '̥'
    {23695, 19, 20, 19, 0, -15},  // '̦'
    {23743, 19, 19, 19, 0, -15},  // '̧'
    {23789, 19, 19, 19, 0, -15},  // '̨'
    {23835, 19, 20, 19, 0, -15},  // '̩'
    {23883, 19, 20, 19, 0, -15},  // '̪'
    {23931, 19, 20, 19, 0, -15},  // '̫'
    {23979, 19, 20, 19, 0, -15},  // '̬'
    {24027, 19, 20, 19, 0, -15},  // '̭'
    {24075, 19, 20, 19, 0, -15},  // '̮'
    {24123, 19, 20, 19, 0, -15},  // '̯'
    {24171, 19, 20, 19, 0, -15},  // '̰'
    {24219, 19, 19, 19, 0, -15},  // '̱'
    {24265, 20, 20, 19, 0, -15},  // '̲'
    {24315, 20, 20, 19, 0, -15},  // '̳'
    {24365, 19, 18, 19, 0, -15},  // '̴'
    {24408, 19, 18, 19, 0, -15},  // '̵'
    {24451, 19, 18, 19, 0, -15},  // '̶'
    {24494, 19, 18, 19, 0, -15},  // '̷'
    {24537, 19, 20, 19, 0, -17},  // '̸'
    {24585, 19, 20, 19, 0, -15},  // '̹'
    {24633, 19, 20, 19, 0, -15},  // '̺'
    {24681, 19, 21, 19, 0, -15},  // '̻'
    {24731, 19, 20, 19, 0, -15},  // '̼'
    {24779, 19, 22, 19, 0, -19},  // '̽'
    {24832, 19, 22, 19, 0, -19},  // '̾'
    {24885, 20, 20, 19, 0, -17},  // '̿'
    {24935, 19, 21, 19, 0, -18},  // '̀'
    {24985, 19, 21, 19, 0, -18},  // '́'
    {25035, 19, 20, 19, 0, -17},  // '͂'
    {25083, 19, 22, 19, 0, -19},  // '̓'
    {25136, 19, 21, 19, 0, -18},  // '̈́'
    {25186, 19, 20, 19, 0, -15},  // 'ͅ'
    {25234, 19, 21, 19, 0, -18},  // '͆'
    {25284, 19, 20, 19, 0, -15},  // '͇'
    {25332, 19, 21, 19, 0, -15},  // '͈'
    {25382, 19, 21, 19, 0, -15},  // '͉'
    {25432, 19, 21, 19, 0, -18},  // '͊'
    {25482, 19, 22, 19, 0, -19},  // '͋'
    {25535, 19, 21, 19, 0, -18},  // '͌'
    {25585, 19, 21, 19, 0, -15},  // '͍'
    {25635, 19, 21, 19, 0, -15},  // '͎'
    {25685, 19, 18, 19, 0, -15},  // '͏'
    {25728, 32, 19, 32, 0, -16},  // '͐'
    {25804, 19, 23, 19, 0, -20},  // '͑'
    {25859, 19, 23, 19, 0, -20},  // '͒'
    {25914, 19, 21, 19, 0, -15},  // '͓'
    {25964, 32, 19, 32, 0, -16},  // '͔'
    {26040, 32, 19, 32, 0, -16},  // '͕'
    {26116, 32, 19, 32, 0, -16},  // '͖'
    {26192, 19, 23, 19, 0, -20},  // '͗'
    {26247, 19, 20, 19, 0, -17},  // '͘'
    {26295, 32, 19, 32, 0, -16},  // '͙'
    {26371, 19, 21, 19, 0, -15},  // '͚'
    {26421, 32, 19, 32, 0, -16},  // '͛'
    {26497, 29, 21, 19, 0, -15},  // '͜'
    {26574, 29, 24, 19, 0, -21},  // '͝'
    {26661, 29, 24, 19, 0, -21},  // '͞'
    {26748, 29, 19, 19, 0, -15},  // '͟'
    {26817, 27, 23, 19, 0, -20},  // '͠'
    {26895, 29, 24, 19, 0, -21},  // '͡'
    {26982, 29, 21, 19, 0, -15},  // '͢'
    {27059, 32, 19, 32, 0, -16},  // 'ͣ'
    {27135, 32, 19, 32, 0, -16},  // 'ͤ'
    {27211, 32, 19, 32, 0, -16},  // 'ͥ'
    {27287, 32, 19, 32, 0, -16},  // 'ͦ'
    {27363, 32, 19, 32, 0, -16},  // 'ͧ'
    {27439, 32, 19, 32, 0, -16},  // 'ͨ'
    {27515, 32, 19, 32, 0, -16},  // 'ͩ'
    {27591, 32, 19, 32, 0, -16},  // 'ͪ'
    {27667, 32, 19, 32, 0, -16},  // 'ͫ'
    {27743, 32, 19, 32, 0, -16},  // 'ͬ'
    {27819, 32, 19, 32, 0, -16},  // 'ͭ'
    {27895, 32, 19, 32, 0, -16},  // 'ͮ'
    {27971, 32, 19, 32, 0, -16},  // 'ͯ'
    {28047, 14, 17, 14, 0, -17},  // 'Ͱ'
    {28077, 13, 13, 12, 0, -13},  // 'ͱ'
    {28099, 19, 17, 19, 0, -17},  // 'Ͳ'
    {28140, 14, 17, 14, 0, -17},  // 'ͳ'
    {28170, 6, 17, 6, 0, -17},  // 'ʹ'
    {28183, 6, 5, 6, 0, -1},  // '͵'
    {28187, 16, 16, 16, 0, -16},  // 'Ͷ'
    {28219, 14, 12, 14, 0, -12},  // 'ͷ'
    {28240, 13, 19, 13, 0, -16},  // '͸'
    {28271, 13, 19, 13, 0, -16},  // '͹'
    {28302, 11, 5, 11, 0, 0},  // 'ͺ'
    {28309, 12, 12, 12, 0, -12},  // 'ͻ'
    {28327, 12, 12, 12, 0, -12},  // 'ͼ'
    {28345, 12, 12, 12, 0, -12},  // 'ͽ'
    {28363, 7, 13, 7, 0, -11},  // ';'
    {28375, 8, 20, 6, -2, -16},  // 'Ϳ'
    {28395, 13, 19, 13, 0, -16},  // '΀'
    {28426, 13, 19, 13, 0, -16},  // '΁'
    {28457, 13, 19, 13, 0, -16},  // '΂'
    {28488, 13, 19, 13, 0, -16},  // '΃'
    {28519, 11, 18, 11, 0, -18},  // '΄'
    {28544, 11, 22, 11, 0, -22},  // '΅'
    {28575, 15, 18, 15, 0, -18},  // 'Ά'
    {28609, 7, 9, 7, 0, -9},  // '·'
    {28617, 17, 18, 16, -1, -18},  // 'Έ'
    {28656, 20, 18, 19, -1, -18},  // 'Ή'
    {28701, 10, 18, 9, -1, -18},  // 'Ί'
    {28724, 13, 19, 13, 0, -16},  // '΋'
    {28755, 19, 18, 18, -1, -18},  // 'Ό'
    {28798, 13, 19, 13, 0, -16},  // '΍'
    {28829, 20, 18, 18, -1, -18},  // 'Ύ'
    {28874, 19, 18, 18, -1, -18},  // 'Ώ'
    {28917, 7, 22, 7, 0, -22},  // 'ΐ'
    {28937, 15, 16, 15, 0, -16},  // 'Α'
    {28967, 15, 16, 15, 0, -16},  // 'Β'
    {28997, 13, 16, 12, 0, -16},  // 'Γ'
    {29023, 15, 16, 15, 0, -16},  // 'Δ'
    {29053, 14, 16, 14, 0, -16},  // 'Ε'
    {29081, 15, 16, 15, 0, -16},  // 'Ζ'
    {29111, 17, 16, 17, 0, -16},  // 'Η'
    {29145, 17, 16, 17, 0, -16},  // 'Θ'
    {29179, 6, 16, 6, 0, -16},  // 'Ι'
    {29191, 15, 16, 14, 0, -16},  // 'Κ'
    {29221, 15, 16, 15, 0, -16},  // 'Λ'
    {29251, 19, 16, 19, 0, -16},  // 'Μ'
    {29289, 16, 16, 16, 0, -16},  // 'Ν'
    {29321, 14, 16, 14, 0, -16},  // 'Ξ'
    {29349, 17, 16, 17, 0, -16},  // 'Ο'
    {29383, 17, 16, 17, 0, -16},  // 'Π'
    {29417, 13, 16, 13, 0, -16},  // 'Ρ'
    {29443, 13, 19, 13, 0, -16},  // '΢'
    {29474, 14, 16, 14, 0, -16},  // 'Σ'
    {29502, 15, 16, 13, -1, -16},  // 'Τ'
    {29532, 15, 16, 13, -1, -16},  // 'Υ'
    {29562, 17, 16, 17, 0, -16},  // 'Φ'
    {29596, 15, 16, 15, 0, -16},  // 'Χ'
    {29626, 17, 16, 17, 0, -16},  // 'Ψ'
    {29660, 17, 16, 17, 0, -16},  // 'Ω'
    {29694, 7, 20, 6, 0, -20},  // 'Ϊ'
    {29712, 15, 20, 13, -1, -20},  // 'Ϋ'
    {29750, 15, 18, 14, 0, -18},  // 'ά'
    {29784, 12, 18, 12, 0, -18},  // 'έ'
    {29811, 14, 23, 14, 0, -18},  // 'ή'
    {29852, 8, 18, 7, 0, -18},  // 'ί'
    {29870, 13, 23, 13, 0, -22},  // 'ΰ'
    {29908, 15, 12, 14, 0, -12},  // 'α'
    {29931, 14, 22, 14, 0, -17},  // 'β'
    {29970, 13, 17, 13, 0, -12},  // 'γ'
    {29998, 13, 17, 13, 0, -17},  // 'δ'
    {30026, 12, 12, 12, 0, -12},  // 'ε'
    {30044, 12, 22, 12, 0, -17},  // 'ζ'
    {30077, 14, 17, 14, 0, -12},  // 'η'
    {30107, 13, 17, 13, 0, -17},  // 'θ'
    {30135, 7, 12, 7, 0, -12},  // 'ι'
    {30146, 13, 12, 13, 0, -12},  // 'κ'
    {30166, 13, 17, 13, 0, -17},  // 'λ'
    {30194, 14, 17, 14, 0, -12},  // 'μ'
    {30224, 12, 12, 12, 0, -12},  // 'ν'
    {30242, 12, 22, 12, 0, -17},  // 'ξ'
    {30275, 13, 12, 13, 0, -12},  // 'ο'
    {30295, 13, 12, 13, 0, -12},  // 'π'
    {30315, 14, 17, 14, 0, -12},  // 'ρ'
    {30345, 13, 17, 13, 0, -12},  // 'ς'
    {30373, 14, 12, 14, 0, -12},  // 'σ'
    {30394, 13, 12, 13, 0, -12},  // 'τ'
    {30414, 13, 13, 13, 0, -12},  // 'υ'
    {30436, 15, 17, 15, 0, -12},  // 'φ'
    {30468, 13, 17, 13, 0, -12},  // 'χ'
    {30496, 15, 17, 15, 0, -12},  // 'ψ'
    {30528, 18, 12, 18, 0, -12},  // 'ω'
    {30555, 7, 17, 7, 0, -17},  // 'ϊ'
    {30570, 13, 18, 13, 0, -17},  // 'ϋ'
    {30600, 13, 18, 13, 0, -18},  // 'ό'
    {30630, 13, 19, 13, 0, -18},  // 'ύ'
    {30661, 18, 18, 18, 0, -18},  // 'ώ'
    {30702, 15, 22, 14, 0, -17},  // 'Ϗ'
    {30744, 14, 17, 14, 0, -17},  // 'ϐ'
    {30774, 14, 17, 14, 0, -17},  // 'ϑ'
    {30804, 15, 16, 15, 0, -16},  // 'ϒ'
    {30834, 20, 18, 19, -1, -18},  // 'ϓ'
    {30879, 15, 20, 15, 0, -20},  // 'ϔ'
    {30917, 15, 22, 15, 0, -17},  // 'ϕ'
    {30959, 18, 13, 18, 0, -12},  // 'ϖ'
    {30989, 15, 18, 15, 0, -13},  // 'ϗ'
    {31023, 17, 21, 17, 0, -16},  // 'Ϙ'
    {31068, 13, 17, 13, 0, -12},  // 'ϙ'
    {31096, 14, 21, 14, 0, -16},  // 'Ϛ'
    {31133, 13, 17, 13, 0, -12},  // 'ϛ'
    {31161, 13, 16, 13, 0, -16},  // 'Ϝ'
    {31187, 13, 22, 10, -3, -17},  // 'ϝ'
    {31223, 15, 18, 15, 0, -17},  // 'Ϟ'
    {31257, 15, 17, 15, 0, -17},  // 'ϟ'
    {31289, 19, 22, 19, 0, -17},  // 'Ϡ'
    {31342, 14, 17, 14, 0, -13},  // 'ϡ'
    {31372, 21, 21, 21, 0, -16},  // 'Ϣ'
    {31428, 18, 17, 18, 0, -12},  // 'ϣ'
    {31467, 17, 21, 17, 0, -16},  // 'Ϥ'
    {31512, 15, 17, 14, 0, -12},  // 'ϥ'
    {31544, 17, 21, 17, 0, -16},  // 'Ϧ'
    {31589, 14, 14, 14, 0, -13},  // 'ϧ'
    {31614, 15, 22, 15, 0, -17},  // 'Ϩ'
    {31656, 13, 18, 13, 0, -13},  // 'ϩ'
    {31686, 17, 17, 17, 0, -17},  // 'Ϫ'
    {31723, 14, 13, 14, 0, -13},  // 'ϫ'
    {31746, 15, 18, 15, 0, -17},  // 'Ϭ'
    {31780, 13, 18, 13, 0, -17},  // 'ϭ'
    {31810, 13, 21, 13, 0, -16},  // 'Ϯ'
    {31845, 12, 21, 12, 0, -16},  // 'ϯ'
    {31877, 15, 14, 15, 0, -13},  // 'ϰ'
    {31904, 14, 17, 14, 0, -12},  // 'ϱ'
    {31934, 12, 12, 12, 0, -12},  // 'ϲ'
    {31952, 7, 22, 6, -1, -17},  // 'ϳ'
    {31972, 17, 16, 17, 0, -16},  // 'ϴ'
    {32006, 14, 14, 14, 0, -13},  // 'ϵ'
    {32031, 14, 14, 14, 0, -13},  // '϶'
    {32056, 13, 16, 13, 0, -16},  // 'Ϸ'
    {32082, 14, 22, 14, 0, -17},  // 'ϸ'
    {32121, 15, 16, 15, 0, -16},  // 'Ϲ'
    {32151, 19, 16, 19, 0, -16},  // 'Ϻ'
    {32189, 14, 17, 14, 0, -12},  // 'ϻ'
    {32219, 14, 18, 14, 0, -13},  // 'ϼ'
    {32251, 15, 16, 15, 0, -16},  // 'Ͻ'
    {32281, 15, 16, 15, 0, -16},  // 'Ͼ'
    {32311, 15, 16, 15, 0, -16},  // 'Ͽ'
    {32341, 14, 21, 14, 0, -21},  // 'Ѐ'
    {32378, 14, 20, 14, 0, -20},  // 'Ё'
    {32413, 18, 20, 17, -1, -16},  // 'Ђ'
    {32458, 13, 21, 13, 0, -21},  // 'Ѓ'
    {32493, 15, 16, 15, 0, -16},  // 'Є'
    {32523, 14, 16, 14, 0, -16},  // 'Ѕ'
    {32551, 6, 16, 6, 0, -16},  // 'І'
    {32563, 7, 20, 6, 0, -20},  // 'Ї'
    {32581, 8, 20, 6, -2, -16},  // 'Ј'
    {32601, 24, 16, 24, 0, -16},  // 'Љ'
    {32649, 23, 16, 23, 0, -16},  // 'Њ'
    {32695, 18, 16, 17, -1, -16},  // 'Ћ'
    {32731, 16, 21, 16, 0, -21},  // 'Ќ'
    {32773, 16, 21, 16, 0, -21},  // 'Ѝ'
    {32815, 14, 20, 13, 0, -20},  // 'Ў'
    {32850, 17, 19, 17, 0, -16},  // 'Џ'
    {32891, 15, 16, 15, 0, -16},  // 'А'
    {32921, 15, 16, 15, 0, -16},  // 'Б'
    {32951, 15, 16, 15, 0, -16},  // 'В'
    {32981, 13, 16, 13, 0, -16},  // 'Г'
    {33007, 17, 19, 17, 0, -16},  // 'Д'
    {33048, 14, 16, 14, 0, -16},  // 'Е'
    {33076, 24, 16, 24, 0, -16},  // 'Ж'
    {33124, 14, 16, 14, 0, -16},  // 'З'
    {33152, 16, 16, 16, 0, -16},  // 'И'
    {33184, 16, 20, 16, 0, -20},  // 'Й'
    {33224, 16, 16, 16, 0, -16},  // 'К'
    {33256, 17, 16, 17, 0, -16},  // 'Л'
    {33290, 19, 16, 19, 0, -16},  // 'М'
    {33328, 17, 16, 17, 0, -16},  // 'Н'
    {33362, 17, 16, 17, 0, -16},  // 'О'
    {33396, 17, 16, 17, 0, -16},  // 'П'
    {33430, 13, 16, 13, 0, -16},  // 'Р'
    {33456, 15, 16, 15, 0, -16},  // 'С'
    {33486, 15, 16, 13, -1, -16},  // 'Т'
    {33516, 14, 16, 13, 0, -16},  // 'У'
    {33544, 19, 16, 19, 0, -16},  // 'Ф'
    {33582, 15, 16, 15, 0, -16},  // 'Х'
    {33612, 17, 19, 17, 0, -16},  // 'Ц'
    {33653, 15, 16, 15, 0, -16},  // 'Ч'
    {33683, 24, 16, 24, 0, -16},  // 'Ш'
    {33731, 24, 19, 24, 0, -16},  // 'Щ'
    {33788, 18, 16, 18, 0, -16},  // 'Ъ'
    {33824, 19, 16, 19, 0, -16},  // 'Ы'
    {33862, 15, 16, 15, 0, -16},  // 'Ь'
    {33892, 15, 16, 15, 0, -16},  // 'Э'
    {33922, 24, 16, 24, 0, -16},  // 'Ю'
    {33970, 15, 16, 15, 0, -16},  // 'Я'
    {34000, 13, 12, 13, 0, -12},  // 'а'
    {34020, 14, 18, 14, 0, -18},  // 'б'
    {34052, 13, 12, 13, 0, -12},  // 'в'
    {34072, 12, 12, 12, 0, -12},  // 'г'
    {34090, 15, 15, 15, 0, -12},  // 'д'
    {34119, 14, 12, 14, 0, -12},  // 'е'
    {34140, 20, 12, 20, 0, -12},  // 'ж'
    {34170, 12, 12, 12, 0, -12},  // 'з'
    {34188, 14, 12, 14, 0, -12},  // 'и'
    {34209, 14, 17, 14, 0, -17},  // 'й'
    {34239, 13, 12, 13, 0, -12},  // 'к'
    {34259, 14, 12, 14, 0, -12},  // 'л'
    {34280, 17, 12, 17, 0, -12},  // 'м'
    {34306, 14, 12, 14, 0, -12},  // 'н'
    {34327, 13, 12, 13, 0, -12},  // 'о'
    {34347, 14, 12, 14, 0, -12},  // 'п'
    {34368, 14, 17, 14, 0, -12},  // 'р'
    {34398, 12, 12, 12, 0, -12},  // 'с'
    {34416, 13, 12, 13, 0, -12},  // 'т'
    {34436, 13, 17, 13, 0, -12},  // 'у'
    {34464, 19, 22, 19, 0, -17},  // 'ф'
    {34517, 13, 12, 13, 0, -12},  // 'х'
    {34537, 15, 15, 15, 0, -12},  // 'ц'
    {34566, 13, 12, 13, 0, -12},  // 'ч'
    {34586, 20, 12, 20, 0, -12},  // 'ш'
    {34616, 21, 15, 21, 0, -12},  // 'щ'
    {34656, 16, 12, 16, 0, -12},  // 'ъ'
    {34680, 17, 12, 17, 0, -12},  // 'ы'
    {34706, 13, 12, 13, 0, -12},  // 'ь'
    {34726, 12, 12, 12, 0, -12},  // 'э'
    {34744, 19, 12, 19, 0, -12},  // 'ю'
    {34773, 13, 12, 13, 0, -12},  // 'я'
    {34793, 14, 18, 14, 0, -18},  // 'ѐ'
    {34825, 14, 17, 14, 0, -17},  // 'ё'
    {34855, 14, 22, 14, 0, -17},  // 'ђ'
    {34894, 12, 18, 12, 0, -18},  // 'ѓ'
    {34921, 12, 12, 12, 0, -12},  // 'є'
    {34939, 11, 12, 11, 0, -12},  // 'ѕ'
    {34956, 6, 17, 6, 0, -17},  // 'і'
    {34969, 8, 17, 6, -1, -17},  // 'ї'
    {34986, 7, 22, 6, -1, -17},  // 'ј'
    {35006, 20, 12, 20, 0, -12},  // 'љ'
    {35036, 20, 12, 20, 0, -12},  // 'њ'
    {35066, 14, 17, 14, 0, -17},  // 'ћ'
    {35096, 13, 18, 13, 0, -18},  // 'ќ'
    {35126, 14, 18, 14, 0, -18},  // 'ѝ'
    {35158, 13, 22, 13, 0, -17},  // 'ў'
    {35194, 14, 15, 14, 0, -12},  // 'џ'
    {35221, 21, 16, 21, 0, -16},  // 'Ѡ'
    {35263, 18, 12, 18, 0, -12},  // 'ѡ'
    {35290, 17, 16, 17, 0, -16},  // 'Ѣ'
    {35324, 15, 17, 15, 0, -17},  // 'ѣ'
    {35356, 21, 18, 21, 0, -17},  // 'Ѥ'
    {35404, 16, 14, 16, 0, -13},  // 'ѥ'
    {35432, 20, 17, 19, 0, -17},  // 'Ѧ'
    {35475, 17, 13, 17, 0, -13},  // 'ѧ'
    {35503, 26, 17, 26, 0, -17},  // 'Ѩ'
    {35559, 22, 13, 22, 0, -13},  // 'ѩ'
    {35595, 17, 16, 17, 0, -16},  // 'Ѫ'
    {35629, 13, 12, 13, 0, -12},  // 'ѫ'
    {35649, 23, 17, 23, 0, -17},  // 'Ѭ'
    {35698, 18, 13, 18, 0, -13},  // 'ѭ'
    {35728, 14, 26, 14, 0, -21},  // 'Ѯ'
    {35774, 12, 22, 12, 0, -17},  // 'ѯ'
    {35807, 19, 17, 19, 0, -17},  // 'Ѱ'
    {35848, 19, 22, 19, 0, -17},  // 'ѱ'
    {35901, 17, 16, 17, 0, -16},  // 'Ѳ'
    {35935, 13, 12, 13, 0, -12},  // 'ѳ'
    {35955, 17, 17, 17, 0, -17},  // 'Ѵ'
    {35992, 15, 13, 15, 0, -13},  // 'ѵ'
    {36017, 17, 21, 17, 0, -21},  // 'Ѷ'
    {36062, 15, 18, 15, 0, -18},  // 'ѷ'
    {36096, 22, 22, 22, 0, -17},  // 'Ѹ'
    {36157, 20, 18, 20, 0, -13},  // 'ѹ'
    {36202, 21, 18, 21, 0, -17},  // 'Ѻ'
    {36250, 17, 14, 17, 0, -13},  // 'ѻ'
    {36280, 26, 21, 26, 0, -21},  // 'Ѽ'
    {36349, 23, 17, 23, 0, -17},  // 'ѽ'
    {36398, 21, 20, 21, 0, -20},  // 'Ѿ'
    {36451, 18, 16, 18, 0, -16},  // 'ѿ'
    {36487, 15, 21, 15, 0, -16},  // 'Ҁ'
    {36527, 12, 17, 12, 0, -12},  // 'ҁ'
    {36553, 11, 12, 11, 0, -11},  // '҂'
    {36570, 19, 21, 19, 0, -18},  // '҃'
    {36620, 20, 21, 19, 0, -18},  // '҄'
    {36673, 19, 21, 19, 0, -18},  // '҅'
    {36723, 19, 21, 19, 0, -18},  // '҆'
    {36773, 20, 21, 19, 0, -18},  // '҇'
    {36826, 32, 25, 28, -4, -21},  // '҈'
    {36926, 31, 30, 28, -3, -23},  // '҉'
    {37043, 17, 25, 17, 0, -20},  // 'Ҋ'
    {37097, 15, 22, 15, 0, -17},  // 'ҋ'
    {37139, 15, 16, 15, 0, -16},  // 'Ҍ'
    {37169, 13, 15, 13, 0, -15},  // 'ҍ'
    {37194, 14, 17, 13, 0, -17},  // 'Ҏ'
    {37224, 14, 18, 14, 0, -13},  // 'ҏ'
    {37256, 13, 19, 13, 0, -19},  // 'Ґ'
    {37287, 12, 15, 12, 0, -15},  // 'ґ'
    {37310, 15, 16, 15, 0, -16},  // 'Ғ'
    {37340, 13, 12, 13, 0, -12},  // 'ғ'
    {37360, 14, 20, 14, 0, -16},  // 'Ҕ'
    {37395, 12, 17, 12, 0, -12},  // 'ҕ'
    {37421, 24, 21, 24, 0, -17},  // 'Җ'
    {37484, 20, 17, 20, 0, -13},  // 'җ'
    {37527, 14, 20, 14, 0, -16},  // 'Ҙ'
    {37562, 12, 16, 12, 0, -12},  // 'ҙ'
    {37586, 16, 21, 16, 0, -17},  // 'Қ'
    {37628, 13, 17, 13, 0, -13},  // 'қ'
    {37656, 16, 17, 16, 0, -17},  // 'Ҝ'
    {37690, 13, 13, 13, 0, -13},  // 'ҝ'
    {37712, 16, 17, 16, 0, -17},  // 'Ҟ'
    {37746, 13, 17, 13, 0, -17},  // 'ҟ'
    {37774, 19, 16, 19, 0, -16},  // 'Ҡ'
    {37812, 18, 12, 18, 0, -12},  // 'ҡ'
    {37839, 17, 19, 17, 0, -16},  // 'Ң'
    {37880, 15, 15, 15, 0, -12},  // 'ң'
    {37909, 23, 16, 22, 0, -16},  // 'Ҥ'
    {37955, 19, 12, 19, 0, -12},  // 'ҥ'
    {37984, 24, 21, 24, 0, -16},  // 'Ҧ'
    {38047, 20, 17, 20, 0, -12},  // 'ҧ'
    {38090, 20, 18, 19, 0, -17},  // 'Ҩ'
    {38135, 16, 14, 15, 0, -13},  // 'ҩ'
    {38163, 15, 20, 15, 0, -16},  // 'Ҫ'
    {38201, 12, 16, 12, 0, -12},  // 'ҫ'
    {38225, 15, 19, 13, -1, -16},  // 'Ҭ'
    {38261, 13, 15, 13, 0, -12},  // 'ҭ'
    {38286, 15, 16, 13, -1, -16},  // 'Ү'
    {38316, 13, 17, 13, 0, -12},  // 'ү'
    {38344, 15, 17, 13, -1, -17},  // 'Ұ'
    {38376, 13, 18, 13, 0, -13},  // 'ұ'
    {38406, 15, 21, 15, 0, -17},  // 'Ҳ'
    {38446, 13, 17, 13, 0, -13},  // 'ҳ'
    {38474, 22, 19, 21, -1, -16},  // 'Ҵ'
    {38527, 18, 15, 18, 0, -12},  // 'ҵ'
    {38561, 16, 19, 15, 0, -16},  // 'Ҷ'
    {38599, 13, 15, 13, 0, -12},  // 'ҷ'
    {38624, 15, 17, 15, 0, -17},  // 'Ҹ'
    {38656, 13, 13, 13, 0, -13},  // 'ҹ'
    {38678, 15, 16, 15, 0, -16},  // 'Һ'
    {38708, 14, 17, 14, 0, -17},  // 'һ'
    {38738, 21, 16, 21, 0, -16},  // 'Ҽ'
    {38780, 16, 12, 16, 0, -12},  // 'ҽ'
    {38804, 21, 22, 21, 0, -17},  // 'Ҿ'
    {38862, 16, 17, 16, 0, -13},  // 'ҿ'
    {38896, 6, 16, 6, 0, -16},  // 'Ӏ'
    {38908, 24, 20, 24, 0, -20},  // 'Ӂ'
    {38968, 20, 18, 20, 0, -18},  // 'ӂ'
    {39013, 15, 22, 14, 0, -17},  // 'Ӄ'
    {39055, 13, 18, 13, 0, -13},  // 'ӄ'
    {39085, 17, 22, 17, 0, -17},  // 'Ӆ'
    {39132, 15, 18, 15, 0, -13},  // 'ӆ'
    {39166, 17, 21, 17, 0, -16},  // 'Ӈ'
    {39211, 15, 17, 15, 0, -12},  // 'ӈ'
    {39243, 17, 22, 17, 0, -17},  // 'Ӊ'
    {39290, 15, 18, 15, 0, -13},  // 'ӊ'
    {39324, 15, 19, 15, 0, -16},  // 'Ӌ'
    {39360, 13, 15, 13, 0, -12},  // 'ӌ'
    {39385, 20, 22, 20, 0, -17},  // 'Ӎ'
    {39440, 17, 18, 17, 0, -13},  // 'ӎ'
    {39479, 6, 17, 6, 0, -17},  // 'ӏ'
    {39492, 15, 22, 15, 0, -22},  // 'Ӑ'
    {39534, 13, 18, 13, 0, -18},  // 'ӑ'
    {39564, 15, 20, 15, 0, -20},  // 'Ӓ'
    {39602, 13, 17, 13, 0, -17},  // 'ӓ'
    {39630, 21, 16, 21, 0, -16},  // 'Ӕ'
    {39672, 22, 12, 22, 0, -12},  // 'ӕ'
    {39705, 14, 20, 14, 0, -20},  // 'Ӗ'
    {39740, 14, 18, 14, 0, -18},  // 'ӗ'
    {39772, 17, 16, 17, 0, -16},  // 'Ә'
    {39806, 14, 12, 14, 0, -12},  // 'ә'
    {39827, 17, 20, 17, 0, -20},  // 'Ӛ'
    {39870, 14, 17, 14, 0, -17},  // 'ӛ'
    {39900, 24, 20, 24, 0, -20},  // 'Ӝ'
    {39960, 20, 17, 20, 0, -17},  // 'ӝ'
    {40003, 14, 20, 14, 0, -20},  // 'Ӟ'
    {40038, 12, 17, 12, 0, -17},  // 'ӟ'
    {40064, 15, 16, 15, 0, -16},  // 'Ӡ'
    {40094, 13, 17, 13, 0, -12},  // 'ӡ'
    {40122, 16, 19, 16, 0, -19},  // 'Ӣ'
    {40160, 14, 16, 14, 0, -16},  // 'ӣ'
    {40188, 16, 20, 16, 0, -20},  // 'Ӥ'
    {40228, 14, 17, 14, 0, -17},  // 'ӥ'
    {40258, 17, 20, 17, 0, -20},  // 'Ӧ'
    {40301, 13, 17, 13, 0, -17},  // 'ӧ'
    {40329, 17, 16, 17, 0, -16},  // 'Ө'
    {40363, 13, 12, 13, 0, -12},  // 'ө'
    {40383, 17, 20, 17, 0, -20},  // 'Ӫ'
    {40426, 13, 17, 13, 0, -17},  // 'ӫ'
    {40454, 15, 20, 15, 0, -20},  // 'Ӭ'
    {40492, 12, 17, 12, 0, -17},  // 'ӭ'
    {40518, 14, 19, 13, 0, -19},  // 'Ӯ'
    {40552, 13, 21, 13, 0, -16},  // 'ӯ'
    {40587, 14, 20, 13, 0, -20},  // 'Ӱ'
    {40622, 13, 22, 13, 0, -17},  // 'ӱ'
    {40658, 14, 21, 13, 0, -21},  // 'Ӳ'
    {40695, 13, 23, 13, 0, -18},  // 'ӳ'
    {40733, 15, 20, 15, 0, -20},  // 'Ӵ'
    {40771, 13, 17, 13, 0, -17},  // 'ӵ'
    {40799, 13, 19, 13, 0, -16},  // 'Ӷ'
    {40830, 12, 15, 12, 0, -12},  // 'ӷ'
    {40853, 19, 20, 19, 0, -20},  // 'Ӹ'
    {40901, 17, 17, 17, 0, -17},  // 'ӹ'
    {40938, 15, 21, 15, 0, -16},  // 'Ӻ'
    {40978, 13, 17, 13, 0, -12},  // 'ӻ'
    {41006, 15, 22, 15, 0, -17},  // 'Ӽ'
    {41048, 13, 18, 13, 0, -13},  // 'ӽ'
    {41078, 15, 17, 15, 0, -17},  // 'Ӿ'
    {41110, 13, 13, 13, 0, -13},  // 'ӿ'
};

inline constexpr BitmapFont kReaderFont = {
    kReaderBitmap, kReaderGlyphs, 0x0020, 0x04FF, 27, 21, 32, 30, 1};

}  // namespace ui
}  // namespace freeink
