#pragma once

// AUTO-GENERATED by tools/gen_font.py — do not edit by hand.
// Source: /usr/share/fonts/dejavu-sans-fonts/DejaVuSans.ttf at 18px. Covers U+0020..U+04FF.
// Glyph bitmaps are 1bpp, MSB-first, row-major, concatenated; xOffset/yOffset
// are the upper-left corner relative to the pen origin on the baseline.
// Confirm the source font's license permits embedding rasterized bitmaps.

#include <FreeInkUIFont.h>  // struct FontGlyph / BitmapFont

namespace freeink {
namespace ui {

inline constexpr uint8_t kReaderSmallBitmap[] = {
    0x18, 0x30, 0x60, 0xC1, 0x83, 0x06, 0x0C, 0x18, 0x00, 0x00, 0xC1, 0x80, 0x66, 0x66, 0x66, 0x66,
    0x66, 0x00, 0x00, 0x00, 0x00, 0x00, 0x00, 0x00, 0x00, 0x02, 0x20, 0x04, 0x40, 0x19, 0x80, 0x32,
    0x03, 0xFF, 0x87, 0xFF, 0x01, 0x30, 0x06, 0x40, 0x7F, 0xF0, 0xFF, 0xE0, 0x26, 0x00, 0xCC, 0x01,
    0x90, 0x02, 0x20, 0x00, 0x04, 0x00, 0x80, 0x7C, 0x1F, 0xC7, 0x48, 0xC8, 0x1F, 0x01, 0xF8, 0x0F,
    0x80, 0x98, 0x13, 0x22, 0xE7, 0xF8, 0x7E, 0x01, 0x00, 0x20, 0x04, 0x00, 0x3C, 0x08, 0x33, 0x08,
    0x19, 0x8C, 0x0C, 0xC4, 0x06, 0x64, 0x03, 0x32, 0x00, 0xF2, 0x78, 0x02, 0x66, 0x01, 0x33, 0x01,
    0x19, 0x81, 0x8C, 0xC0, 0x86, 0x60, 0x81, 0xE0, 0x07, 0x80, 0x3F, 0x01, 0x84, 0x06, 0x00, 0x1C,
    0x00, 0x78, 0x03, 0x73, 0x18, 0xEC, 0x61, 0xE1, 0x83, 0x07, 0x0E, 0x0F, 0xFC, 0x1F, 0x38, 0x63,
    0x18, 0xC6, 0x00, 0x00, 0x00, 0x00, 0x00, 0x00, 0x0C, 0x10, 0x60, 0xC1, 0x06, 0x0C, 0x18, 0x30,
    0x60, 0xC0, 0x81, 0x83, 0x02, 0x06, 0x60, 0x40, 0xC1, 0x81, 0x03, 0x06, 0x0C, 0x18, 0x30, 0x60,
    0x83, 0x06, 0x08, 0x30, 0x08, 0x24, 0x8A, 0x83, 0x81, 0xC1, 0x51, 0x24, 0x10, 0x00, 0x00, 0x00,
    0x00, 0x00, 0x00, 0x01, 0x80, 0x03, 0x00, 0x06, 0x00, 0x0C, 0x00, 0x18, 0x07, 0xFF, 0x8F, 0xFF,
    0x00, 0xC0, 0x01, 0x80, 0x03, 0x00, 0x06, 0x00, 0x0C, 0x00, 0x30, 0xC2, 0x10, 0x7C, 0xF8, 0x00,
    0x00, 0x00, 0x00, 0x30, 0xC0, 0x0C, 0x18, 0x60, 0xC1, 0x87, 0x0C, 0x18, 0x30, 0xE1, 0x83, 0x06,
    0x18, 0x30, 0x00, 0x1F, 0x07, 0xF0, 0xC6, 0x30, 0x66, 0x0C, 0xC1, 0x98, 0x33, 0x06, 0x60, 0xCC,
    0x18, 0xC6, 0x1F, 0xC1, 0xF0, 0x0E, 0x07, 0xC0, 0xD8, 0x03, 0x00, 0x60, 0x0C, 0x01, 0x80, 0x30,
    0x06, 0x00, 0xC0, 0x18, 0x1F, 0xE3, 0xFC, 0x3E, 0x0F, 0xE1, 0x0E, 0x00, 0xC0, 0x18, 0x07, 0x00,
    0xC0, 0x30, 0x0C, 0x03, 0x00, 0xC0, 0x3F, 0xC7, 0xF8, 0x3F, 0x0F, 0xF1, 0x07, 0x00, 0x60, 0x1C,
    0x3F, 0x07, 0xE0, 0x0E, 0x00, 0xC0, 0x19, 0x07, 0x3F, 0xC3, 0xF0, 0x03, 0x80, 0x70, 0x16, 0x06,
    0xC0, 0x98, 0x23, 0x0C, 0x61, 0x0C, 0x7F, 0xEF, 0xFC, 0x06, 0x00, 0xC0, 0x18, 0x3F, 0x07, 0xE0,
    0xC0, 0x18, 0x03, 0xE0, 0x7E, 0x08, 0xE0, 0x0C, 0x01, 0x80, 0x31, 0x0E, 0x3F, 0x83, 0xE0, 0x0F,
    0x03, 0xF0, 0xE2, 0x38, 0x06, 0x00, 0xDE, 0x1F, 0xE3, 0x8E, 0x60, 0xCC, 0x18, 0xC7, 0x1F, 0xC1,
    0xF0, 0x7F, 0x8F, 0xF0, 0x0C, 0x01, 0x80, 0x30, 0x0E, 0x01, 0x80, 0x30, 0x0E, 0x01, 0x80, 0x30,
    0x0E, 0x01, 0x80, 0x1F, 0x07, 0xF1, 0xC7, 0x30, 0x67, 0x1C, 0x7F, 0x0F, 0xE3, 0x8E, 0x60, 0xCC,
    0x19, 0xC7, 0x1F, 0xC1, 0xF0, 0x1F, 0x07, 0xF1, 0xC6, 0x30, 0x66, 0x0C, 0xE3, 0x8F, 0xF0, 0xF6,
    0x00, 0xC0, 0x38, 0x8E, 0x1F, 0x81, 0xE0, 0x30, 0xC0, 0x00, 0x00, 0x00, 0x0C, 0x30, 0x30, 0xC0,
    0x00, 0x00, 0x00, 0x0C, 0x30, 0x84, 0x00, 0x00, 0x08, 0x00, 0xF0, 0x07, 0xC0, 0x7C, 0x03, 0xE0,
    0x07, 0xC0, 0x03, 0xE0, 0x00, 0xF8, 0x00, 0x78, 0x00, 0x10, 0x3F, 0xF8, 0x7F, 0xF0, 0x00, 0x00,
    0x00, 0x03, 0xFF, 0x87, 0xFF, 0x00, 0x00, 0x00, 0x00, 0x00, 0x00, 0x20, 0x00, 0x78, 0x00, 0x7C,
    0x00, 0x1F, 0x00, 0x0F, 0x80, 0x1F, 0x00, 0xF8, 0x0F, 0x80, 0x3C, 0x00, 0x40, 0x00, 0x3C, 0x1F,
    0xC4, 0x30, 0x0C, 0x03, 0x01, 0x80, 0xC0, 0x60, 0x18, 0x06, 0x00, 0x00, 0x60, 0x18, 0x00, 0x03,
    0xF0, 0x03, 0xFF, 0x01, 0xE0, 0xE0, 0xE0, 0x0C, 0x30, 0x01, 0x9C, 0x6C, 0x66, 0x3F, 0x19, 0x8C,
    0xC6, 0x63, 0x33, 0x18, 0xFF, 0x87, 0x1B, 0x80, 0xC0, 0x00, 0x38, 0x00, 0x07, 0x02, 0x00, 0xFF,
    0x80, 0x0F, 0x80, 0x06, 0x00, 0x30, 0x03, 0xC0, 0x1E, 0x01, 0x98, 0x0C, 0xC0, 0x66, 0x06, 0x18,
    0x3F, 0xC3, 0xFF, 0x18, 0x18, 0xC0, 0xCC, 0x03, 0x00, 0x3F, 0x83, 0xFC, 0x30, 0xC3, 0x0C, 0x30,
    0xC3, 0xF8, 0x3F, 0x83, 0x0C, 0x30, 0x63, 0x06, 0x30, 0xE3, 0xFC, 0x3F, 0x80, 0x07, 0xE0, 0xFF,
    0x8E, 0x04, 0x60, 0x06, 0x00, 0x30, 0x01, 0x80, 0x0C, 0x00, 0x60, 0x01, 0x80, 0x0E, 0x04, 0x3F,
    0xE0, 0x7E, 0x00, 0x3F, 0x80, 0xFF, 0x83, 0x07, 0x0C, 0x0E, 0x30, 0x18, 0xC0, 0x63, 0x01, 0x8C,
    0x06, 0x30, 0x18, 0xC0, 0xE3, 0x07, 0x0F, 0xF8, 0x3F, 0x80, 0x3F, 0xC7, 0xF8, 0xC0, 0x18, 0x03,
    0x00, 0x7F, 0x8F, 0xF1, 0x80, 0x30, 0x06, 0x00, 0xC0, 0x1F, 0xE3, 0xFC, 0x3F, 0xCF, 0xF3, 0x00,
    0xC0, 0x30, 0x0F, 0xE3, 0xF8, 0xC0, 0x30, 0x0C, 0x03, 0x00, 0xC0, 0x30, 0x00, 0x07, 0xE0, 0x7F,
    0xC3, 0x81, 0x0C, 0x00, 0x60, 0x01, 0x87, 0xC6, 0x1F, 0x18, 0x0C, 0x60, 0x30, 0xC0, 0xC3, 0x83,
    0x07, 0xF8, 0x0F, 0xC0, 0x30, 0x30, 0xC0, 0xC3, 0x03, 0x0C, 0x0C, 0x30, 0x30, 0xFF, 0xC3, 0xFF,
    0x0C, 0x0C, 0x30, 0x30, 0xC0, 0xC3, 0x03, 0x0C, 0x0C, 0x30, 0x30, 0x31, 0x8C, 0x63, 0x18, 0xC6,
    0x31, 0x8C, 0x63, 0x00, 0x18, 0x61, 0x86, 0x18, 0x61, 0x86, 0x18, 0x61, 0x86, 0x18, 0x63, 0x9C,
    0x60, 0x30, 0x61, 0x86, 0x0C, 0x60, 0x66, 0x03, 0x60, 0x1E, 0x00, 0xF0, 0x06, 0xC0, 0x33, 0x01,
    0x8C, 0x0C, 0x30, 0x60, 0xC3, 0x03, 0x00, 0x30, 0x0C, 0x03, 0x00, 0xC0, 0x30, 0x0C, 0x03, 0x00,
    0xC0, 0x30, 0x0C, 0x03, 0x00, 0xFF, 0x3F, 0xC0, 0x38, 0x1C, 0x3C, 0x3C, 0x3C, 0x3C, 0x36, 0x2C,
    0x36, 0x6C, 0x36, 0x6C, 0x33, 0xCC, 0x33, 0xCC, 0x31, 0x8C, 0x31, 0x8C, 0x30, 0x0C, 0x30, 0x0C,
    0x30, 0x0C, 0x38, 0x31, 0xC1, 0x8F, 0x0C, 0x78, 0x63, 0x63, 0x1B, 0x18, 0xCC, 0xC6, 0x36, 0x31,
    0xB1, 0x87, 0x8C, 0x3C, 0x60, 0xE3, 0x07, 0x00, 0x0F, 0xC0, 0x7F, 0x83, 0x87, 0x0C, 0x0C, 0x60,
    0x19, 0x80, 0x66, 0x01, 0x98, 0x06, 0x60, 0x18, 0xC0, 0xC3, 0x87, 0x07, 0xF8, 0x0F, 0xC0, 0x3F,
    0x07, 0xF0, 0xC7, 0x18, 0x63, 0x0C, 0x63, 0x8F, 0xE1, 0xF8, 0x30, 0x06, 0x00, 0xC0, 0x18, 0x03,
    0x00, 0x0F, 0xC0, 0x7F, 0x83, 0x87, 0x0C, 0x0C, 0x60, 0x19, 0x80, 0x66, 0x01, 0x98, 0x06, 0x60,
    0x18, 0xC0, 0xC3, 0x87, 0x07, 0xF8, 0x0F, 0xC0, 0x03, 0x00, 0x06, 0x00, 0x3F, 0x01, 0xFC, 0x0C,
    0x70, 0x61, 0x83, 0x0C, 0x18, 0xE0, 0xFE, 0x07, 0xE0, 0x31, 0x81, 0x86, 0x0C, 0x30, 0x60, 0xC3,
    0x07, 0x00, 0x1F, 0x07, 0xF1, 0xC2, 0x30, 0x06, 0x00, 0x7C, 0x07, 0xE0, 0x0E, 0x00, 0xC0, 0x19,
    0x07, 0x3F, 0xC3, 0xF0, 0x7F, 0xFB, 0xFF, 0xC0, 0xC0, 0x06, 0x00, 0x30, 0x01, 0x80, 0x0C, 0x00,
    0x60, 0x03, 0x00, 0x18, 0x00, 0xC0, 0x06, 0x00, 0x30, 0x00, 0x30, 0x31, 0x81, 0x8C, 0x0C, 0x60,
    0x63, 0x03, 0x18, 0x18, 0xC0, 0xC6, 0x06, 0x30, 0x31, 0x81, 0x86, 0x18, 0x3F, 0xC0, 0xFC, 0x00,
    0xC0, 0x33, 0x03, 0x18, 0x18, 0xC0, 0xC3, 0x0C, 0x18, 0x60, 0x66, 0x03, 0x30, 0x19, 0x80, 0x78,
    0x03, 0xC0, 0x0C, 0x00, 0x60, 0x00, 0x60, 0xE0, 0xD8, 0x38, 0x33, 0x1B, 0x18, 0xC6, 0xC6, 0x31,
    0xB1, 0x8C, 0x6C, 0x61, 0xB1, 0xB0, 0x6C, 0x6C, 0x1B, 0x1B, 0x06, 0xC6, 0xC0, 0xE0, 0xE0, 0x38,
    0x38, 0x0E, 0x0E, 0x00, 0x38, 0x71, 0x86, 0x1C, 0xC0, 0xDC, 0x07, 0x80, 0x70, 0x07, 0x00, 0x78,
    0x0D, 0x81, 0xCC, 0x18, 0xE3, 0x06, 0x70, 0x70, 0x70, 0x39, 0x81, 0x86, 0x18, 0x19, 0x80, 0xCC,
    0x03, 0xC0, 0x0C, 0x00, 0x60, 0x03, 0x00, 0x18, 0x00, 0xC0, 0x06, 0x00, 0x30, 0x00, 0x7F, 0xF7,
    0xFF, 0x00, 0xE0, 0x1C, 0x01, 0x80, 0x38, 0x07, 0x00, 0xE0, 0x0C, 0x01, 0x80, 0x38, 0x07, 0xFF,
    0x7F, 0xF0, 0x78, 0xF1, 0x83, 0x06, 0x0C, 0x18, 0x30, 0x60, 0xC1, 0x83, 0x06, 0x0C, 0x1E, 0x3C,
    0xC1, 0x81, 0x83, 0x06, 0x0E, 0x0C, 0x18, 0x30, 0x70, 0x60, 0xC1, 0x81, 0x83, 0x00, 0x3C, 0x78,
    0x30, 0x60, 0xC1, 0x83, 0x06, 0x0C, 0x18, 0x30, 0x60, 0xC1, 0x8F, 0x1E, 0x03, 0x80, 0x0D, 0x80,
    0x31, 0x80, 0xC1, 0x83, 0x01, 0x80, 0x00, 0x00, 0x00, 0x00, 0x00, 0x00, 0x00, 0x00, 0x00, 0x00,
    0x00, 0x00, 0x00, 0x00, 0x00, 0x00, 0x00, 0x01, 0xFF, 0x3F, 0xE0, 0x30, 0x0C, 0x03, 0x00, 0x00,
    0x00, 0x00, 0x00, 0x00, 0x00, 0x00, 0x00, 0x00, 0x00, 0x00, 0x00, 0x1E, 0x07, 0xE0, 0x8E, 0x00,
    0xC1, 0xF8, 0xFF, 0x18, 0x63, 0x1C, 0x7F, 0x87, 0xB0, 0x30, 0x06, 0x00, 0xC0, 0x18, 0x03, 0x78,
    0x7F, 0x8E, 0x39, 0x83, 0x30, 0x66, 0x0C, 0xC1, 0x9C, 0x73, 0xFC, 0x6F, 0x00, 0x0F, 0x0F, 0xE3,
    0x09, 0x80, 0x60, 0x18, 0x06, 0x00, 0xC2, 0x3F, 0x83, 0xC0, 0x00, 0xC0, 0x18, 0x03, 0x00, 0x61,
    0xEC, 0x7F, 0x9C, 0x73, 0x06, 0x60, 0xCC, 0x19, 0x83, 0x38, 0xE3, 0xFC, 0x3D, 0x80, 0x0F, 0x87,
    0xF8, 0xC3, 0xB0, 0x37, 0xFE, 0xFF, 0xD8, 0x01, 0x81, 0x3F, 0xE1, 0xF8, 0x1E, 0x7C, 0xC1, 0x8F,
    0xFF, 0xCC, 0x18, 0x30, 0x60, 0xC1, 0x83, 0x06, 0x00, 0x1E, 0xC7, 0xF9, 0xC7, 0x30, 0x66, 0x0C,
    0xC1, 0x98, 0x33, 0x8E, 0x3F, 0xC3, 0xD8, 0x03, 0x10, 0xC3, 0xF8, 0x3E, 0x00, 0x30, 0x06, 0x00,
    0xC0, 0x18, 0x03, 0x78, 0x7F, 0x0E, 0x71, 0x86, 0x30, 0xC6, 0x18, 0xC3, 0x18, 0x63, 0x0C, 0x61,
    0x80, 0x31, 0x80, 0x03, 0x18, 0xC6, 0x31, 0x8C, 0x63, 0x18, 0x18, 0x60, 0x00, 0x18, 0x61, 0x86,
    0x18, 0x61, 0x86, 0x18, 0x61, 0x86, 0x79, 0xC0, 0x30, 0x06, 0x00, 0xC0, 0x18, 0x03, 0x0C, 0x63,
    0x0C, 0xC1, 0xB0, 0x3C, 0x07, 0x80, 0xD8, 0x19, 0x83, 0x18, 0x61, 0x80, 0x31, 0x8C, 0x63, 0x18,
    0xC6, 0x31, 0x8C, 0x63, 0x18, 0x37, 0x9E, 0x0F, 0xEF, 0x83, 0x8E, 0x30, 0xC3, 0x0C, 0x30, 0xC3,
    0x0C, 0x30, 0xC3, 0x0C, 0x30, 0xC3, 0x0C, 0x30, 0xC3, 0x0C, 0x30, 0xC0, 0x37, 0x87, 0xF0, 0xE7,
    0x18, 0x63, 0x0C, 0x61, 0x8C, 0x31, 0x86, 0x30, 0xC6, 0x18, 0x0F, 0x07, 0xF8, 0xC3, 0x30, 0x36,
    0x06, 0xC0, 0xD8, 0x19, 0x86, 0x3F, 0xC1, 0xE0, 0x37, 0x87, 0xF8, 0xE3, 0x98, 0x33, 0x06, 0x60,
    0xCC, 0x19, 0xC7, 0x3F, 0xC6, 0xF0, 0xC0, 0x18, 0x03, 0x00, 0x60, 0x00, 0x1E, 0xC7, 0xF9, 0xC7,
    0x30, 0x66, 0x0C, 0xC1, 0x98, 0x33, 0x8E, 0x3F, 0xC3, 0xD8, 0x03, 0x00, 0x60, 0x0C, 0x01, 0x80,
    0x37, 0x3F, 0x38, 0x30, 0x30, 0x30, 0x30, 0x30, 0x30, 0x30, 0x3E, 0x3F, 0x98, 0x4E, 0x03, 0xE0,
    0x78, 0x0C, 0x86, 0x7F, 0x1F, 0x00, 0x30, 0x60, 0xC3, 0xF7, 0xE6, 0x0C, 0x18, 0x30, 0x60, 0xC1,
    0xF1, 0xE0, 0x30, 0xC6, 0x18, 0xC3, 0x18, 0x63, 0x0C, 0x61, 0x8C, 0x31, 0xCE, 0x1F, 0xC3, 0xD8,
    0x60, 0x6C, 0x0C, 0xC3, 0x18, 0x61, 0x98, 0x33, 0x06, 0x60, 0x78, 0x0F, 0x00, 0xC0, 0x31, 0xC6,
    0x63, 0x8C, 0xC5, 0x18, 0xDB, 0x61, 0xB6, 0xC3, 0x6D, 0x86, 0x8B, 0x07, 0x1C, 0x0E, 0x38, 0x1C,
    0x70, 0x70, 0xE6, 0x18, 0x66, 0x0C, 0xC0, 0xF0, 0x1E, 0x06, 0x60, 0xCC, 0x30, 0xCE, 0x1C, 0x60,
    0x6C, 0x0C, 0xC3, 0x18, 0x61, 0x98, 0x33, 0x03, 0xC0, 0x78, 0x06, 0x00, 0xC0, 0x18, 0x06, 0x03,
    0xC0, 0x70, 0x00, 0x7F, 0xBF, 0xC0, 0xC0, 0xC0, 0xE0, 0xE0, 0x60, 0x70, 0x7F, 0xBF, 0xC0, 0x03,
    0xC0, 0xF8, 0x18, 0x03, 0x00, 0x60, 0x0C, 0x01, 0x81, 0xE0, 0x3C, 0x01, 0xC0, 0x18, 0x03, 0x00,
    0x60, 0x0C, 0x01, 0x80, 0x3E, 0x03, 0xC0, 0x30, 0xC3, 0x0C, 0x30, 0xC3, 0x0C, 0x30, 0xC3, 0x0C,
    0x30, 0xC3, 0x0C, 0x30, 0xC0, 0x3C, 0x07, 0xC0, 0x18, 0x03, 0x00, 0x60, 0x0C, 0x01, 0x80, 0x1E,
    0x03, 0xC0, 0xE0, 0x18, 0x03, 0x00, 0x60, 0x0C, 0x01, 0x81, 0xF0, 0x3C, 0x00, 0x1F, 0x08, 0x7F,
    0xF0, 0x87, 0xC0, 0x00, 0x00, 0x00, 0x00, 0x00, 0x00, 0x00, 0x00, 0x00, 0x00, 0x00, 0x7F, 0xC8,
    0x09, 0x01, 0x20, 0x24, 0x04, 0x80, 0x90, 0x12, 0x02, 0x40, 0x48, 0x09, 0x01, 0x20, 0x24, 0x04,
    0x80, 0x90, 0x13, 0xFE, 0x7F, 0xC8, 0x09, 0x01, 0x20, 0x24, 0x04, 0x80, 0x90, 0x12, 0x02, 0x40,
    0x48, 0x09, 0x01, 0x20, 0x24, 0x04, 0x80, 0x90, 0x13, 0xFE, 0x7F, 0xC8, 0x09, 0x01, 0x20, 0x24,
    0x04, 0x80, 0x90, 0x12, 0x02, 0x40, 0x48, 0x09, 0x01, 0x20, 0x24, 0x04, 0x80, 0x90, 0x13, 0xFE,
    0x7F, 0xC8, 0x09, 0x01, 0x20, 0x24, 0x04, 0x80, 0x90, 0x12, 0x02, 0x40, 0x48, 0x09, 0x01, 0x20,
    0x24, 0x04, 0x80, 0x90, 0x13, 0xFE, 0x7F, 0xC8, 0x09, 0x01, 0x20, 0x24, 0x04, 0x80, 0x90, 0x12,
    0x02, 0x40, 0x48, 0x09, 0x01, 0x20, 0x24, 0x04, 0x80, 0x90, 0x13, 0xFE, 0x7F, 0xC8, 0x09, 0x01,
    0x20, 0x24, 0x04, 0x80, 0x90, 0x12, 0x02, 0x40, 0x48, 0x09, 0x01, 0x20, 0x24, 0x04, 0x80, 0x90,
    0x13, 0xFE, 0x7F, 0xC8, 0x09, 0x01, 0x20, 0x24, 0x04, 0x80, 0x90, 0x12, 0x02, 0x40, 0x48, 0x09,
    0x01, 0x20, 0x24, 0x04, 0x80, 0x90, 0x13, 0xFE, 0x7F, 0xC8, 0x09, 0x01, 0x20, 0x24, 0x04, 0x80,
    0x90, 0x12, 0x02, 0x40, 0x48, 0x09, 0x01, 0x20, 0x24, 0x04, 0x80, 0x90, 0x13, 0xFE, 0x7F, 0xC8,
    0x09, 0x01, 0x20, 0x24, 0x04, 0x80, 0x90, 0x12, 0x02, 0x40, 0x48, 0x09, 0x01, 0x20, 0x24, 0x04,
    0x80, 0x90, 0x13, 0xFE, 0x7F, 0xC8, 0x09, 0x01, 0x20, 0x24, 0x04, 0x80, 0x90, 0x12, 0x02, 0x40,
    0x48, 0x09, 0x01, 0x20, 0x24, 0x04, 0x80, 0x90, 0x13, 0xFE, 0x7F, 0xC8, 0x09, 0x01, 0x20, 0x24,
    0x04, 0x80, 0x90, 0x12, 0x02, 0x40, 0x48, 0x09, 0x01, 0x20, 0x24, 0x04, 0x80, 0x90, 0x13, 0xFE,
    0x7F, 0xC8, 0x09, 0x01, 0x20, 0x24, 0x04, 0x80, 0x90, 0x12, 0x02, 0x40, 0x48, 0x09, 0x01, 0x20,
    0x24, 0x04, 0x80, 0x90, 0x13, 0xFE, 0x7F, 0xC8, 0x09, 0x01, 0x20, 0x24, 0x04, 0x80, 0x90, 0x12,
    0x02, 0x40, 0x48, 0x09, 0x01, 0x20, 0x24, 0x04, 0x80, 0x90, 0x13, 0xFE, 0x7F, 0xC8, 0x09, 0x01,
    0x20, 0x24, 0x04, 0x80, 0x90, 0x12, 0x02, 0x40, 0x48, 0x09, 0x01, 0x20, 0x24, 0x04, 0x80, 0x90,
    0x13, 0xFE, 0x7F, 0xC8, 0x09, 0x01, 0x20, 0x24, 0x04, 0x80, 0x90, 0x12, 0x02, 0x40, 0x48, 0x09,
    0x01, 0x20, 0x24, 0x04, 0x80, 0x90, 0x13, 0xFE, 0x7F, 0xC8, 0x09, 0x01, 0x20, 0x24, 0x04, 0x80,
    0x90, 0x12, 0x02, 0x40, 0x48, 0x09, 0x01, 0x20, 0x24, 0x04, 0x80, 0x90, 0x13, 0xFE, 0x7F, 0xC8,
    0x09, 0x01, 0x20, 0x24, 0x04, 0x80, 0x90, 0x12, 0x02, 0x40, 0x48, 0x09, 0x01, 0x20, 0x24, 0x04,
    0x80, 0x90, 0x13, 0xFE, 0x7F, 0xC8, 0x09, 0x01, 0x20, 0x24, 0x04, 0x80, 0x90, 0x12, 0x02, 0x40,
    0x48, 0x09, 0x01, 0x20, 0x24, 0x04, 0x80, 0x90, 0x13, 0xFE, 0x7F, 0xC8, 0x09, 0x01, 0x20, 0x24,
    0x04, 0x80, 0x90, 0x12, 0x02, 0x40, 0x48, 0x09, 0x01, 0x20, 0x24, 0x04, 0x80, 0x90, 0x13, 0xFE,
    0x7F, 0xC8, 0x09, 0x01, 0x20, 0x24, 0x04, 0x80, 0x90, 0x12, 0x02, 0x40, 0x48, 0x09, 0x01, 0x20,
    0x24, 0x04, 0x80, 0x90, 0x13, 0xFE, 0x7F, 0xC8, 0x09, 0x01, 0x20, 0x24, 0x04, 0x80, 0x90, 0x12,
    0x02, 0x40, 0x48, 0x09, 0x01, 0x20, 0x24, 0x04, 0x80, 0x90, 0x13, 0xFE, 0x7F, 0xC8, 0x09, 0x01,
    0x20, 0x24, 0x04, 0x80, 0x90, 0x12, 0x02, 0x40, 0x48, 0x09, 0x01, 0x20, 0x24, 0x04, 0x80, 0x90,
    0x13, 0xFE, 0x7F, 0xC8, 0x09, 0x01, 0x20, 0x24, 0x04, 0x80, 0x90, 0x12, 0x02, 0x40, 0x48, 0x09,
    0x01, 0x20, 0x24, 0x04, 0x80, 0x90, 0x13, 0xFE, 0x7F, 0xC8, 0x09, 0x01, 0x20, 0x24, 0x04, 0x80,
    0x90, 0x12, 0x02, 0x40, 0x48, 0x09, 0x01, 0x20, 0x24, 0x04, 0x80, 0x90, 0x13, 0xFE, 0x7F, 0xC8,
    0x09, 0x01, 0x20, 0x24, 0x04, 0x80, 0x90, 0x12, 0x02, 0x40, 0x48, 0x09, 0x01, 0x20, 0x24, 0x04,
    0x80, 0x90, 0x13, 0xFE, 0x7F, 0xC8, 0x09, 0x01, 0x20, 0x24, 0x04, 0x80, 0x90, 0x12, 0x02, 0x40,
    0x48, 0x09, 0x01, 0x20, 0x24, 0x04, 0x80, 0x90, 0x13, 0xFE, 0x7F, 0xC8, 0x09, 0x01, 0x20, 0x24,
    0x04, 0x80, 0x90, 0x12, 0x02, 0x40, 0x48, 0x09, 0x01, 0x20, 0x24, 0x04, 0x80, 0x90, 0x13, 0xFE,
    0x7F, 0xC8, 0x09, 0x01, 0x20, 0x24, 0x04, 0x80, 0x90, 0x12, 0x02, 0x40, 0x48, 0x09, 0x01, 0x20,
    0x24, 0x04, 0x80, 0x90, 0x13, 0xFE, 0x7F, 0xC8, 0x09, 0x01, 0x20, 0x24, 0x04, 0x80, 0x90, 0x12,
    0x02, 0x40, 0x48, 0x09, 0x01, 0x20, 0x24, 0x04, 0x80, 0x90, 0x13, 0xFE, 0x7F, 0xC8, 0x09, 0x01,
    0x20, 0x24, 0x04, 0x80, 0x90, 0x12, 0x02, 0x40, 0x48, 0x09, 0x01, 0x20, 0x24, 0x04, 0x80, 0x90,
    0x13, 0xFE, 0x7F, 0xC8, 0x09, 0x01, 0x20, 0x24, 0x04, 0x80, 0x90, 0x12, 0x02, 0x40, 0x48, 0x09,
    0x01, 0x20, 0x24, 0x04, 0x80, 0x90, 0x13, 0xFE, 0x7F, 0xC8, 0x09, 0x01, 0x20, 0x24, 0x04, 0x80,
    0x90, 0x12, 0x02, 0x40, 0x48, 0x09, 0x01, 0x20, 0x24, 0x04, 0x80, 0x90, 0x13, 0xFE, 0x7F, 0xC8,
    0x09, 0x01, 0x20, 0x24, 0x04, 0x80, 0x90, 0x12, 0x02, 0x40, 0x48, 0x09, 0x01, 0x20, 0x24, 0x04,
    0x80, 0x90, 0x13, 0xFE, 0x18, 0x30, 0x00, 0x01, 0x83, 0x06, 0x0C, 0x18, 0x30, 0x60, 0xC1, 0x80,
    0x01, 0x00, 0x20, 0x04, 0x03, 0xC1, 0xFC, 0x32, 0x8C, 0x41, 0x88, 0x31, 0x06, 0x20, 0x65, 0x0F,
    0xE0, 0x78, 0x02, 0x00, 0x40, 0x08, 0x07, 0x81, 0xF8, 0x71, 0x0C, 0x01, 0x80, 0x30, 0x1F, 0xC3,
    0xF8, 0x18, 0x03, 0x00, 0x60, 0x3F, 0xE7, 0xFC, 0x40, 0x46, 0xB0, 0xFE, 0x08, 0x83, 0x18, 0x22,
    0x0F, 0xE1, 0xAC, 0x40, 0x40, 0x00, 0x00, 0x00, 0x60, 0x66, 0x18, 0xC3, 0x0C, 0xC1, 0x98, 0xFF,
    0xC3, 0xC0, 0x30, 0x7F, 0xE0, 0xC0, 0x18, 0x03, 0x00, 0x60, 0x30, 0xC3, 0x0C, 0x30, 0xC3, 0x00,
    0x00, 0xC3, 0x0C, 0x30, 0xC3, 0x0C, 0x1E, 0x1F, 0x0C, 0x06, 0x01, 0x81, 0xE1, 0x9C, 0xC6, 0x33,
    0x0F, 0x03, 0x00, 0xC0, 0x61, 0xF0, 0xF0, 0x33, 0x19, 0x80, 0x00, 0x00, 0x00, 0x00, 0x00, 0x00,
    0x00, 0x00, 0x00, 0x00, 0x00, 0x00, 0x00, 0x03, 0xE0, 0x03, 0x06, 0x01, 0x80, 0xC0, 0x47, 0x90,
    0x22, 0x02, 0x09, 0x00, 0x82, 0x40, 0x20, 0x90, 0x08, 0x22, 0x22, 0x04, 0x71, 0x01, 0x80, 0xC0,
    0x30, 0x60, 0x03, 0xE0, 0x00, 0x3E, 0x01, 0x3F, 0x61, 0x41, 0x43, 0x3D, 0x00, 0x7F, 0x00, 0x00,
    0x00, 0x00, 0x08, 0x83, 0x30, 0xCC, 0x33, 0x06, 0x60, 0x66, 0x06, 0x60, 0x44, 0x00, 0x00, 0x3F,
    0xF8, 0x7F, 0xF0, 0x00, 0x60, 0x00, 0xC0, 0x01, 0x80, 0x00, 0x00, 0x00, 0x00, 0x00, 0x03, 0xE0,
    0x03, 0x06, 0x01, 0x80, 0xC0, 0x4F, 0x10, 0x22, 0x22, 0x08, 0x88, 0x82, 0x3C, 0x20, 0x89, 0x08,
    0x22, 0x22, 0x04, 0x8D, 0x01, 0x80, 0xC0, 0x30, 0x60, 0x03, 0xE0, 0x00, 0x3E, 0x1F, 0x00, 0x00,
    0x00, 0x00, 0x00, 0x00, 0x00, 0x00, 0x00, 0x00, 0x00, 0x00, 0x00, 0x1E, 0x19, 0x88, 0x44, 0x23,
    0x30, 0xF0, 0x00, 0x00, 0x00, 0x00, 0x00, 0x00, 0x00, 0x00, 0x01, 0x80, 0x03, 0x00, 0x06, 0x01,
    0xFF, 0xE3, 0xFF, 0xC0, 0x30, 0x00, 0x60, 0x00, 0xC0, 0x00, 0x00, 0x7F, 0xF8, 0xFF, 0xF0, 0x38,
    0x88, 0x10, 0x41, 0x04, 0x1F, 0x00, 0x00, 0x00, 0x00, 0x00, 0x00, 0x7C, 0x08, 0xE0, 0x20, 0x40,
    0x9E, 0x00, 0x00, 0x00, 0x00, 0x00, 0x00, 0x06, 0x06, 0x06, 0x00, 0x00, 0x00, 0x00, 0x00, 0x00,
    0x00, 0x00, 0x00, 0x00, 0x00, 0x00, 0x00, 0x30, 0xC3, 0x0C, 0x30, 0xC3, 0x0C, 0x30, 0xC3, 0x0C,
    0x30, 0xC3, 0x9C, 0x3F, 0xE3, 0x66, 0x30, 0x03, 0x00, 0x30, 0x03, 0x00, 0x1F, 0x87, 0x91, 0xF2,
    0x3E, 0x47, 0xC8, 0xF9, 0x0F, 0x20, 0x24, 0x04, 0x80, 0x90, 0x12, 0x02, 0x40, 0x48, 0x09, 0x01,
    0x20, 0x30, 0xC0, 0x00, 0x00, 0x00, 0x00, 0x04, 0x03, 0x07, 0x80, 0x70, 0x20, 0x40, 0x81, 0x02,
    0x1F, 0x00, 0x00, 0x00, 0x00, 0x00, 0x00, 0x1E, 0x23, 0x41, 0x41, 0x41, 0x63, 0x1E, 0x00, 0x7F,
    0x00, 0x00, 0x00, 0x00, 0x22, 0x06, 0x60, 0x66, 0x06, 0x60, 0xCC, 0x33, 0x0C, 0xC1, 0x10, 0x00,
    0x00, 0x70, 0x0C, 0x08, 0x04, 0x04, 0x04, 0x02, 0x06, 0x01, 0x02, 0x00, 0x82, 0x01, 0xF3, 0x0C,
    0x01, 0x0A, 0x01, 0x09, 0x01, 0x88, 0x80, 0x87, 0xE0, 0x80, 0x20, 0xC0, 0x10, 0x70, 0x0C, 0x08,
    0x04, 0x04, 0x04, 0x02, 0x06, 0x01, 0x02, 0x00, 0x82, 0x01, 0xF3, 0x38, 0x01, 0x22, 0x01, 0x01,
    0x01, 0x81, 0x00, 0x81, 0x00, 0x81, 0x00, 0xC1, 0xF0, 0x7C, 0x0C, 0x02, 0x04, 0x0E, 0x04, 0x00,
    0x86, 0x00, 0x42, 0x00, 0x22, 0x01, 0xE3, 0x0C, 0x01, 0x0A, 0x01, 0x09, 0x01, 0x88, 0x80, 0x87,
    0xE0, 0x80, 0x20, 0xC0, 0x10, 0x06, 0x01, 0x80, 0x00, 0x18, 0x06, 0x01, 0x80, 0xE0, 0x30, 0x18,
    0x0C, 0x03, 0x00, 0xE2, 0x1F, 0x83, 0xC0, 0x06, 0x00, 0x18, 0x00, 0x00, 0x0C, 0x00, 0x60, 0x07,
    0x80, 0x3C, 0x03, 0x30, 0x19, 0x80, 0xCC, 0x0C, 0x30, 0x7F, 0x87, 0xFE, 0x30, 0x31, 0x81, 0x98,
    0x06, 0x03, 0x00, 0x30, 0x00, 0x00, 0x0C, 0x00, 0x60, 0x07, 0x80, 0x3C, 0x03, 0x30, 0x19, 0x80,
    0xCC, 0x0C, 0x30, 0x7F, 0x87, 0xFE, 0x30, 0x31, 0x81, 0x98, 0x06, 0x06, 0x00, 0x48, 0x00, 0x00,
    0x0C, 0x00, 0x60, 0x07, 0x80, 0x3C, 0x03, 0x30, 0x19, 0x80, 0xCC, 0x0C, 0x30, 0x7F, 0x87, 0xFE,
    0x30, 0x31, 0x81, 0x98, 0x06, 0x0C, 0x80, 0x98, 0x00, 0x00, 0x0C, 0x00, 0x60, 0x07, 0x80, 0x3C,
    0x03, 0x30, 0x19, 0x80, 0xCC, 0x0C, 0x30, 0x7F, 0x87, 0xFE, 0x30, 0x31, 0x81, 0x98, 0x06, 0x19,
    0x80, 0xCC, 0x00, 0x00, 0x0C, 0x00, 0x60, 0x07, 0x80, 0x3C, 0x03, 0x30, 0x19, 0x80, 0xCC, 0x0C,
    0x30, 0x7F, 0x87, 0xFE, 0x30, 0x31, 0x81, 0x98, 0x06, 0x06, 0x00, 0x48, 0x02, 0x40, 0x12, 0x00,
    0x60, 0x03, 0x00, 0x3C, 0x01, 0xE0, 0x19, 0x80, 0xCC, 0x06, 0x60, 0x61, 0x83, 0xFC, 0x3F, 0xF1,
    0x81, 0x8C, 0x0C, 0xC0, 0x30, 0x07, 0xFF, 0x01, 0xFF, 0xC0, 0x6C, 0x00, 0x33, 0x00, 0x0C, 0xC0,
    0x06, 0x3F, 0xC1, 0x8F, 0xF0, 0xC3, 0x00, 0x3F, 0xC0, 0x0F, 0xF0, 0x06, 0x0C, 0x01, 0x83, 0xFC,
    0xC0, 0xFF, 0x00, 0x07, 0xE0, 0xFF, 0x8E, 0x04, 0x60, 0x06, 0x00, 0x30, 0x01, 0x80, 0x0C, 0x00,
    0x60, 0x01, 0x80, 0x0E, 0x04, 0x3F, 0xE0, 0x7E, 0x00, 0x40, 0x03, 0x00, 0x78, 0x0C, 0x00, 0xC0,
    0x00, 0x1F, 0xE3, 0xFC, 0x60, 0x0C, 0x01, 0x80, 0x3F, 0xC7, 0xF8, 0xC0, 0x18, 0x03, 0x00, 0x60,
    0x0F, 0xF1, 0xFE, 0x06, 0x01, 0x80, 0x00, 0x1F, 0xE3, 0xFC, 0x60, 0x0C, 0x01, 0x80, 0x3F, 0xC7,
    0xF8, 0xC0, 0x18, 0x03, 0x00, 0x60, 0x0F, 0xF1, 0xFE, 0x0E, 0x03, 0x60, 0x00, 0x1F, 0xE3, 0xFC,
    0x60, 0x0C, 0x01, 0x80, 0x3F, 0xC7, 0xF8, 0xC0, 0x18, 0x03, 0x00, 0x60, 0x0F, 0xF1, 0xFE, 0x19,
    0x83, 0x30, 0x00, 0x1F, 0xE3, 0xFC, 0x60, 0x0C, 0x01, 0x80, 0x3F, 0xC7, 0xF8, 0xC0, 0x18, 0x03,
    0x00, 0x60, 0x0F, 0xF1, 0xFE, 0x61, 0x80, 0x63, 0x18, 0xC6, 0x31, 0x8C, 0x63, 0x18, 0xC6, 0x33,
    0x00, 0x63, 0x18, 0xC6, 0x31, 0x8C, 0x63, 0x18, 0xC6, 0x18, 0x48, 0x00, 0xC1, 0x83, 0x06, 0x0C,
    0x18, 0x30, 0x60, 0xC1, 0x83, 0x06, 0x0C, 0xCF, 0x30, 0x0C, 0x30, 0xC3, 0x0C, 0x30, 0xC3, 0x0C,
    0x30, 0xC3, 0x0C, 0x3F, 0x80, 0xFF, 0x83, 0x07, 0x0C, 0x0E, 0x30, 0x1B, 0xF8, 0x6F, 0xE1, 0x8C,
    0x06, 0x30, 0x18, 0xC0, 0xE3, 0x07, 0x0F, 0xF8, 0x3F, 0x80, 0x06, 0x40, 0x4C, 0x00, 0x00, 0x70,
    0x63, 0x83, 0x1E, 0x18, 0xF0, 0xC6, 0xC6, 0x36, 0x31, 0x99, 0x8C, 0x6C, 0x63, 0x63, 0x0F, 0x18,
    0x78, 0xC1, 0xC6, 0x0E, 0x03, 0x00, 0x06, 0x00, 0x00, 0x03, 0xF0, 0x1F, 0xE0, 0xE1, 0xC3, 0x03,
    0x18, 0x06, 0x60, 0x19, 0x80, 0x66, 0x01, 0x98, 0x06, 0x30, 0x30, 0xE1, 0xC1, 0xFE, 0x03, 0xF0,
    0x01, 0x80, 0x0C, 0x00, 0x00, 0x03, 0xF0, 0x1F, 0xE0, 0xE1, 0xC3, 0x03, 0x18, 0x06, 0x60, 0x19,
    0x80, 0x66, 0x01, 0x98, 0x06, 0x30, 0x30, 0xE1, 0xC1, 0xFE, 0x03, 0xF0, 0x03, 0x00, 0x12, 0x00,
    0x00, 0x03, 0xF0, 0x1F, 0xE0, 0xE1, 0xC3, 0x03, 0x18, 0x06, 0x60, 0x19, 0x80, 0x66, 0x01, 0x98,
    0x06, 0x30, 0x30, 0xE1, 0xC1, 0xFE, 0x03, 0xF0, 0x06, 0x40, 0x26, 0x00, 0x00, 0x03, 0xF0, 0x1F,
    0xE0, 0xE1, 0xC3, 0x03, 0x18, 0x06, 0x60, 0x19, 0x80, 0x66, 0x01, 0x98, 0x06, 0x30, 0x30, 0xE1,
    0xC1, 0xFE, 0x03, 0xF0, 0x0C, 0xC0, 0x33, 0x00, 0x00, 0x03, 0xF0, 0x1F, 0xE0, 0xE1, 0xC3, 0x03,
    0x18, 0x06, 0x60, 0x19, 0x80, 0x66, 0x01, 0x98, 0x06, 0x30, 0x30, 0xE1, 0xC1, 0xFE, 0x03, 0xF0,
    0x10, 0x20, 0x70, 0xE0, 0x73, 0x80, 0x7E, 0x00, 0x78, 0x00, 0xF0, 0x03, 0xF0, 0x0E, 0x70, 0x38,
    0x70, 0x20, 0x40, 0x00, 0x00, 0x0F, 0x88, 0x7F, 0x43, 0x87, 0x1C, 0x1C, 0x60, 0xD9, 0x86, 0x66,
    0x31, 0x99, 0x86, 0x6C, 0x18, 0xE0, 0xE3, 0x87, 0x0B, 0xF8, 0x47, 0xC0, 0x00, 0x00, 0x00, 0x00,
    0x06, 0x00, 0x18, 0x00, 0x00, 0x60, 0x63, 0x03, 0x18, 0x18, 0xC0, 0xC6, 0x06, 0x30, 0x31, 0x81,
    0x8C, 0x0C, 0x60, 0x63, 0x03, 0x0C, 0x30, 0x7F, 0x81, 0xF8, 0x03, 0x00, 0x30, 0x00, 0x00, 0x60,
    0x63, 0x03, 0x18, 0x18, 0xC0, 0xC6, 0x06, 0x30, 0x31, 0x81, 0x8C, 0x0C, 0x60, 0x63, 0x03, 0x0C,
    0x30, 0x7F, 0x81, 0xF8, 0x03, 0x00, 0x24, 0x00, 0x00, 0x60, 0x63, 0x03, 0x18, 0x18, 0xC0, 0xC6,
    0x06, 0x30, 0x31, 0x81, 0x8C, 0x0C, 0x60, 0x63, 0x03, 0x0C, 0x30, 0x7F, 0x81, 0xF8, 0x0C, 0xC0,
    0x66, 0x00, 0x00, 0x60, 0x63, 0x03, 0x18, 0x18, 0xC0, 0xC6, 0x06, 0x30, 0x31, 0x81, 0x8C, 0x0C,
    0x60, 0x63, 0x03, 0x0C, 0x30, 0x7F, 0x81, 0xF8, 0x03, 0x00, 0x30, 0x00, 0x00, 0xE0, 0x73, 0x03,
    0x0C, 0x30, 0x33, 0x01, 0x98, 0x07, 0x80, 0x18, 0x00, 0xC0, 0x06, 0x00, 0x30, 0x01, 0x80, 0x0C,
    0x00, 0x60, 0x30, 0x06, 0x00, 0xFC, 0x1F, 0xC3, 0x1C, 0x61, 0x8C, 0x31, 0x8E, 0x3F, 0x87, 0xE0,
    0xC0, 0x18, 0x03, 0x00, 0x0F, 0x03, 0xF0, 0xE3, 0x18, 0x63, 0x38, 0x66, 0x0C, 0xC1, 0x8C, 0x30,
    0xC6, 0x0C, 0xC1, 0x9A, 0x33, 0x7E, 0x67, 0x80, 0x18, 0x01, 0x80, 0x18, 0x00, 0x01, 0xE0, 0x7E,
    0x08, 0xE0, 0x0C, 0x1F, 0x8F, 0xF1, 0x86, 0x31, 0xC7, 0xF8, 0x7B, 0x00, 0x03, 0x00, 0xC0, 0x30,
    0x00, 0x01, 0xE0, 0x7E, 0x08, 0xE0, 0x0C, 0x1F, 0x8F, 0xF1, 0x86, 0x31, 0xC7, 0xF8, 0x7B, 0x00,
    0x0C, 0x03, 0xC0, 0xCC, 0x00, 0x01, 0xE0, 0x7E, 0x08, 0xE0, 0x0C, 0x1F, 0x8F, 0xF1, 0x86, 0x31,
    0xC7, 0xF8, 0x7B, 0x00, 0x39, 0x04, 0xE0, 0x00, 0x00, 0x01, 0xE0, 0x7E, 0x08, 0xE0, 0x0C, 0x1F,
    0x8F, 0xF1, 0x86, 0x31, 0xC7, 0xF8, 0x7B, 0x00, 0x33, 0x06, 0x60, 0x00, 0x00, 0x01, 0xE0, 0x7E,
    0x08, 0xE0, 0x0C, 0x1F, 0x8F, 0xF1, 0x86, 0x31, 0xC7, 0xF8, 0x7B, 0x00, 0x0E, 0x02, 0x20, 0x44,
    0x08, 0x80, 0xE0, 0x00, 0x07, 0x81, 0xF8, 0x23, 0x80, 0x30, 0x7E, 0x3F, 0xC6, 0x18, 0xC7, 0x1F,
    0xE1, 0xEC, 0x1E, 0x3C, 0x0F, 0xDF, 0x82, 0x3C, 0x70, 0x06, 0x0C, 0x1F, 0xFF, 0x1F, 0xFF, 0xC6,
    0x18, 0x01, 0x8F, 0x04, 0x7E, 0xFF, 0x0F, 0x0F, 0x80, 0x0F, 0x0F, 0xE3, 0x09, 0x80, 0x60, 0x18,
    0x06, 0x00, 0xC2, 0x3F, 0x83, 0xC0, 0x20, 0x0C, 0x0F, 0x00, 0x18, 0x01, 0x80, 0x18, 0x00, 0x00,
    0xF8, 0x7F, 0x8C, 0x3B, 0x03, 0x7F, 0xEF, 0xFD, 0x80, 0x18, 0x13, 0xFE, 0x1F, 0x80, 0x03, 0x00,
    0xC0, 0x30, 0x00, 0x00, 0xF8, 0x7F, 0x8C, 0x3B, 0x03, 0x7F, 0xEF, 0xFD, 0x80, 0x18, 0x13, 0xFE,
    0x1F, 0x80, 0x06, 0x01, 0xE0, 0x66, 0x00, 0x00, 0xF8, 0x7F, 0x8C, 0x3B, 0x03, 0x7F, 0xEF, 0xFD,
    0x80, 0x18, 0x13, 0xFE, 0x1F, 0x80, 0x19, 0x83, 0x30, 0x00, 0x00, 0x00, 0xF8, 0x7F, 0x8C, 0x3B,
    0x03, 0x7F, 0xEF, 0xFD, 0x80, 0x18, 0x13, 0xFE, 0x1F, 0x80, 0x60, 0xC1, 0x80, 0x18, 0x61, 0x86,
    0x18, 0x61, 0x86, 0x18, 0x60, 0x18, 0xC6, 0x00, 0x30, 0xC3, 0x0C, 0x30, 0xC3, 0x0C, 0x30, 0xC0,
    0x18, 0x79, 0x98, 0x01, 0x83, 0x06, 0x0C, 0x18, 0x30, 0x60, 0xC1, 0x83, 0x00, 0x66, 0xCC, 0x00,
    0x01, 0x83, 0x06, 0x0C, 0x18, 0x30, 0x60, 0xC1, 0x83, 0x00, 0x08, 0x41, 0xF0, 0xF8, 0x01, 0x80,
    0xF8, 0x7F, 0x8C, 0x3B, 0x03, 0x60, 0x6C, 0x0D, 0x81, 0x98, 0x63, 0xFC, 0x1E, 0x00, 0x1C, 0x82,
    0x70, 0x00, 0x00, 0x03, 0x78, 0x7F, 0x0E, 0x71, 0x86, 0x30, 0xC6, 0x18, 0xC3, 0x18, 0x63, 0x0C,
    0x61, 0x80, 0x18, 0x01, 0x80, 0x18, 0x00, 0x00, 0xF0, 0x7F, 0x8C, 0x33, 0x03, 0x60, 0x6C, 0x0D,
    0x81, 0x98, 0x63, 0xFC, 0x1E, 0x00, 0x03, 0x00, 0xC0, 0x30, 0x00, 0x00, 0xF0, 0x7F, 0x8C, 0x33,
    0x03, 0x60, 0x6C, 0x0D, 0x81, 0x98, 0x63, 0xFC, 0x1E, 0x00, 0x06, 0x01, 0xE0, 0x66, 0x00, 0x00,
    0xF0, 0x7F, 0x8C, 0x33, 0x03, 0x60, 0x6C, 0x0D, 0x81, 0x98, 0x63, 0xFC, 0x1E, 0x00, 0x1C, 0x82,
    0x70, 0x00, 0x00, 0x00, 0xF0, 0x7F, 0x8C, 0x33, 0x03, 0x60, 0x6C, 0x0D, 0x81, 0x98, 0x63, 0xFC,
    0x1E, 0x00, 0x19, 0x83, 0x30, 0x00, 0x00, 0x00, 0xF0, 0x7F, 0x8C, 0x33, 0x03, 0x60, 0x6C, 0x0D,
    0x81, 0x98, 0x63, 0xFC, 0x1E, 0x00, 0x01, 0x80, 0x03, 0x00, 0x00, 0x01, 0xFF, 0xE3, 0xFF, 0xC0,
    0x00, 0x00, 0x60, 0x00, 0xC0, 0x00, 0x00, 0x00, 0x00, 0x00, 0x21, 0xE4, 0xFF, 0x18, 0x66, 0x16,
    0xC4, 0xD9, 0x1B, 0x43, 0x30, 0xC7, 0xF9, 0x3C, 0x20, 0x00, 0x18, 0x01, 0x80, 0x18, 0x00, 0x03,
    0x0C, 0x61, 0x8C, 0x31, 0x86, 0x30, 0xC6, 0x18, 0xC3, 0x1C, 0xE1, 0xFC, 0x3D, 0x80, 0x03, 0x00,
    0xC0, 0x30, 0x00, 0x03, 0x0C, 0x61, 0x8C, 0x31, 0x86, 0x30, 0xC6, 0x18, 0xC3, 0x1C, 0xE1, 0xFC,
    0x3D, 0x80, 0x06, 0x01, 0xE0, 0x66, 0x00, 0x03, 0x0C, 0x61, 0x8C, 0x31, 0x86, 0x30, 0xC6, 0x18,
    0xC3, 0x1C, 0xE1, 0xFC, 0x3D, 0x80, 0x19, 0x83, 0x30, 0x00, 0x00, 0x03, 0x0C, 0x61, 0x8C, 0x31,
    0x86, 0x30, 0xC6, 0x18, 0xC3, 0x1C, 0xE1, 0xFC, 0x3D, 0x80, 0x03, 0x00, 0xC0, 0x30, 0x00, 0x06,
    0x06, 0xC0, 0xCC, 0x31, 0x86, 0x19, 0x83, 0x30, 0x3C, 0x07, 0x80, 0x60, 0x0C, 0x01, 0x80, 0x60,
    0x3C, 0x07, 0x00, 0x30, 0x06, 0x00, 0xC0, 0x18, 0x03, 0x78, 0x7F, 0x8E, 0x39, 0x83, 0x30, 0x66,
    0x0C, 0xC1, 0x9C, 0x73, 0xFC, 0x6F, 0x0C, 0x01, 0x80, 0x30, 0x06, 0x00, 0x1B, 0x03, 0x60, 0x00,
    0x00, 0x06, 0x06, 0xC0, 0xCC, 0x31, 0x86, 0x19, 0x83, 0x30, 0x3C, 0x07, 0x80, 0x60, 0x0C, 0x01,
    0x80, 0x60, 0x3C, 0x07, 0x00, 0x0F, 0x00, 0x78, 0x00, 0x00, 0x0C, 0x00, 0x60, 0x07, 0x80, 0x3C,
    0x03, 0x30, 0x19, 0x80, 0xCC, 0x0C, 0x30, 0x7F, 0x87, 0xFE, 0x30, 0x31, 0x81, 0x98, 0x06, 0x1E,
    0x03, 0xC0, 0x00, 0x0F, 0x03, 0xF0, 0x47, 0x00, 0x60, 0xFC, 0x7F, 0x8C, 0x31, 0x8E, 0x3F, 0xC3,
    0xD8, 0x10, 0x80, 0x78, 0x00, 0x00, 0x00, 0x00, 0x60, 0x03, 0x00, 0x3C, 0x01, 0xE0, 0x19, 0x80,
    0xCC, 0x06, 0x60, 0x61, 0x83, 0xFC, 0x3F, 0xF1, 0x81, 0x8C, 0x0C, 0xC0, 0x30, 0x21, 0x03, 0xC0,
    0x00, 0x00, 0x01, 0xE0, 0x7E, 0x08, 0xE0, 0x0C, 0x1F, 0x8F, 0xF1, 0x86, 0x31, 0xC7, 0xF8, 0x7B,
    0x00, 0x06, 0x00, 0x30, 0x03, 0xC0, 0x1E, 0x01, 0x98, 0x0C, 0xC0, 0x66, 0x06, 0x18, 0x3F, 0xC3,
    0xFF, 0x18, 0x18, 0xC0, 0xCC, 0x03, 0x00, 0x08, 0x00, 0xC0, 0x07, 0x1E, 0x07, 0xE0, 0x8E, 0x00,
    0xC1, 0xF8, 0xFF, 0x18, 0x63, 0x1C, 0x7F, 0x87, 0xB0, 0x02, 0x00, 0xC0, 0x1C, 0x01, 0x80, 0x18,
    0x00, 0x00, 0x0F, 0xC1, 0xFF, 0x1C, 0x08, 0xC0, 0x0C, 0x00, 0x60, 0x03, 0x00, 0x18, 0x00, 0xC0,
    0x03, 0x00, 0x1C, 0x08, 0x7F, 0xC0, 0xFC, 0x03, 0x01, 0x80, 0xC0, 0x00, 0x0F, 0x0F, 0xE3, 0x09,
    0x80, 0x60, 0x18, 0x06, 0x00, 0xC2, 0x3F, 0x83, 0xC0, 0x03, 0x80, 0x36, 0x00, 0x00, 0x0F, 0xC1,
    0xFF, 0x1C, 0x08, 0xC0, 0x0C, 0x00, 0x60, 0x03, 0x00, 0x18, 0x00, 0xC0, 0x03, 0x00, 0x1C, 0x08,
    0x7F, 0xC0, 0xFC, 0x06, 0x03, 0xC1, 0x98, 0x00, 0x0F, 0x0F, 0xE3, 0x09, 0x80, 0x60, 0x18, 0x06,
    0x00, 0xC2, 0x3F, 0x83, 0xC0, 0x01, 0x80, 0x0C, 0x00, 0x00, 0x0F, 0xC1, 0xFF, 0x1C, 0x08, 0xC0,
    0x0C, 0x00, 0x60, 0x03, 0x00, 0x18, 0x00, 0xC0, 0x03, 0x00, 0x1C, 0x08, 0x7F, 0xC0, 0xFC, 0x06,
    0x01, 0x80, 0x00, 0x00, 0x0F, 0x0F, 0xE3, 0x09, 0x80, 0x60, 0x18, 0x06, 0x00, 0xC2, 0x3F, 0x83,
    0xC0, 0x06, 0xC0, 0x1C, 0x00, 0x00, 0x0F, 0xC1, 0xFF, 0x1C, 0x08, 0xC0, 0x0C, 0x00, 0x60, 0x03,
    0x00, 0x18, 0x00, 0xC0, 0x03, 0x00, 0x1C, 0x08, 0x7F, 0xC0, 0xFC, 0x19, 0x83, 0xC0, 0x60, 0x00,
    0x0F, 0x0F, 0xE3, 0x09, 0x80, 0x60, 0x18, 0x06, 0x00, 0xC2, 0x3F, 0x83, 0xC0, 0x0D, 0x80, 0x1C,
    0x00, 0x00, 0x0F, 0xE0, 0x3F, 0xE0, 0xC1, 0xC3, 0x03, 0x8C, 0x06, 0x30, 0x18, 0xC0, 0x63, 0x01,
    0x8C, 0x06, 0x30, 0x38, 0xC1, 0xC3, 0xFE, 0x0F, 0xE0, 0x00, 0xC0, 0x03, 0x60, 0x0D, 0x00, 0x3C,
    0x1E, 0xC0, 0xFF, 0x07, 0x1C, 0x18, 0x30, 0x60, 0xC1, 0x83, 0x06, 0x0C, 0x1C, 0x70, 0x3F, 0xC0,
    0x7B, 0x00, 0x3F, 0x80, 0xFF, 0x83, 0x07, 0x0C, 0x0E, 0x30, 0x1B, 0xF8, 0x6F, 0xE1, 0x8C, 0x06,
    0x30, 0x18, 0xC0, 0xE3, 0x07, 0x0F, 0xF8, 0x3F, 0x80, 0x00, 0xC0, 0x0C, 0x07, 0xE0, 0x0C, 0x1E,
    0xC3, 0xFC, 0x71, 0xC6, 0x0C, 0x60, 0xC6, 0x0C, 0x60, 0xC7, 0x1C, 0x3F, 0xC1, 0xEC, 0x1F, 0x03,
    0xE0, 0x00, 0x1F, 0xE3, 0xFC, 0x60, 0x0C, 0x01, 0x80, 0x3F, 0xC7, 0xF8, 0xC0, 0x18, 0x03, 0x00,
    0x60, 0x0F, 0xF1, 0xFE, 0x1F, 0x03, 0xE0, 0x00, 0x07, 0xC3, 0xFC, 0x61, 0xD8, 0x1B, 0xFF, 0x7F,
    0xEC, 0x00, 0xC0, 0x9F, 0xF0, 0xFC, 0x10, 0x81, 0xE0, 0x00, 0x1F, 0xE3, 0xFC, 0x60, 0x0C, 0x01,
    0x80, 0x3F, 0xC7, 0xF8, 0xC0, 0x18, 0x03, 0x00, 0x60, 0x0F, 0xF1, 0xFE, 0x10, 0x81, 0xE0, 0x00,
    0x00, 0x00, 0xF8, 0x7F, 0x8C, 0x3B, 0x03, 0x7F, 0xEF, 0xFD, 0x80, 0x18, 0x13, 0xFE, 0x1F, 0x80,
    0x06, 0x00, 0xC0, 0x00, 0x1F, 0xE3, 0xFC, 0x60, 0x0C, 0x01, 0x80, 0x3F, 0xC7, 0xF8, 0xC0, 0x18,
    0x03, 0x00, 0x60, 0x0F, 0xF1, 0xFE, 0x06, 0x00, 0xC0, 0x00, 0x00, 0x00, 0xF8, 0x7F, 0x8C, 0x3B,
    0x03, 0x7F, 0xEF, 0xFD, 0x80, 0x18, 0x13, 0xFE, 0x1F, 0x80, 0x3F, 0xC7, 0xF8, 0xC0, 0x18, 0x03,
    0x00, 0x7F, 0x8F, 0xF1, 0x80, 0x30, 0x06, 0x00, 0xC0, 0x1F, 0xE3, 0xFC, 0x01, 0x00, 0x60, 0x0E,
    0x0F, 0x87, 0xF8, 0xC3, 0xB0, 0x37, 0xFE, 0xFF, 0xD8, 0x01, 0x81, 0x3F, 0xE1, 0xF8, 0x04, 0x01,
    0x80, 0x38, 0x1B, 0x01, 0xC0, 0x00, 0x1F, 0xE3, 0xFC, 0x60, 0x0C, 0x01, 0x80, 0x3F, 0xC7, 0xF8,
    0xC0, 0x18, 0x03, 0x00, 0x60, 0x0F, 0xF1, 0xFE, 0x19, 0x81, 0xE0, 0x18, 0x00, 0x00, 0xF8, 0x7F,
    0x8C, 0x3B, 0x03, 0x7F, 0xEF, 0xFD, 0x80, 0x18, 0x13, 0xFE, 0x1F, 0x80, 0x03, 0x80, 0x1B, 0x00,
    0x00, 0x01, 0xF8, 0x1F, 0xF0, 0xE0, 0x43, 0x00, 0x18, 0x00, 0x61, 0xF1, 0x87, 0xC6, 0x03, 0x18,
    0x0C, 0x30, 0x30, 0xE0, 0xC1, 0xFE, 0x03, 0xF0, 0x0E, 0x01, 0x40, 0x44, 0x00, 0x01, 0xEC, 0x7F,
    0x9C, 0x73, 0x06, 0x60, 0xCC, 0x19, 0x83, 0x38, 0xE3, 0xFC, 0x3D, 0x80, 0x31, 0x0C, 0x3F, 0x83,
    0xE0, 0x08, 0x40, 0x1E, 0x00, 0x00, 0x01, 0xF8, 0x1F, 0xF0, 0xE0, 0x43, 0x00, 0x18, 0x00, 0x61,
    0xF1, 0x87, 0xC6, 0x03, 0x18, 0x0C, 0x30, 0x30, 0xE0, 0xC1, 0xFE, 0x03, 0xF0, 0x10, 0x81, 0xE0,
    0x00, 0x00, 0x01, 0xEC, 0x7F, 0x9C, 0x73, 0x06, 0x60, 0xCC, 0x19, 0x83, 0x38, 0xE3, 0xFC, 0x3D,
    0x80, 0x31, 0x0C, 0x3F, 0x83, 0xE0, 0x01, 0x80, 0x06, 0x00, 0x00, 0x01, 0xF8, 0x1F, 0xF0, 0xE0,
    0x43, 0x00, 0x18, 0x00, 0x61, 0xF1, 0x87, 0xC6, 0x03, 0x18, 0x0C, 0x30, 0x30, 0xE0, 0xC1, 0xFE,
    0x03, 0xF0, 0x06, 0x00, 0xC0, 0x00, 0x00, 0x01, 0xEC, 0x7F, 0x9C, 0x73, 0x06, 0x60, 0xCC, 0x19,
    0x83, 0x38, 0xE3, 0xFC, 0x3D, 0x80, 0x31, 0x0C, 0x3F, 0x83, 0xE0, 0x07, 0xE0, 0x7F, 0xC3, 0x81,
    0x0C, 0x00, 0x60, 0x01, 0x87, 0xC6, 0x1F, 0x18, 0x0C, 0x60, 0x30, 0xC0, 0xC3, 0x83, 0x07, 0xF8,
    0x0F, 0xC0, 0x00, 0x00, 0x00, 0x00, 0x60, 0x01, 0x00, 0x0C, 0x00, 0x02, 0x00, 0xC0, 0x18, 0x00,
    0x01, 0xEC, 0x7F, 0x9C, 0x73, 0x06, 0x60, 0xCC, 0x19, 0x83, 0x38, 0xE3, 0xFC, 0x3D, 0x80, 0x31,
    0x0C, 0x3F, 0x83, 0xE0, 0x03, 0x00, 0x12, 0x00, 0x00, 0x0C, 0x0C, 0x30, 0x30, 0xC0, 0xC3, 0x03,
    0x0C, 0x0C, 0x3F, 0xF0, 0xFF, 0xC3, 0x03, 0x0C, 0x0C, 0x30, 0x30, 0xC0, 0xC3, 0x03, 0x0C, 0x0C,
    0x18, 0x02, 0x40, 0x00, 0x01, 0x80, 0x18, 0x01, 0x80, 0x1B, 0xC1, 0xFC, 0x1C, 0xE1, 0x86, 0x18,
    0x61, 0x86, 0x18, 0x61, 0x86, 0x18, 0x61, 0x86, 0x18, 0x18, 0x3F, 0xFC, 0x3F, 0xFC, 0x18, 0x18,
    0x18, 0x18, 0x1F, 0xF8, 0x1F, 0xF8, 0x18, 0x18, 0x18, 0x18, 0x18, 0x18, 0x18, 0x18, 0x18, 0x18,
    0x18, 0x18, 0x30, 0x03, 0xF0, 0x1F, 0x80, 0x60, 0x03, 0x78, 0x1F, 0xC0, 0xE7, 0x06, 0x18, 0x30,
    0xC1, 0x86, 0x0C, 0x30, 0x61, 0x83, 0x0C, 0x18, 0x60, 0x32, 0x98, 0x00, 0xC1, 0x83, 0x06, 0x0C,
    0x18, 0x30, 0x60, 0xC1, 0x83, 0x06, 0x0C, 0x72, 0x9C, 0x00, 0x01, 0x83, 0x06, 0x0C, 0x18, 0x30,
    0x60, 0xC1, 0x83, 0x00, 0xFF, 0xF0, 0x0C, 0x30, 0xC3, 0x0C, 0x30, 0xC3, 0x0C, 0x30, 0xC3, 0x0C,
    0x7E, 0xFC, 0x00, 0xC1, 0x83, 0x06, 0x0C, 0x18, 0x30, 0x60, 0xC1, 0x80, 0x42, 0x78, 0x00, 0xC1,
    0x83, 0x06, 0x0C, 0x18, 0x30, 0x60, 0xC1, 0x83, 0x06, 0x0C, 0x42, 0x78, 0x00, 0x01, 0x83, 0x06,
    0x0C, 0x18, 0x30, 0x60, 0xC1, 0x83, 0x00, 0x31, 0x8C, 0x63, 0x18, 0xC6, 0x31, 0x8C, 0x63, 0x08,
    0xC7, 0x31, 0x80, 0x03, 0x18, 0xC6, 0x31, 0x8C, 0x63, 0x18, 0x8C, 0x70, 0x31, 0x80, 0x63, 0x18,
    0xC6, 0x31, 0x8C, 0x63, 0x18, 0xC6, 0x31, 0x8C, 0x63, 0x18, 0xC6, 0x31, 0x80, 0x31, 0x86, 0x30,
    0xC6, 0x18, 0xC3, 0x18, 0x63, 0x0C, 0x61, 0x8C, 0x31, 0x86, 0x30, 0xC6, 0x18, 0xC3, 0x18, 0x03,
    0x00, 0xE0, 0x78, 0x0E, 0x00, 0x31, 0x8C, 0x60, 0x00, 0x00, 0x31, 0x8C, 0x63, 0x18, 0xC6, 0x31,
    0x8C, 0x63, 0x18, 0xC6, 0x31, 0x8C, 0x60, 0x18, 0x06, 0x07, 0x81, 0xC0, 0x18, 0x48, 0x00, 0xC1,
    0x83, 0x06, 0x0C, 0x18, 0x30, 0x60, 0xC1, 0x83, 0x06, 0x0C, 0x18, 0x71, 0xC3, 0x00, 0x18, 0x79,
    0x98, 0x01, 0x83, 0x06, 0x0C, 0x18, 0x30, 0x60, 0xC1, 0x83, 0x06, 0x0C, 0x78, 0xE0, 0x30, 0x61,
    0x86, 0x0C, 0x60, 0x66, 0x03, 0x60, 0x1E, 0x00, 0xF0, 0x06, 0xC0, 0x33, 0x01, 0x8C, 0x0C, 0x30,
    0x60, 0xC3, 0x03, 0x00, 0x00, 0x00, 0x00, 0x60, 0x02, 0x00, 0x30, 0x00, 0x30, 0x06, 0x00, 0xC0,
    0x18, 0x03, 0x0C, 0x63, 0x0C, 0xC1, 0xB0, 0x3C, 0x07, 0x80, 0xD8, 0x19, 0x83, 0x18, 0x61, 0x80,
    0x00, 0x00, 0x03, 0x00, 0x40, 0x18, 0x00, 0x30, 0xC6, 0x30, 0xCC, 0x1B, 0x03, 0xC0, 0x78, 0x0D,
    0x81, 0x98, 0x31, 0x86, 0x18, 0x18, 0x0C, 0x00, 0x00, 0xC0, 0x30, 0x0C, 0x03, 0x00, 0xC0, 0x30,
    0x0C, 0x03, 0x00, 0xC0, 0x30, 0x0C, 0x03, 0xFC, 0xFF, 0x18, 0xC0, 0x0C, 0x30, 0xC3, 0x0C, 0x30,
    0xC3, 0x0C, 0x30, 0xC3, 0x0C, 0x30, 0x30, 0x0C, 0x03, 0x00, 0xC0, 0x30, 0x0C, 0x03, 0x00, 0xC0,
    0x30, 0x0C, 0x03, 0x00, 0xFF, 0x3F, 0xC0, 0x00, 0x00, 0x18, 0x04, 0x03, 0x00, 0x31, 0x8C, 0x63,
    0x18, 0xC6, 0x31, 0x8C, 0x63, 0x18, 0x00, 0x31, 0x18, 0x30, 0x0C, 0xC3, 0x20, 0xD8, 0x30, 0x0C,
    0x03, 0x00, 0xC0, 0x30, 0x0C, 0x03, 0x00, 0xFF, 0x3F, 0xC0, 0x30, 0x6C, 0xD1, 0xE3, 0x06, 0x0C,
    0x18, 0x30, 0x60, 0xC1, 0x83, 0x06, 0x00, 0x30, 0x0C, 0x03, 0x00, 0xC0, 0x30, 0x0C, 0x63, 0x18,
    0xC0, 0x30, 0x0C, 0x03, 0x00, 0xFF, 0x3F, 0xC0, 0x30, 0xC3, 0x0C, 0x30, 0xC3, 0x4D, 0x30, 0xC3,
    0x0C, 0x30, 0xC0, 0x18, 0x01, 0x80, 0x18, 0x01, 0x90, 0x1B, 0x01, 0xC0, 0x18, 0x07, 0x80, 0x18,
    0x01, 0x80, 0x18, 0x01, 0xFE, 0x1F, 0xE0, 0x30, 0xC3, 0x0C, 0x30, 0xF3, 0x9C, 0xB0, 0xC3, 0x0C,
    0x30, 0xC0, 0x03, 0x00, 0x30, 0x00, 0x00, 0x70, 0x63, 0x83, 0x1E, 0x18, 0xF0, 0xC6, 0xC6, 0x36,
    0x31, 0x99, 0x8C, 0x6C, 0x63, 0x63, 0x0F, 0x18, 0x78, 0xC1, 0xC6, 0x0E, 0x03, 0x00, 0xC0, 0x30,
    0x00, 0x03, 0x78, 0x7F, 0x0E, 0x71, 0x86, 0x30, 0xC6, 0x18, 0xC3, 0x18, 0x63, 0x0C, 0x61, 0x80,
    0x38, 0x31, 0xC1, 0x8F, 0x0C, 0x78, 0x63, 0x63, 0x1B, 0x18, 0xCC, 0xC6, 0x36, 0x31, 0xB1, 0x87,
    0x8C, 0x3C, 0x60, 0xE3, 0x07, 0x00, 0x00, 0x00, 0x00, 0x60, 0x02, 0x00, 0x30, 0x00, 0x37, 0x87,
    0xF0, 0xE7, 0x18, 0x63, 0x0C, 0x61, 0x8C, 0x31, 0x86, 0x30, 0xC6, 0x18, 0x00, 0x00, 0x00, 0x60,
    0x08, 0x03, 0x00, 0x04, 0x80, 0x18, 0x00, 0x00, 0x70, 0x63, 0x83, 0x1E, 0x18, 0xF0, 0xC6, 0xC6,
    0x36, 0x31, 0x99, 0x8C, 0x6C, 0x63, 0x63, 0x0F, 0x18, 0x78, 0xC1, 0xC6, 0x0E, 0x19, 0x81, 0xE0,
    0x18, 0x00, 0x03, 0x78, 0x7F, 0x0E, 0x71, 0x86, 0x30, 0xC6, 0x18, 0xC3, 0x18, 0x63, 0x0C, 0x61,
    0x80, 0x30, 0x00, 0x60, 0x00, 0x80, 0x02, 0x37, 0x80, 0x7F, 0x00, 0xE7, 0x01, 0x86, 0x03, 0x0C,
    0x06, 0x18, 0x0C, 0x30, 0x18, 0x60, 0x30, 0xC0, 0x61, 0x80, 0x37, 0xC1, 0xFF, 0x0F, 0x1C, 0x70,
    0x63, 0x03, 0x18, 0x18, 0xC0, 0xC6, 0x06, 0x30, 0x31, 0x81, 0x8C, 0x0C, 0x60, 0x63, 0x03, 0x00,
    0x18, 0x00, 0xC0, 0x1E, 0x00, 0xE0, 0x37, 0x87, 0xF0, 0xE7, 0x18, 0x63, 0x0C, 0x61, 0x8C, 0x31,
    0x86, 0x30, 0xC6, 0x18, 0x03, 0x00, 0x60, 0x7C, 0x0F, 0x00, 0x07, 0x80, 0x1E, 0x00, 0x00, 0x03,
    0xF0, 0x1F, 0xE0, 0xE1, 0xC3, 0x03, 0x18, 0x06, 0x60, 0x19, 0x80, 0x66, 0x01, 0x98, 0x06, 0x30,
    0x30, 0xE1, 0xC1, 0xFE, 0x03, 0xF0, 0x0F, 0x01, 0xE0, 0x00, 0x07, 0x83, 0xFC, 0x61, 0x98, 0x1B,
    0x03, 0x60, 0x6C, 0x0C, 0xC3, 0x1F, 0xE0, 0xF0, 0x08, 0x40, 0x1E, 0x00, 0x00, 0x03, 0xF0, 0x1F,
    0xE0, 0xE1, 0xC3, 0x03, 0x18, 0x06, 0x60, 0x19, 0x80, 0x66, 0x01, 0x98, 0x06, 0x30, 0x30, 0xE1,
    0xC1, 0xFE, 0x03, 0xF0, 0x10, 0x81, 0xE0, 0x00, 0x00, 0x00, 0xF0, 0x7F, 0x8C, 0x33, 0x03, 0x60,
    0x6C, 0x0D, 0x81, 0x98, 0x63, 0xFC, 0x1E, 0x00, 0x03, 0x60, 0x1B, 0x00, 0x00, 0x03, 0xF0, 0x1F,
    0xE0, 0xE1, 0xC3, 0x03, 0x18, 0x06, 0x60, 0x19, 0x80, 0x66, 0x01, 0x98, 0x06, 0x30, 0x30, 0xE1,
    0xC1, 0xFE, 0x03, 0xF0, 0x0D, 0x81, 0x20, 0x48, 0x00, 0x00, 0xF0, 0x7F, 0x8C, 0x33, 0x03, 0x60,
    0x6C, 0x0D, 0x81, 0x98, 0x63, 0xFC, 0x1E, 0x00, 0x07, 0xFF, 0xC3, 0xFF, 0xF8, 0xF0, 0xC0, 0x18,
    0x18, 0x06, 0x03, 0x00, 0xC0, 0x7F, 0x98, 0x0F, 0xF3, 0x01, 0x80, 0x60, 0x30, 0x06, 0x06, 0x00,
    0xF0, 0xC0, 0x0F, 0xFF, 0xE0, 0x7F, 0xFC, 0x1F, 0x0F, 0x8F, 0xFF, 0xF7, 0x0F, 0x0D, 0x81, 0x81,
    0x60, 0x7F, 0xD8, 0x1F, 0xF6, 0x06, 0x01, 0xC3, 0xC0, 0x3F, 0xFF, 0xC7, 0xC3, 0xF0, 0x06, 0x00,
    0x60, 0x00, 0x00, 0x7E, 0x03, 0xF8, 0x18, 0xE0, 0xC3, 0x06, 0x18, 0x31, 0xC1, 0xFC, 0x0F, 0xC0,
    0x63, 0x03, 0x0C, 0x18, 0x60, 0xC1, 0x86, 0x0E, 0x03, 0x03, 0x03, 0x00, 0x03, 0x71, 0xF8, 0xE0,
    0x60, 0x30, 0x18, 0x0C, 0x06, 0x03, 0x01, 0x80, 0x3F, 0x01, 0xFC, 0x0C, 0x70, 0x61, 0x83, 0x0C,
    0x18, 0xE0, 0xFE, 0x07, 0xE0, 0x31, 0x81, 0x86, 0x0C, 0x30, 0x60, 0xC3, 0x07, 0x00, 0x00, 0x00,
    0x00, 0x60, 0x02, 0x00, 0x30, 0x00, 0x37, 0x3F, 0x38, 0x30, 0x30, 0x30, 0x30, 0x30, 0x30, 0x30,
    0x00, 0x00, 0x30, 0x20, 0x60, 0x1B, 0x00, 0x70, 0x00, 0x00, 0x7E, 0x03, 0xF8, 0x18, 0xE0, 0xC3,
    0x06, 0x18, 0x31, 0xC1, 0xFC, 0x0F, 0xC0, 0x63, 0x03, 0x0C, 0x18, 0x60, 0xC1, 0x86, 0x0E, 0x33,
    0x1E, 0x0C, 0x00, 0x37, 0x3F, 0x38, 0x30, 0x30, 0x30, 0x30, 0x30, 0x30, 0x30, 0x06, 0x01, 0x80,
    0x00, 0x0F, 0x83, 0xF8, 0xE1, 0x18, 0x03, 0x00, 0x3E, 0x03, 0xF0, 0x07, 0x00, 0x60, 0x0C, 0x83,
    0x9F, 0xE1, 0xF8, 0x03, 0x03, 0x03, 0x00, 0x03, 0xE3, 0xF9, 0x84, 0xE0, 0x3E, 0x07, 0x80, 0xC8,
    0x67, 0xF1, 0xF0, 0x0E, 0x03, 0x60, 0x00, 0x0F, 0x83, 0xF8, 0xE1, 0x18, 0x03, 0x00, 0x3E, 0x03,
    0xF0, 0x07, 0x00, 0x60, 0x0C, 0x83, 0x9F, 0xE1, 0xF8, 0x1C, 0x0A, 0x08, 0x80, 0x03, 0xE3, 0xF9,
    0x84, 0xE0, 0x3E, 0x07, 0x80, 0xC8, 0x67, 0xF1, 0xF0, 0x1F, 0x07, 0xF1, 0xC2, 0x30, 0x06, 0x00,
    0x7C, 0x07, 0xE0, 0x0E, 0x00, 0xC0, 0x19, 0x07, 0x3F, 0xC3, 0xF0, 0x04, 0x00, 0xC0, 0x78, 0x3E,
    0x3F, 0x98, 0x4E, 0x03, 0xE0, 0x78, 0x0C, 0x86, 0x7F, 0x1F, 0x01, 0x00, 0xC1, 0xE0, 0x1B, 0x01,
    0xC0, 0x00, 0x0F, 0x83, 0xF8, 0xE1, 0x18, 0x03, 0x00, 0x3E, 0x03, 0xF0, 0x07, 0x00, 0x60, 0x0C,
    0x83, 0x9F, 0xE1, 0xF8, 0x22, 0x0A, 0x07, 0x00, 0x03, 0xE3, 0xF9, 0x84, 0xE0, 0x3E, 0x07, 0x80,
    0xC8, 0x67, 0xF1, 0xF0, 0x7F, 0xFB, 0xFF, 0xC0, 0xC0, 0x06, 0x00, 0x30, 0x01, 0x80, 0x0C, 0x00,
    0x60, 0x03, 0x00, 0x18, 0x00, 0xC0, 0x06, 0x00, 0x30, 0x00, 0x80, 0x06, 0x00, 0xF0, 0x30, 0x60,
    0xC3, 0xF7, 0xE6, 0x0C, 0x18, 0x30, 0x60, 0xC1, 0xF1, 0xE0, 0x81, 0x8F, 0x04, 0x80, 0x18, 0x00,
    0x00, 0xFF, 0xF7, 0xFF, 0x81, 0x80, 0x0C, 0x00, 0x60, 0x03, 0x00, 0x18, 0x00, 0xC0, 0x06, 0x00,
    0x30, 0x01, 0x80, 0x0C, 0x00, 0x60, 0x06, 0x68, 0xF1, 0x87, 0xEF, 0xCC, 0x18, 0x30, 0x60, 0xC1,
    0x83, 0xE3, 0xC0, 0x7F, 0xFB, 0xFF, 0xC0, 0xC0, 0x06, 0x00, 0x30, 0x01, 0x80, 0x3F, 0x01, 0xF8,
    0x03, 0x00, 0x18, 0x00, 0xC0, 0x06, 0x00, 0x30, 0x00, 0x30, 0x60, 0xC3, 0xF7, 0xE6, 0x0C, 0x3F,
    0x7E, 0x60, 0xC1, 0xF1, 0xE0, 0x06, 0x40, 0x4C, 0x00, 0x00, 0x60, 0x63, 0x03, 0x18, 0x18, 0xC0,
    0xC6, 0x06, 0x30, 0x31, 0x81, 0x8C, 0x0C, 0x60, 0x63, 0x03, 0x0C, 0x30, 0x7F, 0x81, 0xF8, 0x1C,
    0x82, 0x70, 0x00, 0x00, 0x03, 0x0C, 0x61, 0x8C, 0x31, 0x86, 0x30, 0xC6, 0x18, 0xC3, 0x1C, 0xE1,
    0xFC, 0x3D, 0x80, 0x07, 0x80, 0x3C, 0x00, 0x00, 0x60, 0x63, 0x03, 0x18, 0x18, 0xC0, 0xC6, 0x06,
    0x30, 0x31, 0x81, 0x8C, 0x0C, 0x60, 0x63, 0x03, 0x0C, 0x30, 0x7F, 0x81, 0xF8, 0x1F, 0x83, 0xF0,
    0x00, 0x18, 0x63, 0x0C, 0x61, 0x8C, 0x31, 0x86, 0x30, 0xC6, 0x18, 0xE7, 0x0F, 0xE1, 0xEC, 0x08,
    0x40, 0x3C, 0x00, 0x00, 0x60, 0x63, 0x03, 0x18, 0x18, 0xC0, 0xC6, 0x06, 0x30, 0x31, 0x81, 0x8C,
    0x0C, 0x60, 0x63, 0x03, 0x0C, 0x30, 0x7F, 0x81, 0xF8, 0x10, 0x81, 0xE0, 0x00, 0x00, 0x03, 0x0C,
    0x61, 0x8C, 0x31, 0x86, 0x30, 0xC6, 0x18, 0xC3, 0x1C, 0xE1, 0xFC, 0x3D, 0x80, 0x07, 0x00, 0x44,
    0x02, 0x20, 0x11, 0x03, 0x73, 0x18, 0x18, 0xC0, 0xC6, 0x06, 0x30, 0x31, 0x81, 0x8C, 0x0C, 0x60,
    0x63, 0x03, 0x18, 0x18, 0x61, 0x83, 0xFC, 0x0F, 0xC0, 0x0E, 0x02, 0x20, 0x44, 0x08, 0x80, 0xE0,
    0x61, 0x8C, 0x31, 0x86, 0x30, 0xC6, 0x18, 0xC3, 0x18, 0x63, 0x9C, 0x3F, 0x87, 0xB0, 0x06, 0xC0,
    0x6C, 0x00, 0x00, 0x60, 0x63, 0x03, 0x18, 0x18, 0xC0, 0xC6, 0x06, 0x30, 0x31, 0x81, 0x8C, 0x0C,
    0x60, 0x63, 0x03, 0x0C, 0x30, 0x7F, 0x81, 0xF8, 0x06, 0xC0, 0x90, 0x24, 0x00, 0x03, 0x0C, 0x61,
    0x8C, 0x31, 0x86, 0x30, 0xC6, 0x18, 0xC3, 0x1C, 0xE1, 0xFC, 0x3D, 0x80, 0x30, 0x31, 0x81, 0x8C,
    0x0C, 0x60, 0x63, 0x03, 0x18, 0x18, 0xC0, 0xC6, 0x06, 0x30, 0x31, 0x81, 0x86, 0x18, 0x3F, 0xC0,
    0xFC, 0x01, 0x00, 0x18, 0x00, 0xE0, 0x30, 0xC3, 0x0C, 0x30, 0xC3, 0x0C, 0x30, 0xC3, 0x0C, 0x30,
    0xC3, 0x9C, 0x1F, 0xC1, 0xEC, 0x00, 0x40, 0x0C, 0x00, 0xE0, 0x00, 0xE0, 0x00, 0x6C, 0x00, 0x00,
    0x01, 0x83, 0x83, 0x60, 0xE0, 0xCC, 0x6C, 0x63, 0x1B, 0x18, 0xC6, 0xC6, 0x31, 0xB1, 0x86, 0xC6,
    0xC1, 0xB1, 0xB0, 0x6C, 0x6C, 0x1B, 0x1B, 0x03, 0x83, 0x80, 0xE0, 0xE0, 0x38, 0x38, 0x01, 0x80,
    0x07, 0x80, 0x19, 0x80, 0x00, 0x03, 0x1C, 0x66, 0x38, 0xCC, 0x51, 0x8D, 0xB6, 0x1B, 0x6C, 0x36,
    0xD8, 0x68, 0xB0, 0x71, 0xC0, 0xE3, 0x81, 0xC7, 0x00, 0x03, 0x00, 0x24, 0x00, 0x00, 0xE0, 0x73,
    0x03, 0x0C, 0x30, 0x33, 0x01, 0x98, 0x07, 0x80, 0x18, 0x00, 0xC0, 0x06, 0x00, 0x30, 0x01, 0x80,
    0x0C, 0x00, 0x60, 0x04, 0x01, 0x40, 0x44, 0x00, 0x06, 0x06, 0xC0, 0xCC, 0x31, 0x86, 0x19, 0x83,
    0x30, 0x3C, 0x07, 0x80, 0x60, 0x0C, 0x01, 0x80, 0x60, 0x3C, 0x07, 0x00, 0x0C, 0xC0, 0x66, 0x00,
    0x00, 0xE0, 0x73, 0x03, 0x0C, 0x30, 0x33, 0x01, 0x98, 0x07, 0x80, 0x18, 0x00, 0xC0, 0x06, 0x00,
    0x30, 0x01, 0x80, 0x0C, 0x00, 0x60, 0x06, 0x00, 0xC0, 0x00, 0x07, 0xFF, 0x7F, 0xF0, 0x0E, 0x01,
    0xC0, 0x18, 0x03, 0x80, 0x70, 0x0E, 0x00, 0xC0, 0x18, 0x03, 0x80, 0x7F, 0xF7, 0xFF, 0x03, 0x03,
    0x03, 0x00, 0x07, 0xFB, 0xFC, 0x0C, 0x0C, 0x0E, 0x0E, 0x06, 0x07, 0x07, 0xFB, 0xFC, 0x03, 0x00,
    0x30, 0x00, 0x07, 0xFF, 0x7F, 0xF0, 0x0E, 0x01, 0xC0, 0x18, 0x03, 0x80, 0x70, 0x0E, 0x00, 0xC0,
    0x18, 0x03, 0x80, 0x7F, 0xF7, 0xFF, 0x0C, 0x06, 0x00, 0x00, 0x07, 0xFB, 0xFC, 0x0C, 0x0C, 0x0E,
    0x0E, 0x06, 0x07, 0x07, 0xFB, 0xFC, 0x0D, 0x80, 0x70, 0x00, 0x07, 0xFF, 0x7F, 0xF0, 0x0E, 0x01,
    0xC0, 0x18, 0x03, 0x80, 0x70, 0x0E, 0x00, 0xC0, 0x18, 0x03, 0x80, 0x7F, 0xF7, 0xFF, 0x33, 0x0F,
    0x03, 0x00, 0x07, 0xFB, 0xFC, 0x0C, 0x0C, 0x0E, 0x0E, 0x06, 0x07, 0x07, 0xFB, 0xFC, 0x1E, 0x7C,
    0xC1, 0x8F, 0x1E, 0x0C, 0x18, 0x30, 0x60, 0xC1, 0x83, 0x06, 0x00, 0x7C, 0x0F, 0x80, 0xC0, 0x18,
    0x03, 0x78, 0x7F, 0x8E, 0x39, 0x83, 0x30, 0x66, 0x0C, 0xC1, 0x9C, 0x73, 0xFC, 0x6F, 0x00, 0x7F,
    0xC1, 0x7F, 0x81, 0x86, 0x06, 0x18, 0x18, 0x60, 0x7F, 0x01, 0xFC, 0x06, 0x18, 0x18, 0x30, 0x60,
    0xC1, 0x87, 0x07, 0xF8, 0x1F, 0xC0, 0x3F, 0xC3, 0xFC, 0x30, 0x03, 0x00, 0x30, 0x03, 0xF8, 0x3F,
    0xC3, 0x0E, 0x30, 0x63, 0x06, 0x30, 0xE3, 0xFC, 0x3F, 0x80, 0x3F, 0xC7, 0xF8, 0xC0, 0x18, 0x03,
    0x78, 0x7F, 0x8E, 0x39, 0x83, 0x30, 0x66, 0x0C, 0xC1, 0x9C, 0x73, 0xFC, 0x6F, 0x00, 0x30, 0x07,
    0x00, 0xF0, 0x03, 0x00, 0x30, 0x03, 0xF8, 0x3F, 0xC3, 0x0E, 0x30, 0x63, 0x06, 0x30, 0xE3, 0xFC,
    0x3F, 0x80, 0x10, 0x06, 0x01, 0xC0, 0x78, 0x03, 0x78, 0x7F, 0x8E, 0x39, 0x83, 0x30, 0x66, 0x0C,
    0xC1, 0x9C, 0x73, 0xFC, 0x6F, 0x00, 0x3F, 0x03, 0xFE, 0x10, 0x38, 0x00, 0xC0, 0x03, 0x00, 0x18,
    0x00, 0xC0, 0x06, 0x00, 0x30, 0x03, 0x10, 0x38, 0xFF, 0x83, 0xF0, 0x00, 0x00, 0x0C, 0x00, 0x38,
    0x00, 0xC0, 0x01, 0x80, 0x7F, 0x03, 0xFE, 0x0E, 0x04, 0x18, 0x00, 0x60, 0x00, 0xC0, 0x01, 0x80,
    0x03, 0x00, 0x06, 0x00, 0x06, 0x00, 0x0E, 0x04, 0x0F, 0xF8, 0x07, 0xE0, 0x00, 0xE0, 0x3C, 0x06,
    0x00, 0xC1, 0xF8, 0x7F, 0x1C, 0x23, 0x00, 0x60, 0x0C, 0x01, 0x80, 0x18, 0x43, 0xF8, 0x1E, 0x00,
    0x3F, 0x80, 0xFF, 0x83, 0x07, 0x0C, 0x0E, 0x30, 0x1B, 0xF8, 0x6F, 0xE1, 0x8C, 0x06, 0x30, 0x18,
    0xC0, 0xE3, 0x07, 0x0F, 0xF8, 0x3F, 0x80, 0x7F, 0xC0, 0x5F, 0xF0, 0x18, 0x38, 0x18, 0x1C, 0x18,
    0x0C, 0x18, 0x0C, 0x18, 0x0C, 0x18, 0x0C, 0x18, 0x0C, 0x18, 0x1C, 0x18, 0x38, 0x1F, 0xF0, 0x1F,
    0xC0, 0x1F, 0xC1, 0xFC, 0x00, 0xC0, 0x0C, 0x00, 0xC1, 0xFC, 0x3F, 0xC7, 0x0C, 0x60, 0xC6, 0x0C,
    0x70, 0xC3, 0xFC, 0x1F, 0xC0, 0x3F, 0xC7, 0xF8, 0x03, 0x00, 0x61, 0xEC, 0x7F, 0x9C, 0x73, 0x06,
    0x60, 0xCC, 0x19, 0x83, 0x38, 0xE3, 0xFC, 0x3D, 0x80, 0x0F, 0x87, 0xF8, 0xC3, 0xB0, 0x36, 0x06,
    0xC0, 0xD8, 0x1B, 0x86, 0x3F, 0x01, 0xF0, 0x03, 0x10, 0x63, 0xFC, 0x3E, 0x00, 0x7F, 0x8F, 0xF0,
    0x06, 0x00, 0xC0, 0x18, 0xFF, 0x1F, 0xE0, 0x0C, 0x01, 0x80, 0x30, 0x06, 0x3F, 0xC7, 0xF8, 0x1F,
    0x80, 0xFF, 0x82, 0x07, 0x00, 0x0C, 0x00, 0x18, 0x00, 0x67, 0xFF, 0x9F, 0xFE, 0x60, 0x18, 0xC0,
    0xC3, 0x87, 0x07, 0xF8, 0x0F, 0xC0, 0x1F, 0x07, 0xF1, 0xC2, 0x30, 0x06, 0x00, 0x7C, 0x0F, 0x83,
    0x80, 0x60, 0x0C, 0x01, 0xC2, 0x1F, 0xC1, 0xF0, 0x1F, 0xE3, 0xFC, 0x60, 0x0C, 0x01, 0x80, 0x3F,
    0x87, 0xF0, 0xC0, 0x18, 0x03, 0x00, 0x60, 0x0C, 0x01, 0x80, 0x30, 0x0E, 0x03, 0x80, 0x60, 0x00,
    0x0F, 0x0F, 0x86, 0x03, 0x03, 0xF1, 0xF8, 0x60, 0x30, 0x18, 0x0C, 0x06, 0x03, 0x01, 0x80, 0xC0,
    0x60, 0x30, 0x30, 0x10, 0x00, 0x00, 0x06, 0x00, 0x1C, 0x00, 0x60, 0x00, 0xC0, 0x7F, 0x81, 0xFF,
    0x07, 0x02, 0x0C, 0x00, 0x30, 0x00, 0x61, 0xF0, 0xC3, 0xE1, 0x80, 0xC3, 0x01, 0x83, 0x03, 0x07,
    0x06, 0x07, 0xF8, 0x07, 0xE0, 0xE0, 0x73, 0x03, 0x1C, 0x38, 0x61, 0x83, 0x9C, 0x0C, 0xC0, 0x3C,
    0x01, 0xE0, 0x06, 0x00, 0x30, 0x03, 0xC0, 0x1E, 0x01, 0x98, 0x0C, 0xC0, 0x66, 0x03, 0xF0, 0x0F,
    0x00, 0x30, 0x00, 0x0C, 0x00, 0x03, 0x00, 0x00, 0xC0, 0x00, 0x37, 0x86, 0x0F, 0xE1, 0xC3, 0x9C,
    0x38, 0xC3, 0x06, 0x30, 0xC1, 0x8C, 0x30, 0x63, 0x0C, 0x18, 0xC3, 0x0E, 0x30, 0xFF, 0x0C, 0x1F,
    0x00, 0x30, 0x60, 0xC1, 0x83, 0x06, 0x0C, 0x18, 0x30, 0x60, 0xC0, 0xE1, 0xC0, 0x30, 0xC3, 0x0C,
    0x30, 0xCF, 0xBE, 0x30, 0xC3, 0x0C, 0x30, 0x30, 0x78, 0xC3, 0xF3, 0x1C, 0xCD, 0xE3, 0x3E, 0x0C,
    0xF0, 0x03, 0xC0, 0x0F, 0x80, 0x37, 0x00, 0xCE, 0x03, 0x1C, 0x0C, 0x38, 0x30, 0x70, 0x1E, 0x07,
    0xC0, 0xC0, 0x18, 0x03, 0x0C, 0x63, 0x0C, 0xC1, 0xB0, 0x3C, 0x07, 0x80, 0xD8, 0x19, 0x83, 0x18,
    0x61, 0x80, 0x31, 0x8C, 0x63, 0x1B, 0xFF, 0x31, 0x8C, 0x63, 0x18, 0x0C, 0x80, 0xF8, 0x7C, 0x1F,
    0x01, 0x30, 0x0E, 0x01, 0xC0, 0x6C, 0x0D, 0x83, 0x30, 0x63, 0x18, 0x63, 0x0C, 0xC0, 0xC0, 0x30,
    0xC3, 0x0C, 0x30, 0xC3, 0x0C, 0x30, 0xC3, 0x0C, 0x30, 0xC3, 0x0C, 0x30, 0xC3, 0x0C, 0x30, 0xC3,
    0x0C, 0x30, 0xC3, 0x0C, 0x30, 0xC3, 0x1C, 0x70, 0x7D, 0xFC, 0x1E, 0x7B, 0x00, 0x1C, 0x18, 0x70,
    0x61, 0xE1, 0x87, 0x86, 0x1B, 0x18, 0x6C, 0x61, 0x99, 0x86, 0x36, 0x18, 0xD8, 0x61, 0xE1, 0x87,
    0x86, 0x0E, 0x18, 0x38, 0x60, 0x03, 0x80, 0x1C, 0x00, 0x60, 0x00, 0x37, 0x87, 0xF0, 0xE7, 0x18,
    0x63, 0x0C, 0x61, 0x8C, 0x31, 0x86, 0x30, 0xC6, 0x18, 0x03, 0x00, 0x60, 0x0C, 0x01, 0x80, 0x0F,
    0xC0, 0x7F, 0x83, 0x87, 0x0C, 0x0C, 0x60, 0x19, 0xFF, 0xE7, 0xFF, 0x98, 0x06, 0x60, 0x18, 0xC0,
    0xC3, 0x87, 0x07, 0xF8, 0x0F, 0xC0, 0x00, 0x02, 0x0F, 0xC2, 0x1F, 0xFE, 0x38, 0x70, 0x30, 0x30,
    0x60, 0x18, 0x60, 0x18, 0x60, 0x18, 0x60, 0x18, 0x60, 0x18, 0x30, 0x30, 0x38, 0x70, 0x1F, 0xE0,
    0x0F, 0xC0, 0x00, 0x01, 0xE0, 0xFF, 0x98, 0x66, 0x06, 0xC0, 0xD8, 0x1B, 0x03, 0x30, 0xC7, 0xF8,
    0x3C, 0x00, 0x07, 0xFC, 0x0F, 0xFF, 0x0E, 0x0D, 0xC6, 0x06, 0x66, 0x03, 0x33, 0x01, 0x99, 0x80,
    0xCC, 0xC0, 0x66, 0x60, 0x33, 0x18, 0x19, 0x8E, 0x0C, 0xC3, 0xFE, 0x60, 0x7C, 0x30, 0x1F, 0xF0,
    0xFF, 0xE7, 0x19, 0x98, 0x66, 0x61, 0x99, 0x86, 0x66, 0x19, 0x9C, 0x66, 0x3F, 0x98, 0x7C, 0x60,
    0x01, 0x80, 0x06, 0x00, 0x18, 0x00, 0x60, 0x7F, 0x82, 0xFE, 0x06, 0x38, 0x30, 0xC1, 0x86, 0x0C,
    0x70, 0x7F, 0x03, 0xF0, 0x18, 0x00, 0xC0, 0x06, 0x00, 0x30, 0x01, 0x80, 0x00, 0x1E, 0x03, 0xC0,
    0xC0, 0x18, 0x03, 0x78, 0x7F, 0x8E, 0x39, 0x83, 0x30, 0x66, 0x0C, 0xC1, 0x9C, 0x73, 0xFC, 0x6F,
    0x0C, 0x01, 0x80, 0x30, 0x06, 0x00, 0x30, 0x01, 0x80, 0x0F, 0xC0, 0x7F, 0x03, 0x1C, 0x18, 0x60,
    0xC3, 0x06, 0x38, 0x3F, 0x81, 0xF8, 0x0C, 0x60, 0x61, 0x83, 0x0C, 0x00, 0x30, 0x00, 0xC0, 0x1F,
    0x07, 0xF0, 0x87, 0x00, 0x60, 0x0C, 0x1F, 0x07, 0xC1, 0x80, 0x60, 0x0C, 0x01, 0xC1, 0x1F, 0xE1,
    0xF8, 0x3E, 0x3F, 0x90, 0xC0, 0xE3, 0xE3, 0xC1, 0x80, 0xC2, 0x7F, 0x1F, 0x00, 0x3F, 0xC7, 0xF8,
    0x60, 0x06, 0x00, 0x60, 0x06, 0x00, 0xE0, 0x38, 0x0E, 0x03, 0x80, 0xE0, 0x1F, 0xE3, 0xFC, 0x1C,
    0x07, 0x81, 0xF8, 0x7E, 0x06, 0x01, 0x80, 0x60, 0x18, 0x06, 0x01, 0x80, 0x60, 0x18, 0x06, 0x01,
    0x80, 0x60, 0x18, 0x07, 0xC0, 0xF0, 0x30, 0x60, 0xC3, 0xF7, 0xE6, 0x0C, 0x18, 0x30, 0x60, 0xC1,
    0xF1, 0xE0, 0xC1, 0x8F, 0x1C, 0x3F, 0xF7, 0xFF, 0x66, 0x06, 0x60, 0x06, 0x00, 0x60, 0x06, 0x00,
    0x60, 0x06, 0x00, 0x60, 0x06, 0x00, 0x60, 0x06, 0x00, 0x1E, 0x3C, 0xC1, 0x87, 0xEF, 0xCC, 0x18,
    0x30, 0x60, 0xC1, 0x83, 0xE3, 0xC0, 0x7F, 0xFB, 0xFF, 0xC0, 0xC0, 0x06, 0x00, 0x30, 0x01, 0x80,
    0x0C, 0x00, 0x60, 0x03, 0x00, 0x18, 0x00, 0xC0, 0x06, 0x00, 0x30, 0x01, 0x80, 0x0E, 0x00, 0x3C,
    0x00, 0xE0, 0x00, 0x02, 0x60, 0x64, 0xC0, 0xF9, 0x81, 0x83, 0x03, 0x06, 0x06, 0x0C, 0x0C, 0x18,
    0x18, 0x30, 0x30, 0x60, 0x60, 0xC0, 0xC0, 0xC3, 0x01, 0xFE, 0x01, 0xF8, 0x00, 0x00, 0x09, 0x86,
    0x4C, 0x3E, 0x61, 0x83, 0x0C, 0x18, 0x60, 0xC3, 0x06, 0x18, 0x39, 0xC0, 0xFE, 0x07, 0xB0, 0x7C,
    0xF9, 0xF3, 0xE1, 0x86, 0x0C, 0x0C, 0x30, 0x31, 0x80, 0x66, 0x01, 0x98, 0x06, 0x60, 0x19, 0xC0,
    0xE3, 0x87, 0x07, 0xF8, 0x0F, 0xC0, 0x30, 0x01, 0x80, 0x0C, 0x38, 0x60, 0xE3, 0x03, 0x18, 0x0C,
    0xC0, 0x66, 0x03, 0x30, 0x19, 0x81, 0xCE, 0x1C, 0x3F, 0xC0, 0xF8, 0x00, 0x70, 0x3C, 0x70, 0xFC,
    0x61, 0x98, 0x66, 0x30, 0xFC, 0x00, 0xF0, 0x00, 0xC0, 0x01, 0x80, 0x03, 0x00, 0x06, 0x00, 0x0C,
    0x00, 0x18, 0x00, 0x30, 0x00, 0x60, 0x39, 0x81, 0xF3, 0x0C, 0xCC, 0x33, 0x19, 0x80, 0x66, 0x00,
    0xF0, 0x03, 0xC0, 0x06, 0x00, 0x18, 0x00, 0x40, 0x03, 0x00, 0x3C, 0x00, 0xE0, 0x00, 0x7F, 0xF7,
    0xFF, 0x00, 0xE0, 0x0C, 0x01, 0xC0, 0x38, 0x3F, 0xE3, 0xFE, 0x0C, 0x01, 0x80, 0x38, 0x07, 0xFF,
    0x7F, 0xF0, 0x7F, 0xBF, 0xC0, 0xC0, 0xE3, 0xF1, 0xF8, 0x60, 0x70, 0x7F, 0xBF, 0xC0, 0x3F, 0xE3,
    0xFE, 0x00, 0xC0, 0x1C, 0x03, 0x80, 0x30, 0x07, 0xC0, 0x7E, 0x00, 0x70, 0x03, 0x20, 0x73, 0xFE,
    0x1F, 0xC0, 0x3F, 0xE3, 0xFE, 0x18, 0x01, 0xC0, 0x0E, 0x00, 0x60, 0x1F, 0x03, 0xF0, 0x70, 0x06,
    0x00, 0x70, 0x23, 0xFE, 0x1F, 0xC0, 0x3F, 0xCF, 0xF1, 0xC0, 0x38, 0x07, 0x03, 0xC3, 0xF1, 0xC0,
    0x60, 0x18, 0x06, 0x01, 0xC1, 0x3F, 0xC3, 0xE0, 0x7F, 0x80, 0xC0, 0xC0, 0xC0, 0xC0, 0xF0, 0x0E,
    0x03, 0x03, 0x1F, 0x18, 0x0C, 0x07, 0xF0, 0xF8, 0x7F, 0x0C, 0x30, 0x02, 0x00, 0x60, 0x08, 0x03,
    0x0F, 0xE1, 0xFC, 0x0C, 0x03, 0x00, 0xC0, 0x3F, 0xE7, 0xFC, 0x00, 0x00, 0x3F, 0xC3, 0xFC, 0x30,
    0x03, 0x00, 0x30, 0x03, 0x00, 0x3F, 0x83, 0xFC, 0x00, 0xE6, 0x06, 0x60, 0x67, 0x0E, 0x3F, 0xC1,
    0xF8, 0x3F, 0x8F, 0xE3, 0x00, 0xC0, 0x30, 0x0C, 0x03, 0xF0, 0xFE, 0x01, 0xC0, 0x30, 0x0D, 0x07,
    0x7F, 0x8F, 0xC0, 0x18, 0x0C, 0x06, 0x0F, 0xC1, 0x80, 0xC0, 0x78, 0x06, 0x03, 0x01, 0x80, 0xC8,
    0xE7, 0xE0, 0x00, 0x33, 0xC7, 0xFC, 0xE3, 0x98, 0x33, 0x06, 0x60, 0x8C, 0x31, 0x9C, 0x3F, 0x07,
    0x80, 0xE0, 0x18, 0x03, 0x00, 0x60, 0x00, 0x31, 0x8C, 0x63, 0x18, 0xC6, 0x31, 0x8C, 0x63, 0x18,
    0xC6, 0x31, 0x80, 0x33, 0x19, 0x8C, 0xC6, 0x63, 0x31, 0x98, 0xCC, 0x66, 0x33, 0x19, 0x8C, 0xC6,
    0x63, 0x31, 0x98, 0xCC, 0x66, 0x33, 0x19, 0x80, 0x18, 0x0C, 0x06, 0x03, 0x01, 0x87, 0xFB, 0xFC,
    0x30, 0x18, 0x7F, 0xBF, 0xC3, 0x01, 0x80, 0xC0, 0x60, 0x30, 0x18, 0x0C, 0x00, 0x31, 0x8C, 0x63,
    0x18, 0xC6, 0x30, 0x00, 0x63, 0x00, 0x00, 0x00, 0x6C, 0x00, 0x00, 0x0E, 0x00, 0x00, 0x00, 0x00,
    0xFE, 0x0F, 0xFE, 0x3F, 0xE3, 0xFF, 0x8C, 0x1C, 0x01, 0xC3, 0x03, 0x80, 0xE0, 0xC0, 0x60, 0x30,
    0x30, 0x18, 0x1C, 0x0C, 0x06, 0x0E, 0x03, 0x01, 0x87, 0x00, 0xC0, 0x61, 0x80, 0x30, 0x38, 0xC0,
    0x0C, 0x1C, 0x70, 0x03, 0xFE, 0x3F, 0xF8, 0xFE, 0x0F, 0xFE, 0x00, 0x01, 0x98, 0x7F, 0x01, 0xE0,
    0xFF, 0x81, 0x81, 0x83, 0x80, 0x03, 0x03, 0xBF, 0xC6, 0x03, 0x7F, 0x8C, 0x06, 0x06, 0x18, 0x0C,
    0x18, 0x30, 0x18, 0x70, 0x60, 0x31, 0xC0, 0xC0, 0xE3, 0x01, 0x83, 0x8E, 0x03, 0xFE, 0x3F, 0xC7,
    0xF0, 0x7F, 0x80, 0x00, 0xC6, 0x60, 0x06, 0x1E, 0x00, 0x30, 0x60, 0x01, 0x80, 0x01, 0xEC, 0xFF,
    0x1F, 0xE7, 0xF9, 0xC7, 0x01, 0x8C, 0x18, 0x18, 0x60, 0xC1, 0xC3, 0x06, 0x1C, 0x18, 0x30, 0xC0,
    0xE3, 0x8E, 0x03, 0xFC, 0xFF, 0x0F, 0x67, 0xF8, 0x30, 0x0C, 0x60, 0x18, 0xC0, 0x31, 0x80, 0x63,
    0x00, 0xC6, 0x01, 0x8C, 0x03, 0x18, 0x06, 0x30, 0x0C, 0x60, 0x18, 0xC0, 0x31, 0xFE, 0x63, 0xFC,
    0xC0, 0x01, 0x80, 0x07, 0x00, 0x3C, 0x00, 0x70, 0x00, 0x0C, 0xC0, 0x33, 0x00, 0x0C, 0x00, 0x30,
    0x0C, 0xC0, 0x33, 0x00, 0xCC, 0x03, 0x30, 0x0C, 0xC0, 0x33, 0x00, 0xCC, 0x03, 0x3F, 0xCC, 0xFF,
    0x30, 0x00, 0xC0, 0x03, 0x00, 0x3C, 0x00, 0xE0, 0x36, 0x36, 0x30, 0x30, 0x36, 0x36, 0x36, 0x36,
    0x36, 0x36, 0x36, 0x36, 0x36, 0x36, 0x06, 0x06, 0x1E, 0x1C, 0x38, 0x33, 0x1C, 0x19, 0x8F, 0x0C,
    0xC7, 0x86, 0x63, 0x63, 0x31, 0xB1, 0x98, 0xCC, 0xCC, 0x63, 0x66, 0x31, 0xB3, 0x18, 0x79, 0x8C,
    0x3C, 0xC6, 0x0E, 0x63, 0x07, 0x30, 0x00, 0x18, 0x00, 0x1C, 0x00, 0x3C, 0x00, 0x1C, 0x00, 0x00,
    0x03, 0x1C, 0x19, 0x8E, 0x0C, 0x07, 0x86, 0x03, 0xC3, 0x31, 0xB1, 0x98, 0xD8, 0xCC, 0x66, 0x66,
    0x31, 0xB3, 0x18, 0xD9, 0x8C, 0x3C, 0xC6, 0x1E, 0x63, 0x07, 0x31, 0x83, 0x98, 0x00, 0x0C, 0x00,
    0x06, 0x00, 0x0F, 0x00, 0x07, 0x00, 0x00, 0x0C, 0x00, 0x30, 0x00, 0x00, 0x00, 0x37, 0x8C, 0xFE,
    0x33, 0x9C, 0xCC, 0x33, 0x30, 0xCC, 0xC3, 0x33, 0x0C, 0xCC, 0x33, 0x30, 0xCC, 0xC3, 0x30, 0x00,
    0xC0, 0x03, 0x00, 0x3C, 0x00, 0xE0, 0x09, 0x00, 0x30, 0x00, 0x00, 0x0C, 0x00, 0x60, 0x07, 0x80,
    0x3C, 0x03, 0x30, 0x19, 0x80, 0xCC, 0x0C, 0x30, 0x7F, 0x87, 0xFE, 0x30, 0x31, 0x81, 0x98, 0x06,
    0x33, 0x03, 0xC0, 0x30, 0x00, 0x01, 0xE0, 0x7E, 0x08, 0xE0, 0x0C, 0x1F, 0x8F, 0xF1, 0x86, 0x31,
    0xC7, 0xF8, 0x7B, 0x00, 0x24, 0x30, 0x00, 0xC1, 0x83, 0x06, 0x0C, 0x18, 0x30, 0x60, 0xC1, 0x83,
    0x06, 0x0C, 0x66, 0x78, 0x60, 0x01, 0x83, 0x06, 0x0C, 0x18, 0x30, 0x60, 0xC1, 0x83, 0x00, 0x06,
    0xC0, 0x0E, 0x00, 0x00, 0x03, 0xF0, 0x1F, 0xE0, 0xE1, 0xC3, 0x03, 0x18, 0x06, 0x60, 0x19, 0x80,
    0x66, 0x01, 0x98, 0x06, 0x30, 0x30, 0xE1, 0xC1, 0xFE, 0x03, 0xF0, 0x19, 0x81, 0xE0, 0x18, 0x00,
    0x00, 0xF0, 0x7F, 0x8C, 0x33, 0x03, 0x60, 0x6C, 0x0D, 0x81, 0x98, 0x63, 0xFC, 0x1E, 0x00, 0x04,
    0x80, 0x18, 0x00, 0x00, 0x60, 0x63, 0x03, 0x18, 0x18, 0xC0, 0xC6, 0x06, 0x30, 0x31, 0x81, 0x8C,
    0x0C, 0x60, 0x63, 0x03, 0x0C, 0x30, 0x7F, 0x81, 0xF8, 0x19, 0x81, 0xE0, 0x18, 0x00, 0x03, 0x0C,
    0x61, 0x8C, 0x31, 0x86, 0x30, 0xC6, 0x18, 0xC3, 0x1C, 0xE1, 0xFC, 0x3D, 0x80, 0x00, 0x00, 0x7C,
    0x03, 0x30, 0x19, 0x80, 0x00, 0x18, 0x18, 0xC0, 0xC6, 0x06, 0x30, 0x31, 0x81, 0x8C, 0x0C, 0x60,
    0x63, 0x03, 0x18, 0x18, 0xC0, 0xC3, 0x0C, 0x1F, 0xE0, 0x7E, 0x00, 0x1F, 0x03, 0xE0, 0x66, 0x0C,
    0xC0, 0x00, 0x00, 0x0C, 0x31, 0x86, 0x30, 0xC6, 0x18, 0xC3, 0x18, 0x63, 0x0C, 0x73, 0x87, 0xF0,
    0xF6, 0x00, 0x00, 0x30, 0x03, 0x30, 0x19, 0x80, 0x00, 0x18, 0x18, 0xC0, 0xC6, 0x06, 0x30, 0x31,
    0x81, 0x8C, 0x0C, 0x60, 0x63, 0x03, 0x18, 0x18, 0xC0, 0xC3, 0x0C, 0x1F, 0xE0, 0x7E, 0x00, 0x06,
    0x01, 0x80, 0x66, 0x0C, 0xC0, 0x00, 0x61, 0x8C, 0x31, 0x86, 0x30, 0xC6, 0x18, 0xC3, 0x18, 0x63,
    0x9C, 0x3F, 0x87, 0xB0, 0x00, 0x00, 0x38, 0x03, 0x30, 0x19, 0x80, 0x00, 0x18, 0x18, 0xC0, 0xC6,
    0x06, 0x30, 0x31, 0x81, 0x8C, 0x0C, 0x60, 0x63, 0x03, 0x18, 0x18, 0xC0, 0xC3, 0x0C, 0x1F, 0xE0,
    0x7E, 0x00, 0x1B, 0x01, 0xC0, 0x66, 0x0C, 0xC0, 0x00, 0x61, 0x8C, 0x31, 0x86, 0x30, 0xC6, 0x18,
    0xC3, 0x18, 0x63, 0x9C, 0x3F, 0x87, 0xB0, 0x00, 0x00, 0x30, 0x03, 0x30, 0x19, 0x80, 0x00, 0x18,
    0x18, 0xC0, 0xC6, 0x06, 0x30, 0x31, 0x81, 0x8C, 0x0C, 0x60, 0x63, 0x03, 0x18, 0x18, 0xC0, 0xC3,
    0x0C, 0x1F, 0xE0, 0x7E, 0x00, 0x18, 0x01, 0x80, 0x66, 0x0C, 0xC0, 0x00, 0x61, 0x8C, 0x31, 0x86,
    0x30, 0xC6, 0x18, 0xC3, 0x18, 0x63, 0x9C, 0x3F, 0x87, 0xB0, 0x3F, 0x0F, 0xF9, 0x03, 0x00, 0x37,
    0xFE, 0xFF, 0xD8, 0x1B, 0x86, 0x3F, 0xC3, 0xE0, 0x00, 0x00, 0x7C, 0x03, 0x30, 0x19, 0x80, 0x00,
    0x03, 0x00, 0x18, 0x01, 0xE0, 0x0F, 0x00, 0xCC, 0x06, 0x60, 0x33, 0x03, 0x0C, 0x1F, 0xE1, 0xFF,
    0x8C, 0x0C, 0x60, 0x66, 0x01, 0x80, 0x1F, 0x03, 0xE0, 0xCC, 0x19, 0x80, 0x00, 0x00, 0x07, 0x81,
    0xF8, 0x23, 0x80, 0x30, 0x7E, 0x3F, 0xC6, 0x18, 0xC7, 0x1F, 0xE1, 0xEC, 0x00, 0x00, 0x7C, 0x00,
    0xC0, 0x06, 0x00, 0x00, 0x03, 0x00, 0x18, 0x01, 0xE0, 0x0F, 0x00, 0xCC, 0x06, 0x60, 0x33, 0x03,
    0x0C, 0x1F, 0xE1, 0xFF, 0x8C, 0x0C, 0x60, 0x66, 0x01, 0x80, 0x1F, 0x03, 0xE0, 0x18, 0x03, 0x00,
    0x00, 0x3C, 0x0F, 0xC1, 0x1C, 0x01, 0x83, 0xF1, 0xFE, 0x30, 0xC6, 0x38, 0xFF, 0x0F, 0x60, 0x00,
    0xF8, 0x00, 0x3E, 0x00, 0x00, 0x00, 0x1F, 0xFC, 0x07, 0xFF, 0x01, 0xB0, 0x00, 0xCC, 0x00, 0x33,
    0x00, 0x18, 0xFF, 0x06, 0x3F, 0xC3, 0x0C, 0x00, 0xFF, 0x00, 0x3F, 0xC0, 0x18, 0x30, 0x06, 0x0F,
    0xF3, 0x03, 0xFC, 0x03, 0xE0, 0x00, 0xF8, 0x00, 0x00, 0x00, 0x78, 0xF0, 0x3F, 0x7E, 0x08, 0xF1,
    0xC0, 0x18, 0x30, 0x7F, 0xFC, 0x7F, 0xFF, 0x18, 0x60, 0x06, 0x3C, 0x11, 0xFB, 0xFC, 0x3C, 0x3E,
    0x00, 0x07, 0xE0, 0x7F, 0xC3, 0x81, 0x0C, 0x00, 0x60, 0x01, 0x87, 0x86, 0x1F, 0x18, 0x0C, 0x60,
    0xF8, 0xC0, 0xC3, 0x83, 0x07, 0xF8, 0x0F, 0xC0, 0x1E, 0xC3, 0xFC, 0x71, 0xC6, 0x0C, 0x60, 0xC6,
    0x0C, 0x60, 0xC7, 0x1C, 0x3F, 0xC1, 0xEC, 0x3F, 0xE2, 0x18, 0x3F, 0x81, 0xE0, 0x04, 0x80, 0x0C,
    0x00, 0x00, 0x01, 0xF8, 0x1F, 0xF0, 0xE0, 0x43, 0x00, 0x18, 0x00, 0x61, 0xF1, 0x87, 0xC6, 0x03,
    0x18, 0x0C, 0x30, 0x30, 0xE0, 0xC1, 0xFE, 0x03, 0xF0, 0x19, 0x81, 0xE0, 0x18, 0x00, 0x01, 0xEC,
    0x7F, 0x9C, 0x73, 0x06, 0x60, 0xCC, 0x19, 0x83, 0x38, 0xE3, 0xFC, 0x3D, 0x80, 0x31, 0x0C, 0x3F,
    0x83, 0xE0, 0x1B, 0x00, 0x70, 0x00, 0x00, 0x60, 0xC3, 0x0C, 0x18, 0xC0, 0xCC, 0x06, 0xC0, 0x3C,
    0x01, 0xE0, 0x0D, 0x80, 0x66, 0x03, 0x18, 0x18, 0x60, 0xC1, 0x86, 0x06, 0x24, 0x01, 0x80, 0x00,
    0x01, 0x80, 0x18, 0x01, 0x80, 0x18, 0x61, 0x8C, 0x19, 0x81, 0xB0, 0x1E, 0x01, 0xE0, 0x1B, 0x01,
    0x98, 0x18, 0xC1, 0x86, 0x0F, 0xC0, 0x7F, 0x83, 0x87, 0x0C, 0x0C, 0x60, 0x19, 0x80, 0x66, 0x01,
    0x98, 0x06, 0x60, 0x18, 0xC0, 0xC3, 0x87, 0x07, 0xF8, 0x0F, 0xC0, 0x04, 0x00, 0x30, 0x00, 0xE0,
    0x0F, 0x07, 0xF8, 0xC3, 0x30, 0x36, 0x06, 0xC0, 0xD8, 0x19, 0x86, 0x3F, 0xC1, 0xE0, 0x10, 0x06,
    0x00, 0xE0, 0x07, 0xC0, 0x1F, 0x00, 0x00, 0x03, 0xF0, 0x1F, 0xE0, 0xE1, 0xC3, 0x03, 0x18, 0x06,
    0x60, 0x19, 0x80, 0x66, 0x01, 0x98, 0x06, 0x30, 0x30, 0xE1, 0xC1, 0xFE, 0x03, 0xF0, 0x01, 0x00,
    0x0C, 0x00, 0x38, 0x00, 0x1F, 0x03, 0xE0, 0x00, 0x07, 0x83, 0xFC, 0x61, 0x98, 0x1B, 0x03, 0x60,
    0x6C, 0x0C, 0xC3, 0x1F, 0xE0, 0xF0, 0x08, 0x03, 0x00, 0x70, 0x0D, 0x80, 0x70, 0x00, 0x03, 0xFE,
    0x3F, 0xE0, 0x0C, 0x01, 0xC0, 0x38, 0x03, 0x00, 0x7C, 0x07, 0xE0, 0x07, 0x00, 0x32, 0x07, 0x3F,
    0xE1, 0xFC, 0x33, 0x07, 0x80, 0xC0, 0x00, 0x7F, 0x9F, 0xE0, 0x70, 0x38, 0x1C, 0x07, 0x81, 0xF8,
    0x07, 0x00, 0xC0, 0x30, 0x0D, 0x07, 0x7F, 0x8F, 0x80, 0x66, 0x78, 0x60, 0x01, 0x83, 0x06, 0x0C,
    0x18, 0x30, 0x60, 0xC1, 0x83, 0x06, 0x0C, 0x78, 0xE0, 0x3F, 0x83, 0xFF, 0x8F, 0xF8, 0xFF, 0xE3,
    0x07, 0x00, 0x70, 0xC0, 0xE0, 0x38, 0x30, 0x18, 0x0C, 0x0C, 0x06, 0x07, 0x03, 0x01, 0x83, 0x80,
    0xC0, 0x61, 0xC0, 0x30, 0x18, 0x60, 0x0C, 0x0E, 0x30, 0x03, 0x07, 0x1C, 0x00, 0xFF, 0x8F, 0xFE,
    0x3F, 0x83, 0xFF, 0x80, 0x3F, 0x80, 0x00, 0x7F, 0xC0, 0x00, 0xC1, 0xC0, 0x01, 0x81, 0xDF, 0xE3,
    0x01, 0xBF, 0xC6, 0x03, 0x03, 0x0C, 0x06, 0x0C, 0x18, 0x0C, 0x38, 0x30, 0x18, 0xE0, 0x60, 0x71,
    0x80, 0xC1, 0xC7, 0x01, 0xFF, 0x1F, 0xE3, 0xF8, 0x3F, 0xC0, 0x00, 0xC0, 0x00, 0x06, 0x00, 0x00,
    0x30, 0x00, 0x01, 0x80, 0x01, 0xEC, 0xFF, 0x1F, 0xE7, 0xF9, 0xC7, 0x01, 0x8C, 0x18, 0x18, 0x60,
    0xC1, 0xC3, 0x06, 0x1C, 0x18, 0x30, 0xC0, 0xE3, 0x8E, 0x03, 0xFC, 0xFF, 0x0F, 0x67, 0xF8, 0x03,
    0x00, 0x18, 0x00, 0x00, 0x01, 0xF8, 0x1F, 0xF0, 0xE0, 0x43, 0x00, 0x18, 0x00, 0x61, 0xF1, 0x87,
    0xC6, 0x03, 0x18, 0x0C, 0x30, 0x30, 0xE0, 0xC1, 0xFE, 0x03, 0xF0, 0x06, 0x01, 0x80, 0x60, 0x00,
    0x01, 0xEC, 0x7F, 0x9C, 0x73, 0x06, 0x60, 0xCC, 0x19, 0x83, 0x38, 0xE3, 0xFC, 0x3D, 0x80, 0x31,
    0x0C, 0x3F, 0x83, 0xE0, 0x30, 0x30, 0x03, 0x03, 0x00, 0x30, 0x30, 0x03, 0x03, 0x06, 0x30, 0x30,
    0x63, 0xFF, 0x06, 0x3F, 0xF0, 0x63, 0x03, 0x06, 0x30, 0x30, 0x63, 0x03, 0x06, 0x30, 0x38, 0xE3,
    0x01, 0xFC, 0x30, 0x0F, 0x80, 0x33, 0xE3, 0xFF, 0x3C, 0x73, 0x03, 0x30, 0x33, 0x03, 0x30, 0x63,
    0x0C, 0x33, 0x83, 0xF0, 0x3E, 0x03, 0x80, 0x30, 0x03, 0x00, 0x30, 0x03, 0x00, 0x30, 0x00, 0x03,
    0x00, 0x0C, 0x00, 0x00, 0x70, 0x63, 0x83, 0x1E, 0x18, 0xF0, 0xC6, 0xC6, 0x36, 0x31, 0x99, 0x8C,
    0x6C, 0x63, 0x63, 0x0F, 0x18, 0x78, 0xC1, 0xC6, 0x0E, 0x0C, 0x00, 0xC0, 0x0C, 0x00, 0x03, 0x78,
    0x7F, 0x0E, 0x71, 0x86, 0x30, 0xC6, 0x18, 0xC3, 0x18, 0x63, 0x0C, 0x61, 0x80, 0x06, 0x00, 0x4B,
    0x02, 0x70, 0x12, 0x00, 0x60, 0x03, 0x00, 0x3C, 0x01, 0xE0, 0x19, 0x80, 0xCC, 0x06, 0x60, 0x61,
    0x83, 0xFC, 0x3F, 0xF1, 0x81, 0x8C, 0x0C, 0xC0, 0x30, 0x0E, 0xC2, 0x30, 0x44, 0x08, 0x80, 0xE0,
    0x00, 0x07, 0x81, 0xF8, 0x23, 0x80, 0x30, 0x7E, 0x3F, 0xC6, 0x18, 0xC7, 0x1F, 0xE1, 0xEC, 0x00,
    0x60, 0x00, 0x30, 0x00, 0x00, 0x00, 0x1F, 0xFC, 0x07, 0xFF, 0x01, 0xB0, 0x00, 0xCC, 0x00, 0x33,
    0x00, 0x18, 0xFF, 0x06, 0x3F, 0xC3, 0x0C, 0x00, 0xFF, 0x00, 0x3F, 0xC0, 0x18, 0x30, 0x06, 0x0F,
    0xF3, 0x03, 0xFC, 0x00, 0xC0, 0x00, 0x60, 0x00, 0x30, 0x00, 0x00, 0x00, 0x1E, 0x3C, 0x0F, 0xDF,
    0x82, 0x3C, 0x70, 0x06, 0x0C, 0x1F, 0xFF, 0x1F, 0xFF, 0xC6, 0x18, 0x01, 0x8F, 0x04, 0x7E, 0xFF,
    0x0F, 0x0F, 0x80, 0x03, 0x00, 0x18, 0x00, 0x00, 0x03, 0xE2, 0x1F, 0xD0, 0xE1, 0xC7, 0x07, 0x18,
    0x36, 0x61, 0x99, 0x8C, 0x66, 0x61, 0x9B, 0x06, 0x38, 0x38, 0xE1, 0xC2, 0xFE, 0x11, 0xF0, 0x00,
    0x00, 0x06, 0x01, 0x80, 0x60, 0x00, 0x10, 0xF2, 0x7F, 0x8C, 0x33, 0x0B, 0x62, 0x6C, 0x8D, 0xA1,
    0x98, 0x63, 0xFC, 0x9E, 0x10, 0x00, 0x1B, 0x00, 0x6C, 0x00, 0x00, 0x0C, 0x00, 0x60, 0x07, 0x80,
    0x3C, 0x03, 0x30, 0x19, 0x80, 0xCC, 0x0C, 0x30, 0x7F, 0x87, 0xFE, 0x30, 0x31, 0x81, 0x98, 0x06,
    0x00, 0x00, 0x36, 0x02, 0x40, 0x24, 0x00, 0x01, 0xE0, 0x7E, 0x08, 0xE0, 0x0C, 0x1F, 0x8F, 0xF1,
    0x86, 0x31, 0xC7, 0xF8, 0x7B, 0x00, 0x0F, 0x80, 0x44, 0x00, 0x00, 0x0C, 0x00, 0x60, 0x07, 0x80,
    0x3C, 0x03, 0x30, 0x19, 0x80, 0xCC, 0x0C, 0x30, 0x7F, 0x87, 0xFE, 0x30, 0x31, 0x81, 0x98, 0x06,
    0x00, 0x00, 0x1E, 0x04, 0x20, 0x00, 0x00, 0x01, 0xE0, 0x7E, 0x08, 0xE0, 0x0C, 0x1F, 0x8F, 0xF1,
    0x86, 0x31, 0xC7, 0xF8, 0x7B, 0x00, 0x36, 0x03, 0x60, 0x00, 0x1F, 0xE3, 0xFC, 0x60, 0x0C, 0x01,
    0x80, 0x3F, 0xC7, 0xF8, 0xC0, 0x18, 0x03, 0x00, 0x60, 0x0F, 0xF1, 0xFE, 0x00, 0x00, 0x1B, 0x01,
    0x20, 0x12, 0x00, 0x00, 0xF8, 0x7F, 0x8C, 0x3B, 0x03, 0x7F, 0xEF, 0xFD, 0x80, 0x18, 0x13, 0xFE,
    0x1F, 0x80, 0x1F, 0x02, 0x20, 0x00, 0x1F, 0xE3, 0xFC, 0x60, 0x0C, 0x01, 0x80, 0x3F, 0xC7, 0xF8,
    0xC0, 0x18, 0x03, 0x00, 0x60, 0x0F, 0xF1, 0xFE, 0x00, 0x00, 0x1E, 0x04, 0x20, 0x00, 0x00, 0x00,
    0xF8, 0x7F, 0x8C, 0x3B, 0x03, 0x7F, 0xEF, 0xFD, 0x80, 0x18, 0x13, 0xFE, 0x1F, 0x80, 0x58, 0xD8,
    0x01, 0x83, 0x06, 0x0C, 0x18, 0x30, 0x60, 0xC1, 0x83, 0x06, 0x0C, 0x18, 0x00, 0x6C, 0x48, 0x48,
    0x01, 0x83, 0x06, 0x0C, 0x18, 0x30, 0x60, 0xC1, 0x83, 0x00, 0xF0, 0x40, 0x18, 0x61, 0x86, 0x18,
    0x61, 0x86, 0x18, 0x61, 0x86, 0x18, 0x00, 0x78, 0x08, 0x00, 0x01, 0x83, 0x06, 0x0C, 0x18, 0x30,
    0x60, 0xC1, 0x83, 0x00, 0x0D, 0x80, 0x1B, 0x00, 0x00, 0x03, 0xF0, 0x1F, 0xE0, 0xE1, 0xC3, 0x03,
    0x18, 0x06, 0x60, 0x19, 0x80, 0x66, 0x01, 0x98, 0x06, 0x30, 0x30, 0xE1, 0xC1, 0xFE, 0x03, 0xF0,
    0x00, 0x00, 0x36, 0x02, 0x40, 0x24, 0x00, 0x00, 0xF0, 0x7F, 0x8C, 0x33, 0x03, 0x60, 0x6C, 0x0D,
    0x81, 0x98, 0x63, 0xFC, 0x1E, 0x00, 0x07, 0xC0, 0x11, 0x00, 0x00, 0x03, 0xF0, 0x1F, 0xE0, 0xE1,
    0xC3, 0x03, 0x18, 0x06, 0x60, 0x19, 0x80, 0x66, 0x01, 0x98, 0x06, 0x30, 0x30, 0xE1, 0xC1, 0xFE,
    0x03, 0xF0, 0x00, 0x00, 0x1E, 0x04, 0x20, 0x00, 0x00, 0x00, 0xF0, 0x7F, 0x8C, 0x33, 0x03, 0x60,
    0x6C, 0x0D, 0x81, 0x98, 0x63, 0xFC, 0x1E, 0x00, 0x36, 0x00, 0xD8, 0x00, 0x00, 0x7E, 0x03, 0xF8,
    0x18, 0xE0, 0xC3, 0x06, 0x18, 0x31, 0xC1, 0xFC, 0x0F, 0xC0, 0x63, 0x03, 0x0C, 0x18, 0x60, 0xC1,
    0x86, 0x0E, 0x00, 0x00, 0x6C, 0x24, 0x12, 0x00, 0x37, 0x3F, 0x38, 0x30, 0x30, 0x30, 0x30, 0x30,
    0x30, 0x30, 0x1F, 0x00, 0x88, 0x00, 0x00, 0x7E, 0x03, 0xF8, 0x18, 0xE0, 0xC3, 0x06, 0x18, 0x31,
    0xC1, 0xFC, 0x0F, 0xC0, 0x63, 0x03, 0x0C, 0x18, 0x60, 0xC1, 0x86, 0x0E, 0x00, 0x00, 0x3C, 0x42,
    0x00, 0x00, 0x37, 0x3F, 0x38, 0x30, 0x30, 0x30, 0x30, 0x30, 0x30, 0x30, 0x1B, 0x00, 0x6C, 0x00,
    0x00, 0x60, 0x63, 0x03, 0x18, 0x18, 0xC0, 0xC6, 0x06, 0x30, 0x31, 0x81, 0x8C, 0x0C, 0x60, 0x63,
    0x03, 0x0C, 0x30, 0x7F, 0x81, 0xF8, 0x00, 0x00, 0x1B, 0x01, 0x20, 0x12, 0x00, 0x03, 0x0C, 0x61,
    0x8C, 0x31, 0x86, 0x30, 0xC6, 0x18, 0xC3, 0x1C, 0xE1, 0xFC, 0x3D, 0x80, 0x0F, 0x80, 0x44, 0x00,
    0x00, 0x60, 0x63, 0x03, 0x18, 0x18, 0xC0, 0xC6, 0x06, 0x30, 0x31, 0x81, 0x8C, 0x0C, 0x60, 0x63,
    0x03, 0x0C, 0x30, 0x7F, 0x81, 0xF8, 0x00, 0x00, 0x0F, 0x02, 0x10, 0x00, 0x00, 0x03, 0x0C, 0x61,
    0x8C, 0x31, 0x86, 0x30, 0xC6, 0x18, 0xC3, 0x1C, 0xE1, 0xFC, 0x3D, 0x80, 0x1F, 0x07, 0xF1, 0xC2,
    0x30, 0x06, 0x00, 0x7C, 0x07, 0xE0, 0x0E, 0x00, 0xC0, 0x19, 0x07, 0x3F, 0xC3, 0xF0, 0x00, 0x00,
    0x00, 0x30, 0x04, 0x01, 0x80, 0x3E, 0x3F, 0x98, 0x4E, 0x03, 0xE0, 0x78, 0x0C, 0x86, 0x7F, 0x1F,
    0x00, 0x00, 0x00, 0xC0, 0x40, 0x60, 0x7F, 0xFB, 0xFF, 0xC0, 0xC0, 0x06, 0x00, 0x30, 0x01, 0x80,
    0x0C, 0x00, 0x60, 0x03, 0x00, 0x18, 0x00, 0xC0, 0x06, 0x00, 0x30, 0x00, 0x00, 0x00, 0x00, 0x60,
    0x02, 0x00, 0x30, 0x00, 0x30, 0x60, 0xC3, 0xF7, 0xE6, 0x0C, 0x18, 0x30, 0x60, 0xC1, 0xF1, 0xE0,
    0x00, 0x06, 0x08, 0x30, 0x1F, 0x86, 0x30, 0x03, 0x00, 0x60, 0x08, 0x03, 0x00, 0xC0, 0x78, 0x19,
    0xC0, 0x18, 0x03, 0x00, 0x60, 0x18, 0x06, 0x03, 0x83, 0xC0, 0x60, 0x00, 0x00, 0x3E, 0x31, 0x80,
    0x40, 0x60, 0x30, 0x30, 0xF8, 0x42, 0x01, 0x00, 0x80, 0xC1, 0xC7, 0x82, 0x00, 0x00, 0x0D, 0x80,
    0x1C, 0x00, 0x00, 0x0C, 0x0C, 0x30, 0x30, 0xC0, 0xC3, 0x03, 0x0C, 0x0C, 0x3F, 0xF0, 0xFF, 0xC3,
    0x03, 0x0C, 0x0C, 0x30, 0x30, 0xC0, 0xC3, 0x03, 0x0C, 0x0C, 0x24, 0x01, 0x80, 0x00, 0x01, 0x80,
    0x18, 0x01, 0x80, 0x1B, 0xC1, 0xFC, 0x1C, 0xE1, 0x86, 0x18, 0x61, 0x86, 0x18, 0x61, 0x86, 0x18,
    0x61, 0x86, 0x33, 0xC1, 0xFF, 0x0F, 0x1C, 0x70, 0x63, 0x03, 0x18, 0x18, 0xC0, 0xC6, 0x06, 0x30,
    0x31, 0x81, 0x8C, 0x0C, 0x60, 0x63, 0x03, 0x00, 0x18, 0x00, 0xC0, 0x06, 0x00, 0x30, 0x00, 0x00,
    0x00, 0xC0, 0x01, 0x80, 0x03, 0x00, 0x06, 0x01, 0xEC, 0x06, 0x38, 0x18, 0x30, 0x30, 0x60, 0x60,
    0xC0, 0xC1, 0x81, 0x83, 0xF3, 0x07, 0x63, 0x1E, 0xC3, 0xCF, 0x00, 0x30, 0x00, 0x00, 0x03, 0x81,
    0xC6, 0x1C, 0x18, 0xC0, 0xC7, 0x0E, 0x1F, 0xC0, 0xFF, 0x0E, 0x1C, 0x60, 0x63, 0x03, 0x1C, 0x38,
    0x7F, 0x81, 0xF8, 0x00, 0x61, 0x8C, 0x31, 0x86, 0x39, 0xC3, 0xF0, 0x7E, 0x1C, 0xE3, 0x0C, 0x61,
    0x8E, 0x70, 0xFC, 0x0F, 0x00, 0x7F, 0xF7, 0xFF, 0x00, 0xE0, 0x1C, 0x01, 0x80, 0x38, 0x07, 0x00,
    0xE0, 0x0C, 0x01, 0x80, 0x38, 0x07, 0xFF, 0x7F, 0xF0, 0x03, 0x00, 0x30, 0x3F, 0x03, 0xE0, 0x7F,
    0xBF, 0xC0, 0xC0, 0xC0, 0xE0, 0xE0, 0x60, 0x70, 0x7F, 0xBF, 0xC0, 0x60, 0x30, 0xF8, 0x78, 0x03,
    0x00, 0x18, 0x00, 0x00, 0x0C, 0x00, 0x60, 0x07, 0x80, 0x3C, 0x03, 0x30, 0x19, 0x80, 0xCC, 0x0C,
    0x30, 0x7F, 0x87, 0xFE, 0x30, 0x31, 0x81, 0x98, 0x06, 0x06, 0x00, 0xC0, 0x00, 0x00, 0x01, 0xE0,
    0x7E, 0x08, 0xE0, 0x0C, 0x1F, 0x8F, 0xF1, 0x86, 0x31, 0xC7, 0xF8, 0x7B, 0x00, 0x3F, 0xC7, 0xF8,
    0xC0, 0x18, 0x03, 0x00, 0x7F, 0x8F, 0xF1, 0x80, 0x30, 0x06, 0x00, 0xC0, 0x1F, 0xE3, 0xFC, 0x04,
    0x00, 0xC0, 0x78, 0x0F, 0x87, 0xF8, 0xC3, 0xB0, 0x37, 0xFE, 0xFF, 0xD8, 0x01, 0x81, 0x3F, 0xE1,
    0xF8, 0x08, 0x01, 0x80, 0xF0, 0x00, 0x00, 0x1F, 0x00, 0x66, 0x01, 0x98, 0x00, 0x00, 0x3F, 0x01,
    0xFE, 0x0E, 0x1C, 0x30, 0x31, 0x80, 0x66, 0x01, 0x98, 0x06, 0x60, 0x19, 0x80, 0x63, 0x03, 0x0E,
    0x1C, 0x1F, 0xE0, 0x3F, 0x00, 0x1F, 0x03, 0xE0, 0x66, 0x0C, 0xC0, 0x00, 0x00, 0x03, 0xC1, 0xFE,
    0x30, 0xCC, 0x0D, 0x81, 0xB0, 0x36, 0x06, 0x61, 0x8F, 0xF0, 0x78, 0x00, 0x00, 0x1F, 0x00, 0x32,
    0x01, 0x30, 0x00, 0x00, 0x3F, 0x01, 0xFE, 0x0E, 0x1C, 0x30, 0x31, 0x80, 0x66, 0x01, 0x98, 0x06,
    0x60, 0x19, 0x80, 0x63, 0x03, 0x0E, 0x1C, 0x1F, 0xE0, 0x3F, 0x00, 0x1F, 0x03, 0xE0, 0x32, 0x09,
    0x80, 0x00, 0x1E, 0x0F, 0xF1, 0x86, 0x60, 0x6C, 0x0D, 0x81, 0xB0, 0x33, 0x0C, 0x7F, 0x83, 0xC0,
    0x01, 0x80, 0x06, 0x00, 0x00, 0x03, 0xF0, 0x1F, 0xE0, 0xE1, 0xC3, 0x03, 0x18, 0x06, 0x60, 0x19,
    0x80, 0x66, 0x01, 0x98, 0x06, 0x30, 0x30, 0xE1, 0xC1, 0xFE, 0x03, 0xF0, 0x06, 0x00, 0xC0, 0x00,
    0x00, 0x00, 0xF0, 0x7F, 0x8C, 0x33, 0x03, 0x60, 0x6C, 0x0D, 0x81, 0x98, 0x63, 0xFC, 0x1E, 0x00,
    0x00, 0x00, 0x1F, 0x00, 0x18, 0x00, 0x60, 0x00, 0x00, 0x3F, 0x01, 0xFE, 0x0E, 0x1C, 0x30, 0x31,
    0x80, 0x66, 0x01, 0x98, 0x06, 0x60, 0x19, 0x80, 0x63, 0x03, 0x0E, 0x1C, 0x1F, 0xE0, 0x3F, 0x00,
    0x1F, 0x03, 0xE0, 0x18, 0x03, 0x00, 0x00, 0x00, 0x03, 0xC1, 0xFE, 0x30, 0xCC, 0x0D, 0x81, 0xB0,
    0x36, 0x06, 0x61, 0x8F, 0xF0, 0x78, 0x0F, 0x80, 0x7C, 0x00, 0x00, 0xE0, 0x73, 0x03, 0x0C, 0x30,
    0x33, 0x01, 0x98, 0x07, 0x80, 0x18, 0x00, 0xC0, 0x06, 0x00, 0x30, 0x01, 0x80, 0x0C, 0x00, 0x60,
    0x1F, 0x03, 0xE0, 0x00, 0x30, 0x36, 0x06, 0x61, 0x8C, 0x30, 0xCC, 0x19, 0x81, 0xE0, 0x3C, 0x03,
    0x00, 0x60, 0x0C, 0x03, 0x01, 0xE0, 0x38, 0x00, 0x20, 0x10, 0x08, 0x04, 0x02, 0x01, 0x00, 0x80,
    0x40, 0x20, 0x10, 0x0B, 0x87, 0x63, 0x21, 0xF0, 0x80, 0x00, 0x2F, 0x80, 0x73, 0x00, 0xC3, 0x01,
    0x06, 0x02, 0x0C, 0x04, 0x18, 0x08, 0x3F, 0x10, 0x72, 0x20, 0xEC, 0x40, 0xF0, 0x03, 0x00, 0x00,
    0x00, 0x00, 0x00, 0x20, 0x10, 0x08, 0x1F, 0xC2, 0x01, 0x00, 0x80, 0x40, 0x20, 0x17, 0x0E, 0xC6,
    0x43, 0xE1, 0x00, 0x00, 0x18, 0x61, 0x86, 0x18, 0x61, 0x86, 0x18, 0x61, 0x86, 0x79, 0xC0, 0x00,
    0xC0, 0x00, 0x30, 0x00, 0x0C, 0x00, 0x03, 0x00, 0x1E, 0xDE, 0x0F, 0xFF, 0xC7, 0x1E, 0x39, 0x83,
    0x06, 0x60, 0xC1, 0x98, 0x30, 0x66, 0x0C, 0x19, 0xC7, 0x8E, 0x3F, 0xFF, 0x07, 0xB7, 0x80, 0x1E,
    0xDE, 0x0F, 0xFF, 0xC7, 0x1E, 0x39, 0x83, 0x06, 0x60, 0xC1, 0x98, 0x30, 0x66, 0x0C, 0x19, 0xC7,
    0x8E, 0x3F, 0xFF, 0x07, 0xB7, 0x80, 0x0C, 0x00, 0x03, 0x00, 0x00, 0xC0, 0x00, 0x30, 0x00, 0x00,
    0x10, 0x18, 0xC0, 0x72, 0x03, 0xD0, 0x09, 0x80, 0x66, 0x01, 0xB8, 0x05, 0xB0, 0x3C, 0xC0, 0xFF,
    0x07, 0xFE, 0x1C, 0x18, 0x60, 0x31, 0x00, 0xC0, 0x00, 0x00, 0x00, 0x10, 0x7F, 0x86, 0x0C, 0x60,
    0xA6, 0x0C, 0x30, 0xC1, 0x8C, 0x0C, 0xC0, 0x64, 0x03, 0x40, 0x0E, 0x00, 0x60, 0x27, 0xC7, 0x67,
    0xF0, 0x00, 0x00, 0x00, 0x07, 0xE3, 0x98, 0x8C, 0x62, 0x19, 0x06, 0x81, 0xC0, 0x70, 0x1C, 0x25,
    0xF8, 0x00, 0x30, 0x0C, 0x03, 0x00, 0xC0, 0x30, 0x0C, 0x0F, 0xC3, 0xF0, 0x30, 0x0C, 0x03, 0x00,
    0xFF, 0x3F, 0xC0, 0x00, 0x03, 0xFF, 0x80, 0x88, 0x04, 0xC0, 0x2C, 0x01, 0xC0, 0x0C, 0x00, 0x40,
    0x06, 0x00, 0x70, 0x06, 0x80, 0x64, 0x06, 0x20, 0x21, 0x00, 0x00, 0x00, 0x3F, 0x18, 0x46, 0x01,
    0x80, 0x3C, 0x07, 0xC0, 0x10, 0x04, 0x43, 0x1F, 0x80, 0xC0, 0x18, 0x03, 0x00, 0x60, 0x00, 0x00,
    0x7F, 0x80, 0x60, 0x30, 0x18, 0x0C, 0x06, 0x01, 0x00, 0xC0, 0x60, 0x1C, 0x01, 0x80, 0x30, 0x06,
    0x00, 0xE0, 0x00, 0x3F, 0x8F, 0xF9, 0x03, 0x80, 0x30, 0x06, 0x00, 0xC0, 0x38, 0x7E, 0x0F, 0x81,
    0x80, 0x30, 0x06, 0x00, 0xC0, 0x3C, 0x3F, 0x10, 0xC0, 0x60, 0x30, 0x38, 0x7C, 0x3C, 0x18, 0x0C,
    0x00, 0x3F, 0x83, 0xFC, 0x30, 0xC3, 0x0C, 0x30, 0xC3, 0xF8, 0x3F, 0x83, 0x0C, 0xFE, 0x6F, 0xE6,
    0x30, 0xE3, 0xFC, 0x3F, 0x80, 0x30, 0x30, 0xC0, 0xC3, 0x03, 0x0C, 0x0C, 0x7F, 0xF9, 0xFF, 0xE3,
    0x03, 0x0C, 0x0C, 0x30, 0x30, 0xE1, 0xC1, 0x86, 0x07, 0xF8, 0x07, 0x80, 0x06, 0x00, 0x78, 0x03,
    0xC0, 0x1E, 0x01, 0x98, 0x0C, 0xC0, 0xE7, 0x06, 0x18, 0x30, 0xC3, 0x03, 0x18, 0x18, 0xC0, 0xCC,
    0x03, 0x00, 0x00, 0xC0, 0x10, 0xFF, 0x18, 0xC3, 0x10, 0x62, 0x0C, 0xC1, 0xFE, 0x3F, 0xC6, 0xC0,
    0xD0, 0x1A, 0x03, 0xC0, 0x7F, 0x8F, 0xF0, 0xC0, 0x10, 0x00, 0x01, 0x80, 0x20, 0x7C, 0x1D, 0xC2,
    0x2C, 0xCD, 0x9F, 0xF3, 0x60, 0x6C, 0x0D, 0x00, 0xE1, 0x0F, 0xE3, 0x00, 0x60, 0x00, 0x18, 0x30,
    0x60, 0xC1, 0x83, 0x1F, 0xBF, 0x18, 0x30, 0x60, 0xC1, 0x83, 0x0E, 0x38, 0x60, 0x18, 0x60, 0x00,
    0x18, 0x61, 0x86, 0x7D, 0xF1, 0x86, 0x18, 0x61, 0x86, 0x79, 0xC0, 0x0F, 0x30, 0x1F, 0xF0, 0x38,
    0xF0, 0x70, 0x70, 0x60, 0x30, 0x60, 0x30, 0x60, 0x30, 0x60, 0x30, 0x60, 0x30, 0x70, 0x70, 0x38,
    0xF0, 0x1F, 0xF0, 0x0F, 0x30, 0x00, 0x30, 0x00, 0x38, 0x00, 0x1E, 0x00, 0x0E, 0x1E, 0xC3, 0xFC,
    0x71, 0xC6, 0x0C, 0x60, 0xC6, 0x0C, 0x60, 0xC7, 0x1C, 0x3F, 0xC1, 0xEC, 0x00, 0xC0, 0x0C, 0x00,
    0xF0, 0x07, 0x3F, 0x01, 0xFC, 0x0C, 0x70, 0x61, 0x83, 0x0C, 0x18, 0xE3, 0xFE, 0x1F, 0xE0, 0x31,
    0x81, 0x86, 0x0C, 0x30, 0x60, 0xC3, 0x07, 0x00, 0x37, 0x3F, 0x38, 0x30, 0xFC, 0xFC, 0x30, 0x30,
    0x30, 0x30, 0x40, 0x63, 0x06, 0x1F, 0xF8, 0x63, 0x01, 0xB0, 0x07, 0x00, 0x38, 0x00, 0x80, 0x04,
    0x00, 0x20, 0x01, 0x00, 0x08, 0x00, 0x40, 0x00, 0x00, 0x40, 0xCC, 0x19, 0x86, 0x18, 0xCF, 0xFE,
    0x26, 0x06, 0xC0, 0x70, 0x0E, 0x01, 0x80, 0x30, 0x06, 0x07, 0x80, 0xE0, 0x00, 0x37, 0x87, 0xF8,
    0xE3, 0x18, 0x63, 0xFC, 0x7E, 0x0C, 0x01, 0xC0, 0x1F, 0x81, 0xF0, 0x1E, 0xC7, 0xF9, 0xC7, 0x30,
    0x66, 0x0C, 0xC1, 0x98, 0x33, 0x8E, 0x3F, 0xC3, 0xD8, 0x37, 0x87, 0xF8, 0xE3, 0x98, 0x33, 0x06,
    0x60, 0xCC, 0x19, 0xC7, 0x3F, 0xC6, 0xF0, 0x1E, 0x07, 0xC0, 0xC0, 0x18, 0x03, 0x78, 0x7F, 0x8E,
    0x39, 0x83, 0x30, 0x66, 0x0C, 0xC1, 0x9C, 0x73, 0xFC, 0x6F, 0x00, 0x3C, 0x1F, 0xC4, 0x30, 0x06,
    0x01, 0x80, 0x60, 0x19, 0x0C, 0x7F, 0x0F, 0x00, 0x0F, 0x0F, 0xE3, 0x09, 0x80, 0x60, 0x19, 0xC7,
    0xF8, 0xE6, 0x3F, 0x87, 0xC1, 0x80, 0x00, 0xC0, 0x0C, 0x00, 0xC0, 0x0C, 0x1E, 0xC3, 0xFC, 0x71,
    0xC6, 0x0C, 0x60, 0xC6, 0x0C, 0x60, 0xC7, 0x1C, 0x3F, 0xC1, 0xEC, 0x00, 0xC0, 0x0C, 0x00, 0x70,
    0x07, 0x00, 0x78, 0x07, 0xC0, 0x30, 0x01, 0x81, 0xEC, 0x1F, 0xE1, 0xC7, 0x0C, 0x18, 0x60, 0xC3,
    0x06, 0x18, 0x30, 0xE3, 0x83, 0xFC, 0x0F, 0x00, 0x1F, 0x07, 0xF9, 0xC3, 0x30, 0x37, 0xFE, 0xFF,
    0xC0, 0x1A, 0x06, 0x7F, 0xC7, 0xE0, 0x3F, 0x0F, 0xF9, 0x03, 0x00, 0x37, 0xFE, 0xFF, 0xD8, 0x1B,
    0x86, 0x3F, 0xC3, 0xE0, 0x3F, 0x00, 0xFF, 0xB9, 0x03, 0xF0, 0x0F, 0x60, 0x7E, 0xC3, 0xCC, 0xDF,
    0x18, 0xB8, 0x60, 0x3F, 0xC0, 0x3E, 0x00, 0x3F, 0x1F, 0xC6, 0x01, 0x80, 0x1C, 0x1F, 0x06, 0x01,
    0x80, 0x7F, 0x07, 0xC0, 0x3E, 0x1F, 0xC4, 0x30, 0x0C, 0x1C, 0x07, 0xC0, 0x31, 0x0C, 0x7F, 0x0F,
    0x00, 0x3E, 0x01, 0xFD, 0xC4, 0x3F, 0x00, 0xCC, 0x1E, 0x30, 0x78, 0x70, 0x30, 0xD0, 0xC0, 0x7F,
    0x00, 0xF8, 0x00, 0x0F, 0xC3, 0xFE, 0x30, 0x66, 0x06, 0x63, 0xC6, 0x3C, 0x60, 0x63, 0x06, 0x3F,
    0xE0, 0xF8, 0x18, 0x61, 0x86, 0x7D, 0xF1, 0x86, 0x18, 0x61, 0x86, 0x79, 0xC0, 0x00, 0x78, 0x07,
    0xC0, 0x30, 0x01, 0x81, 0xEC, 0x1F, 0xE1, 0xC7, 0x0C, 0x18, 0x60, 0xC3, 0x06, 0x18, 0x30, 0xE3,
    0x83, 0xFC, 0x0F, 0x60, 0x03, 0x04, 0x30, 0x3F, 0x80, 0xF8, 0x00, 0x1F, 0xC7, 0xF9, 0xC3, 0x30,
    0x66, 0x0C, 0xC1, 0x98, 0x33, 0x8E, 0x3F, 0xC3, 0xD8, 0x03, 0x10, 0xC3, 0xF8, 0x3E, 0x00, 0x0F,
    0x87, 0xF8, 0xC1, 0x30, 0x06, 0x1C, 0xC3, 0x98, 0x31, 0x86, 0x3F, 0xC1, 0xE0, 0x71, 0xC6, 0x30,
    0xEE, 0x0D, 0x81, 0xF0, 0x1C, 0x03, 0x80, 0x70, 0x0A, 0x01, 0x40, 0x6C, 0x0D, 0x81, 0xF0, 0x1C,
    0x00, 0x71, 0xC7, 0x70, 0x7C, 0x07, 0x00, 0xE0, 0x14, 0x06, 0xC0, 0xD8, 0x1F, 0x01, 0xC0, 0x30,
    0xC6, 0x18, 0xC3, 0x18, 0x63, 0x0C, 0x61, 0x8C, 0x31, 0xCE, 0x1F, 0xC3, 0xD8, 0x03, 0x00, 0x60,
    0x0C, 0x01, 0x80, 0x1E, 0x03, 0xC0, 0xC0, 0x18, 0x03, 0x78, 0x7F, 0x0E, 0x71, 0x86, 0x30, 0xC6,
    0x18, 0xC3, 0x18, 0x63, 0x0C, 0x61, 0x80, 0x1E, 0x03, 0xC0, 0xC0, 0x18, 0x03, 0x78, 0x7F, 0x0E,
    0x71, 0x86, 0x30, 0xC6, 0x18, 0xC3, 0x18, 0x63, 0x0C, 0x61, 0x80, 0x30, 0x06, 0x07, 0xC0, 0xE0,
    0x31, 0x80, 0x03, 0x18, 0xC6, 0xFF, 0xCC, 0x63, 0x18, 0x30, 0xC3, 0x0C, 0x30, 0xC3, 0x0C, 0x3C,
    0x70, 0x7E, 0xFC, 0x60, 0xC1, 0x83, 0x06, 0x0C, 0x7E, 0xFC, 0x18, 0x30, 0x60, 0xC1, 0x83, 0x1E,
    0xAF, 0x18, 0x30, 0x60, 0xC1, 0x83, 0x00, 0x0C, 0x06, 0x03, 0x01, 0x83, 0xC3, 0xE1, 0x30, 0xFE,
    0x3F, 0x06, 0x03, 0x01, 0x80, 0xC0, 0x60, 0x30, 0xC3, 0x0C, 0x30, 0xC3, 0x0C, 0x30, 0xC3, 0x0C,
    0x30, 0xC3, 0x0C, 0x3C, 0x70, 0x30, 0x01, 0x80, 0x0C, 0x00, 0x60, 0x03, 0xFF, 0x1F, 0xF8, 0xC3,
    0x86, 0x38, 0x33, 0x81, 0x9E, 0x0C, 0xFC, 0x60, 0x73, 0x01, 0x98, 0x0C, 0x00, 0x61, 0x07, 0x0F,
    0xF0, 0x3E, 0x00, 0x30, 0xC3, 0x0C, 0x30, 0xC3, 0x0C, 0x30, 0xC3, 0x0C, 0x30, 0xC3, 0x0C, 0x30,
    0xC3, 0x0C, 0x30, 0xC7, 0x1C, 0x1F, 0x7F, 0x07, 0x9E, 0xC0, 0x30, 0xC3, 0x0C, 0x30, 0xC3, 0x0C,
    0x30, 0xC3, 0x0C, 0x30, 0xC3, 0x0C, 0x30, 0xC3, 0x0C, 0x30, 0xC7, 0x1C, 0x1F, 0x7F, 0x07, 0x9E,
    0xC0, 0x00, 0x30, 0x00, 0x0C, 0x00, 0x03, 0x00, 0x00, 0xC0, 0x37, 0x1E, 0x0F, 0xEF, 0x83, 0x8E,
    0x30, 0xC3, 0x0C, 0x30, 0xC3, 0x0C, 0x30, 0xC3, 0x0C, 0x30, 0xC3, 0x0C, 0x30, 0xC3, 0x0C, 0x30,
    0xC0, 0x00, 0x30, 0x00, 0x0C, 0x00, 0x1F, 0x00, 0x07, 0x80, 0x1B, 0xC0, 0xFE, 0x07, 0x38, 0x30,
    0xC1, 0x86, 0x0C, 0x30, 0x61, 0x83, 0x0C, 0x18, 0x60, 0xC3, 0x06, 0x00, 0x30, 0x07, 0x80, 0x38,
    0x00, 0x37, 0x83, 0xF8, 0x39, 0xC3, 0x0C, 0x30, 0xC3, 0x0C, 0x30, 0xC3, 0x0C, 0x30, 0xC3, 0x0C,
    0x00, 0xC0, 0x0C, 0x00, 0xF0, 0x07, 0x30, 0xC7, 0x18, 0xF3, 0x1E, 0x63, 0x6C, 0x6F, 0x8C, 0xF1,
    0x9E, 0x31, 0xC6, 0x18, 0x0F, 0x07, 0xF8, 0x81, 0x3F, 0xF7, 0xFE, 0xC0, 0xD8, 0x19, 0x86, 0x3F,
    0xC1, 0xE0, 0x0F, 0xFC, 0x7F, 0xF8, 0xC6, 0x03, 0x0C, 0x06, 0x1F, 0xCC, 0x3F, 0x98, 0x60, 0x38,
    0xC0, 0x3F, 0xFC, 0x1F, 0xF8, 0x0F, 0x01, 0xFE, 0x0C, 0x30, 0xC0, 0xC6, 0x66, 0x33, 0x31, 0x99,
    0x8C, 0xCC, 0x3F, 0xC1, 0xCE, 0x00, 0x06, 0x00, 0x60, 0x06, 0x00, 0x60, 0x1F, 0x83, 0xFC, 0x76,
    0xE6, 0x66, 0x66, 0x66, 0x66, 0x66, 0x67, 0x6E, 0x3F, 0xC1, 0xF8, 0x06, 0x00, 0x60, 0x06, 0x00,
    0x60, 0x18, 0x30, 0x60, 0xC1, 0x83, 0x06, 0x1C, 0xF9, 0xB0, 0x18, 0x30, 0x60, 0xC1, 0x83, 0x06,
    0x0C, 0x18, 0x30, 0x61, 0xCF, 0x9B, 0x00, 0x18, 0x18, 0x18, 0x18, 0x18, 0x18, 0x18, 0x38, 0xF8,
    0xD8, 0x18, 0x18, 0x0E, 0x0E, 0x37, 0x3F, 0x38, 0x30, 0x30, 0x30, 0x30, 0x30, 0x30, 0x30, 0x30,
    0x30, 0x30, 0x30, 0x37, 0x3F, 0x38, 0x30, 0x30, 0x30, 0x30, 0x30, 0x30, 0x30, 0x30, 0x30, 0x3E,
    0x1E, 0x00, 0x0F, 0x83, 0xE1, 0x80, 0x60, 0x18, 0x06, 0x01, 0x80, 0x60, 0x3C, 0x0F, 0x00, 0x78,
    0x1F, 0x00, 0x60, 0x18, 0x06, 0x01, 0x80, 0x60, 0x18, 0x0F, 0x83, 0xE0, 0x3F, 0x07, 0xF0, 0xC6,
    0x18, 0xC3, 0xF0, 0x7C, 0x0C, 0xC1, 0x8C, 0x31, 0x86, 0x18, 0x30, 0xC6, 0x10, 0xC6, 0x19, 0x83,
    0xE0, 0x7E, 0x0C, 0x61, 0x8C, 0x3F, 0x87, 0xE0, 0x3E, 0x3F, 0x98, 0x4E, 0x03, 0xE0, 0x78, 0x0C,
    0x86, 0x7F, 0x3F, 0x18, 0x0C, 0x07, 0xC1, 0xE0, 0x0F, 0x0F, 0x18, 0x18, 0x18, 0x18, 0x18, 0x18,
    0x18, 0x18, 0x18, 0x18, 0x18, 0x18, 0x18, 0x18, 0x78, 0x70, 0x0F, 0x0F, 0x18, 0x18, 0x78, 0x78,
    0x18, 0x18, 0x7C, 0x7C, 0x18, 0x18, 0x18, 0x18, 0x18, 0x18, 0x78, 0x70, 0xF0, 0xF8, 0x18, 0x18,
    0x18, 0x18, 0x18, 0x18, 0x18, 0x18, 0x18, 0x18, 0x1E, 0x0E, 0x03, 0xC1, 0xF0, 0x60, 0x18, 0x06,
    0x01, 0x80, 0x60, 0x18, 0x06, 0x01, 0x80, 0x60, 0x18, 0x06, 0x01, 0x81, 0xF8, 0x7E, 0x06, 0x07,
    0x00, 0xF1, 0xF0, 0x60, 0xC1, 0x83, 0x06, 0x0C, 0xFD, 0xF8, 0x60, 0xC1, 0x80, 0x30, 0x60, 0xC3,
    0xF7, 0xE6, 0x0C, 0x18, 0x30, 0x60, 0xC1, 0x83, 0x06, 0x0C, 0x1F, 0x1E, 0x30, 0xC3, 0x0C, 0x30,
    0xC3, 0x0C, 0xFF, 0xFF, 0xFF, 0x30, 0xC3, 0x1C, 0x3F, 0xC1, 0xEC, 0x3D, 0xE7, 0xBC, 0x77, 0x0C,
    0x63, 0x06, 0x60, 0xCC, 0x19, 0xC7, 0x1F, 0xC1, 0xF0, 0x31, 0x86, 0x38, 0xC3, 0x98, 0x33, 0x06,
    0x60, 0xCC, 0x19, 0x86, 0x3F, 0xC3, 0xE0, 0x06, 0x01, 0xE0, 0x3C, 0x0F, 0x81, 0x98, 0x33, 0x0C,
    0x31, 0x86, 0x30, 0xCC, 0x0C, 0x0E, 0x38, 0x1C, 0x70, 0x38, 0xE0, 0xD1, 0x61, 0xB6, 0xC3, 0x6D,
    0x86, 0xDB, 0x18, 0xA3, 0x31, 0xC6, 0x63, 0x8C, 0x01, 0xC0, 0x78, 0x0C, 0x03, 0x00, 0x60, 0x1C,
    0x03, 0xC0, 0x78, 0x1B, 0x83, 0x30, 0xE7, 0x18, 0x63, 0x0C, 0xC0, 0xC0, 0x70, 0xE7, 0x38, 0x66,
    0x07, 0x80, 0xF0, 0x0C, 0x01, 0x80, 0x30, 0x06, 0x00, 0xC0, 0x7F, 0x8F, 0xF0, 0x0C, 0x03, 0x00,
    0xE0, 0x38, 0x06, 0x01, 0xC0, 0x7F, 0x8F, 0xF0, 0x06, 0x00, 0xC0, 0x0E, 0x01, 0xC0, 0x7F, 0xBF,
    0xC0, 0xC0, 0xC0, 0xE0, 0xF8, 0x7E, 0x7B, 0x7F, 0xBF, 0x83, 0x00, 0x7F, 0x9F, 0xE0, 0x70, 0x38,
    0x1C, 0x07, 0x81, 0xF8, 0x07, 0x00, 0xC0, 0x30, 0x0D, 0x07, 0x7F, 0x8F, 0x80, 0x7F, 0x80, 0x60,
    0x30, 0x18, 0x0C, 0x06, 0x01, 0xE0, 0x0E, 0x01, 0x80, 0x23, 0xE9, 0x8E, 0x7F, 0xCF, 0x90, 0x3C,
    0x3F, 0x11, 0xC0, 0x60, 0x30, 0x18, 0x1C, 0x3C, 0x1C, 0x0C, 0x06, 0x03, 0x01, 0x80, 0xC0, 0x1E,
    0x1F, 0x9C, 0x4C, 0x06, 0x03, 0x01, 0xC0, 0x78, 0x1C, 0x06, 0x03, 0x01, 0x80, 0xC0, 0x60, 0x18,
    0x0C, 0x06, 0x03, 0x01, 0x80, 0xE0, 0x78, 0x0E, 0x03, 0x01, 0x80, 0xC8, 0xE7, 0xE1, 0xE0, 0x1E,
    0x1F, 0x9C, 0x4C, 0x06, 0x03, 0x01, 0x80, 0xC0, 0x60, 0x30, 0x18, 0x0C, 0x06, 0x03, 0x01, 0x80,
    0xE2, 0x3F, 0x0F, 0x00, 0x0F, 0xC0, 0x61, 0xC3, 0x03, 0x18, 0x06, 0x60, 0x19, 0x80, 0x66, 0x31,
    0x98, 0x06, 0x60, 0x18, 0x80, 0x63, 0x03, 0x06, 0x18, 0x0F, 0xC0, 0x00, 0x00, 0x00, 0x00, 0x3F,
    0x8F, 0xF3, 0x0C, 0xC3, 0x3F, 0x8F, 0xF3, 0x0C, 0xC3, 0x3F, 0xCF, 0xE0, 0x3F, 0x07, 0xFC, 0x60,
    0xC6, 0x06, 0x3C, 0x63, 0xC6, 0x60, 0x66, 0x0C, 0x7F, 0xC1, 0xF0, 0x00, 0x3C, 0x01, 0xF0, 0x0C,
    0x00, 0x30, 0x0F, 0xC0, 0xFF, 0x03, 0x04, 0x18, 0x00, 0x61, 0xC1, 0x87, 0x06, 0x0C, 0x0C, 0x30,
    0x3F, 0xC0, 0x3C, 0x00, 0x30, 0x63, 0x06, 0x30, 0x63, 0x06, 0x3F, 0xE3, 0xFE, 0x30, 0x63, 0x06,
    0x30, 0x63, 0x06, 0x06, 0x06, 0x00, 0x00, 0x06, 0x06, 0x06, 0x06, 0x06, 0x06, 0x06, 0x06, 0x06,
    0x06, 0x1F, 0x06, 0x06, 0x1C, 0x30, 0x41, 0x84, 0x0C, 0x40, 0x64, 0x03, 0x40, 0x1C, 0x03, 0x40,
    0x64, 0x0C, 0x43, 0x04, 0x00, 0x40, 0x04, 0x00, 0x40, 0x04, 0x30, 0x18, 0x0C, 0x06, 0x03, 0x01,
    0x80, 0xC0, 0x60, 0x3F, 0x9F, 0xC0, 0x00, 0x7C, 0x03, 0xF0, 0x0C, 0x00, 0x30, 0x1E, 0xC0, 0xFF,
    0x07, 0x1C, 0x18, 0x30, 0x60, 0xC1, 0x83, 0x06, 0x0C, 0x1C, 0x70, 0x3F, 0xC0, 0x7B, 0x00, 0x0C,
    0x00, 0x30, 0x00, 0xC0, 0x03, 0x00, 0x3C, 0x3F, 0x11, 0xC0, 0x60, 0x30, 0x18, 0x1C, 0x3C, 0x1C,
    0x0C, 0x1F, 0x8F, 0xC1, 0x80, 0xC0, 0x1E, 0x1F, 0x9C, 0x4C, 0x06, 0x03, 0x01, 0xC0, 0x78, 0x1C,
    0x06, 0x0F, 0xC7, 0xE0, 0xC0, 0x60, 0x00, 0xC0, 0x00, 0x30, 0x00, 0x0C, 0x00, 0x03, 0x00, 0x1E,
    0xFF, 0x8C, 0x70, 0x26, 0x0C, 0x19, 0x83, 0x0C, 0x60, 0xC6, 0x18, 0x33, 0x06, 0x0D, 0x81, 0x83,
    0xC0, 0x31, 0xF0, 0x07, 0xBF, 0xE0, 0x00, 0x00, 0x00, 0xC0, 0x00, 0x18, 0x00, 0x03, 0x00, 0x00,
    0x60, 0x01, 0xEF, 0xF8, 0x63, 0x81, 0x18, 0x30, 0x63, 0x06, 0x18, 0x60, 0xC6, 0x0C, 0x19, 0x81,
    0x83, 0x3C, 0x30, 0x60, 0xC3, 0x1C, 0x0C, 0x3D, 0x81, 0x80, 0x00, 0x30, 0x00, 0x06, 0x00, 0x3F,
    0x80, 0x03, 0xE0, 0x00, 0xC0, 0x00, 0x30, 0x00, 0x0C, 0x00, 0x03, 0x00, 0x1E, 0xFF, 0x8C, 0x70,
    0x26, 0x0C, 0x19, 0x83, 0x0C, 0x60, 0xC6, 0x18, 0x33, 0x06, 0x0D, 0xB9, 0x83, 0xDA, 0x31, 0xF4,
    0x87, 0xBF, 0xE0, 0x00, 0x40, 0x20, 0x00, 0x40, 0x00, 0x80, 0x07, 0xF7, 0xE2, 0x18, 0xC4, 0x20,
    0x08, 0x40, 0x10, 0xF0, 0x20, 0x78, 0x40, 0x18, 0x80, 0x31, 0x80, 0xE1, 0xFF, 0x80, 0x00, 0xE2,
    0x1E, 0x21, 0x02, 0x10, 0xFF, 0x02, 0x10, 0x21, 0x02, 0x10, 0x21, 0x02, 0x10, 0x21, 0x02, 0x10,
    0x31, 0x01, 0xF0, 0x01, 0x00, 0x30, 0x07, 0x00, 0x60, 0x20, 0x00, 0x80, 0x02, 0x00, 0x3F, 0xBE,
    0x23, 0x88, 0x8C, 0x02, 0x60, 0x09, 0x80, 0x26, 0x00, 0x98, 0x82, 0x3F, 0x8C, 0xE2, 0x1F, 0xF8,
    0x06, 0x00, 0x00, 0x00, 0x0E, 0x00, 0x7C, 0x00, 0xC0, 0x01, 0x80, 0x0F, 0xF7, 0x86, 0x79, 0x8C,
    0xC1, 0x19, 0x82, 0x33, 0x04, 0x66, 0x08, 0xCC, 0x11, 0x98, 0x23, 0x30, 0x46, 0x60, 0x80, 0x01,
    0x00, 0x02, 0x00, 0x7C, 0x00, 0xF0, 0x20, 0x01, 0x00, 0x08, 0x00, 0x40, 0x02, 0x3E, 0x13, 0x10,
    0xB0, 0x05, 0x80, 0x27, 0x81, 0x0F, 0x08, 0x0C, 0x40, 0x62, 0x07, 0x1F, 0xF0, 0x30, 0x03, 0x00,
    0x30, 0x03, 0x00, 0x3F, 0xF3, 0xFF, 0x30, 0xE3, 0x0C, 0x31, 0xC3, 0x38, 0x33, 0x03, 0x60, 0x3F,
    0xF3, 0xFF, 0xC8, 0xA6, 0x95, 0x4A, 0xA3, 0x51, 0x10, 0x00, 0x91, 0x55, 0x2A, 0x8D, 0x46, 0x40,
    0x00, 0x7F, 0xBF, 0xD8, 0x6C, 0x30, 0x00, 0x00, 0x00, 0xFF, 0x7F, 0xB0, 0xD8, 0x60, 0x00, 0xE0,
    0x0F, 0x00, 0x30, 0x03, 0x00, 0x30, 0xC3, 0x0C, 0x30, 0xC3, 0x0C, 0x30, 0xC3, 0x0C, 0x30, 0xC3,
    0x9C, 0x3F, 0xC1, 0xEC, 0x00, 0xC0, 0x0C, 0x00, 0xC0, 0x0C, 0xE0, 0x07, 0x80, 0x0C, 0x00, 0x60,
    0x03, 0x0C, 0x18, 0x60, 0xC3, 0x06, 0x18, 0x30, 0xC1, 0x86, 0x0C, 0x30, 0x73, 0x83, 0xFC, 0x0F,
    0x60, 0x03, 0x00, 0x18, 0x00, 0xF0, 0x03, 0x80, 0x40, 0x81, 0xE2, 0x24, 0x48, 0x91, 0x22, 0x00,
    0x00, 0x00, 0x00, 0x00, 0x00, 0x70, 0x81, 0xE2, 0x24, 0x48, 0x91, 0x22, 0x00, 0x00, 0x00, 0x00,
    0x00, 0x00, 0x20, 0x22, 0x22, 0x22, 0x26, 0x00, 0x00, 0x7A, 0x10, 0x84, 0x20, 0x00, 0x00, 0x00,
    0x00, 0x08, 0x42, 0x11, 0xBC, 0x00, 0x00, 0x00, 0x00, 0x08, 0x20, 0x82, 0x19, 0xE0, 0x83, 0x00,
    0x00, 0x00, 0x89, 0x33, 0xC4, 0x4F, 0x00, 0x00, 0x00, 0x00, 0x00, 0x00, 0x00, 0x48, 0xAA, 0x95,
    0x46, 0xA2, 0x20, 0x00, 0x00, 0x00, 0x00, 0x00, 0x00, 0x00, 0x00, 0x44, 0x98, 0xA1, 0x41, 0x02,
    0x18, 0x00, 0x00, 0x00, 0x00, 0x00, 0x63, 0x10, 0x80, 0x00, 0x00, 0x00, 0x00, 0x00, 0x00, 0x6C,
    0x6C, 0x48, 0x48, 0x00, 0x00, 0x00, 0x00, 0x00, 0x00, 0x00, 0x00, 0x00, 0x00, 0x08, 0x43, 0x0C,
    0x00, 0x00, 0x00, 0x00, 0x00, 0x00, 0x00, 0x30, 0xC2, 0x10, 0x00, 0x00, 0x00, 0x00, 0x00, 0x00,
    0x00, 0x30, 0xC1, 0x02, 0x00, 0x00, 0x00, 0x00, 0x00, 0x00, 0x00, 0x00, 0x00, 0x40, 0x82, 0x08,
    0x40, 0x00, 0x00, 0x00, 0x00, 0x00, 0x00, 0x00, 0x21, 0x04, 0x10, 0x20, 0x00, 0x00, 0x00, 0x00,
    0x00, 0x00, 0x00, 0x70, 0x10, 0x20, 0x43, 0x04, 0x08, 0x10, 0x00, 0x00, 0x00, 0x00, 0x00, 0x00,
    0x38, 0x81, 0x02, 0x03, 0x02, 0x04, 0x08, 0x00, 0x00, 0x00, 0x00, 0x00, 0x00, 0x02, 0x06, 0x0C,
    0x03, 0x00, 0x60, 0x00, 0x00, 0x00, 0x00, 0x00, 0x00, 0x00, 0x00, 0x00, 0x00, 0x00, 0x00, 0x20,
    0x0C, 0x01, 0x81, 0x83, 0x00, 0x00, 0x00, 0x00, 0x00, 0x00, 0x00, 0x00, 0x00, 0x00, 0x00, 0x00,
    0x00, 0x0C, 0x0F, 0x04, 0x86, 0x60, 0x00, 0x00, 0x00, 0x00, 0x00, 0x00, 0x00, 0x00, 0x00, 0x00,
    0x00, 0x33, 0x09, 0x07, 0x81, 0x80, 0x00, 0x00, 0x00, 0x00, 0x00, 0x00, 0x00, 0x00, 0x00, 0x00,
    0x00, 0x0C, 0x0F, 0x0C, 0xC0, 0x00, 0x00, 0x00, 0x00, 0x00, 0x00, 0x00, 0x00, 0x00, 0x00, 0x00,
    0x00, 0x33, 0x0F, 0x03, 0x00, 0x00, 0x00, 0x00, 0x00, 0x00, 0x00, 0x00, 0x00, 0x00, 0x00, 0x00,
    0x00, 0x21, 0x08, 0x42, 0x00, 0x00, 0x00, 0x00, 0x00, 0x00, 0x3E, 0x1F, 0x00, 0x00, 0x00, 0x00,
    0x00, 0x00, 0x00, 0x00, 0x00, 0x00, 0x00, 0x00, 0x00, 0x06, 0x06, 0x02, 0x00, 0x00, 0x00, 0x00,
    0x00, 0x00, 0x00, 0x00, 0x00, 0x00, 0x00, 0x00, 0x00, 0x00, 0x30, 0x0C, 0x02, 0x00, 0x00, 0x00,
    0x00, 0x00, 0x00, 0x00, 0x00, 0x00, 0x00, 0x00, 0x00, 0x00, 0x00, 0x21, 0x08, 0x42, 0x00, 0x00,
    0x00, 0x0F, 0x87, 0xC0, 0x00, 0x18, 0x04, 0x01, 0x00, 0x00, 0x00, 0x03, 0x01, 0x01, 0x00, 0x00,
    0x70, 0x82, 0x00, 0x00, 0x02, 0x08, 0x70, 0x70, 0x82, 0x00, 0x00, 0x00, 0x00, 0x00, 0x40, 0x82,
    0x08, 0x40, 0x00, 0x00, 0x00, 0x00, 0x21, 0x04, 0x10, 0x20, 0x00, 0x00, 0x00, 0x00, 0x08, 0x04,
    0x02, 0x03, 0x80, 0x00, 0x00, 0x00, 0x00, 0x00, 0x00, 0x1C, 0x04, 0x02, 0x01, 0x00, 0x00, 0x00,
    0x00, 0x00, 0x00, 0x00, 0x10, 0x21, 0xF3, 0xE1, 0x02, 0x00, 0x00, 0x79, 0xE0, 0x00, 0x00, 0x00,
    0x21, 0x0F, 0x00, 0x00, 0x00, 0x00, 0x00, 0x00, 0x00, 0x00, 0x00, 0x00, 0x00, 0x00, 0x00, 0x00,
    0x0C, 0x06, 0x00, 0x00, 0x00, 0x00, 0x00, 0x00, 0x00, 0x00, 0x00, 0x00, 0x00, 0x00, 0x00, 0x00,
    0x1C, 0x11, 0x08, 0x84, 0x41, 0xC0, 0x00, 0x00, 0x00, 0x00, 0x00, 0x00, 0x00, 0x00, 0x00, 0x00,
    0x00, 0x00, 0x08, 0x0C, 0x07, 0x00, 0x39, 0x13, 0x80, 0x00, 0x00, 0x00, 0x00, 0x00, 0x00, 0x00,
    0x00, 0x00, 0x00, 0x00, 0x00, 0x00, 0x1B, 0x09, 0x09, 0x00, 0x00, 0x00, 0x00, 0x00, 0x00, 0x00,
    0x00, 0x00, 0x00, 0x00, 0x00, 0x00, 0x70, 0x70, 0x10, 0x1C, 0x0C, 0x00, 0x00, 0x00, 0x00, 0x00,
    0x1C, 0x0E, 0x0D, 0x00, 0x00, 0x00, 0x00, 0x00, 0x00, 0x00, 0x00, 0x00, 0x00, 0x00, 0x00, 0x00,
    0x00, 0x24, 0x18, 0x18, 0x28, 0x24, 0x24, 0x3C, 0x00, 0x00, 0x00, 0x00, 0x00, 0x49, 0x24, 0x92,
    0x00, 0x00, 0x00, 0x38, 0x81, 0x01, 0xC0, 0x4F, 0x00, 0x00, 0x00, 0x00, 0x00, 0x00, 0x24, 0x18,
    0x18, 0x3C, 0x26, 0x00, 0x00, 0x00, 0x00, 0x00, 0x00, 0x00, 0x38, 0x81, 0x02, 0x03, 0x02, 0x04,
    0x08, 0x00, 0x00, 0x00, 0x00, 0x00, 0x00, 0x3E, 0x1F, 0x01, 0x80, 0xC0, 0x60, 0x30, 0x18, 0x0C,
    0x06, 0x03, 0x01, 0x80, 0xC0, 0x06, 0x03, 0x01, 0x87, 0xC3, 0xE0, 0x30, 0x18, 0x0C, 0x06, 0x03,
    0x01, 0x80, 0xC0, 0x06, 0x03, 0x01, 0x80, 0xC0, 0x61, 0xF0, 0xF8, 0x0C, 0x06, 0x03, 0x01, 0x80,
    0xC0, 0x06, 0x03, 0x01, 0x80, 0xC0, 0x60, 0x30, 0x18, 0x7C, 0x3E, 0x03, 0x01, 0x80, 0xC0, 0x06,
    0x03, 0x01, 0x80, 0xC0, 0x60, 0x30, 0x18, 0x0C, 0x06, 0x03, 0x0F, 0x87, 0xC0, 0x7F, 0xC8, 0x09,
    0x01, 0x20, 0x24, 0x04, 0x80, 0x90, 0x12, 0x02, 0x40, 0x48, 0x09, 0x01, 0x20, 0x24, 0x04, 0x80,
    0x90, 0x13, 0xFE, 0x7F, 0xC8, 0x09, 0x01, 0x20, 0x24, 0x04, 0x80, 0x90, 0x12, 0x02, 0x40, 0x48,
    0x09, 0x01, 0x20, 0x24, 0x04, 0x80, 0x90, 0x13, 0xFE, 0x00, 0x19, 0x84, 0x83, 0xC0, 0xC0, 0x3E,
    0x1F, 0x0F, 0x87, 0xC0, 0x00, 0x00, 0x00, 0x00, 0x00, 0x00, 0x00, 0x00, 0x00, 0x00, 0x00, 0x33,
    0x19, 0x88, 0x88, 0x80, 0x00, 0x00, 0x00, 0x00, 0x00, 0x00, 0x00, 0x00, 0x00, 0x00, 0x7F, 0xC8,
    0x09, 0x01, 0x20, 0x24, 0x04, 0x80, 0x90, 0x12, 0x02, 0x40, 0x48, 0x09, 0x01, 0x20, 0x24, 0x04,
    0x80, 0x90, 0x13, 0xFE, 0x7F, 0xC8, 0x09, 0x01, 0x20, 0x24, 0x04, 0x80, 0x90, 0x12, 0x02, 0x40,
    0x48, 0x09, 0x01, 0x20, 0x24, 0x04, 0x80, 0x90, 0x13, 0xFE, 0x7F, 0xC8, 0x09, 0x01, 0x20, 0x24,
    0x04, 0x80, 0x90, 0x12, 0x02, 0x40, 0x48, 0x09, 0x01, 0x20, 0x24, 0x04, 0x80, 0x90, 0x13, 0xFE,
    0x7F, 0xC8, 0x09, 0x01, 0x20, 0x24, 0x04, 0x80, 0x90, 0x12, 0x02, 0x40, 0x48, 0x09, 0x01, 0x20,
    0x24, 0x04, 0x80, 0x90, 0x13, 0xFE, 0x1C, 0x11, 0x08, 0x84, 0x41, 0xC0, 0x7F, 0xC8, 0x09, 0x01,
    0x20, 0x24, 0x04, 0x80, 0x90, 0x12, 0x02, 0x40, 0x48, 0x09, 0x01, 0x20, 0x24, 0x04, 0x80, 0x90,
    0x13, 0xFE, 0x7F, 0xC8, 0x09, 0x01, 0x20, 0x24, 0x04, 0x80, 0x90, 0x12, 0x02, 0x40, 0x48, 0x09,
    0x01, 0x20, 0x24, 0x04, 0x80, 0x90, 0x13, 0xFE, 0x7F, 0xC8, 0x09, 0x01, 0x20, 0x24, 0x04, 0x80,
    0x90, 0x12, 0x02, 0x40, 0x48, 0x09, 0x01, 0x20, 0x24, 0x04, 0x80, 0x90, 0x13, 0xFE, 0x00, 0x0C,
    0x89, 0x80, 0x7F, 0xC8, 0x09, 0x01, 0x20, 0x24, 0x04, 0x80, 0x90, 0x12, 0x02, 0x40, 0x48, 0x09,
    0x01, 0x20, 0x24, 0x04, 0x80, 0x90, 0x13, 0xFE, 0x7F, 0xC8, 0x09, 0x01, 0x20, 0x24, 0x04, 0x80,
    0x90, 0x12, 0x02, 0x40, 0x48, 0x09, 0x01, 0x20, 0x24, 0x04, 0x80, 0x90, 0x13, 0xFE, 0x7F, 0xC8,
    0x09, 0x01, 0x20, 0x24, 0x04, 0x80, 0x90, 0x12, 0x02, 0x40, 0x48, 0x09, 0x01, 0x20, 0x24, 0x04,
    0x80, 0x90, 0x13, 0xFE, 0x7F, 0xC8, 0x09, 0x01, 0x20, 0x24, 0x04, 0x80, 0x90, 0x12, 0x02, 0x40,
    0x48, 0x09, 0x01, 0x20, 0x24, 0x04, 0x80, 0x90, 0x13, 0xFE, 0x7F, 0xC8, 0x09, 0x01, 0x20, 0x24,
    0x04, 0x80, 0x90, 0x12, 0x02, 0x40, 0x48, 0x09, 0x01, 0x20, 0x24, 0x04, 0x80, 0x90, 0x13, 0xFE,
    0x7F, 0xC8, 0x09, 0x01, 0x20, 0x24, 0x04, 0x80, 0x90, 0x12, 0x02, 0x40, 0x48, 0x09, 0x01, 0x20,
    0x24, 0x04, 0x80, 0x90, 0x13, 0xFE, 0x7F, 0xC8, 0x09, 0x01, 0x20, 0x24, 0x04, 0x80, 0x90, 0x12,
    0x02, 0x40, 0x48, 0x09, 0x01, 0x20, 0x24, 0x04, 0x80, 0x90, 0x13, 0xFE, 0x7F, 0xC8, 0x09, 0x01,
    0x20, 0x24, 0x04, 0x80, 0x90, 0x12, 0x02, 0x40, 0x48, 0x09, 0x01, 0x20, 0x24, 0x04, 0x80, 0x90,
    0x13, 0xFE, 0x00, 0x60, 0x00, 0x30, 0x01, 0x98, 0x02, 0x00, 0x18, 0x18, 0x20, 0x08, 0x00, 0x00,
    0x00, 0x00, 0x40, 0x02, 0x40, 0x02, 0x40, 0x02, 0x00, 0x00, 0x00, 0x00, 0x30, 0x08, 0x18, 0x10,
    0x03, 0x80, 0x00, 0x00, 0x00, 0x0C, 0x00, 0x18, 0x01, 0xB0, 0x02, 0x00, 0x18, 0x18, 0x20, 0x08,
    0x00, 0x00, 0x00, 0x00, 0x40, 0x02, 0x40, 0x02, 0x40, 0x02, 0x00, 0x00, 0x00, 0x00, 0x30, 0x08,
    0x18, 0x10, 0x03, 0x80, 0x00, 0x00, 0x00, 0x18, 0x00, 0x3C, 0x01, 0xE6, 0x02, 0x00, 0x18, 0x18,
    0x20, 0x08, 0x00, 0x00, 0x00, 0x00, 0x40, 0x02, 0x40, 0x02, 0x40, 0x02, 0x00, 0x00, 0x00, 0x00,
    0x30, 0x08, 0x18, 0x10, 0x03, 0x80, 0x00, 0x00, 0x00, 0x72, 0x00, 0x4E, 0x01, 0x80, 0x02, 0x00,
    0x18, 0x18, 0x20, 0x08, 0x00, 0x00, 0x00, 0x00, 0x40, 0x02, 0x40, 0x02, 0x40, 0x02, 0x00, 0x00,
    0x00, 0x00, 0x30, 0x08, 0x18, 0x10, 0x03, 0x80, 0x00, 0x00, 0x00, 0x7C, 0x01, 0xFC, 0x02, 0x00,
    0x18, 0x18, 0x20, 0x08, 0x00, 0x00, 0x00, 0x00, 0x40, 0x02, 0x40, 0x02, 0x40, 0x02, 0x00, 0x00,
    0x00, 0x00, 0x30, 0x08, 0x18, 0x10, 0x03, 0x80, 0x00, 0x00, 0x01, 0xFF, 0x00, 0xFF, 0x80, 0x00,
    0x00, 0x30, 0x00, 0x20, 0x00, 0xC0, 0xC0, 0x80, 0x20, 0x00, 0x00, 0x00, 0x00, 0x20, 0x01, 0x10,
    0x00, 0x88, 0x00, 0x40, 0x00, 0x00, 0x00, 0x00, 0xC0, 0x20, 0x30, 0x20, 0x03, 0x80, 0x00, 0x00,
    0x00, 0x00, 0x42, 0x00, 0x3C, 0x01, 0x80, 0x02, 0x00, 0x18, 0x18, 0x20, 0x08, 0x00, 0x00, 0x00,
    0x00, 0x40, 0x02, 0x40, 0x02, 0x40, 0x02, 0x00, 0x00, 0x00, 0x00, 0x30, 0x08, 0x18, 0x10, 0x03,
    0x80, 0x00, 0x00, 0x00, 0x18, 0x00, 0x18, 0x01, 0x80, 0x02, 0x00, 0x18, 0x18, 0x20, 0x08, 0x00,
    0x00, 0x00, 0x00, 0x40, 0x02, 0x40, 0x02, 0x40, 0x02, 0x00, 0x00, 0x00, 0x00, 0x30, 0x08, 0x18,
    0x10, 0x03, 0x80, 0x00, 0x00, 0x00, 0x66, 0x00, 0x66, 0x01, 0x80, 0x02, 0x00, 0x18, 0x18, 0x20,
    0x08, 0x00, 0x00, 0x00, 0x00, 0x40, 0x02, 0x40, 0x02, 0x40, 0x02, 0x00, 0x00, 0x00, 0x00, 0x30,
    0x08, 0x18, 0x10, 0x03, 0x80, 0x00, 0x00, 0x00, 0x3C, 0x00, 0x04, 0x01, 0x98, 0x02, 0x00, 0x18,
    0x18, 0x20, 0x08, 0x00, 0x00, 0x00, 0x00, 0x40, 0x02, 0x40, 0x02, 0x40, 0x02, 0x00, 0x00, 0x00,
    0x00, 0x30, 0x08, 0x18, 0x10, 0x03, 0x80, 0x00, 0x00, 0x00, 0x38, 0x00, 0x44, 0x00, 0x44, 0x00,
    0x44, 0x01, 0xB8, 0x02, 0x00, 0x18, 0x18, 0x20, 0x08, 0x00, 0x00, 0x00, 0x00, 0x40, 0x02, 0x40,
    0x02, 0x40, 0x02, 0x00, 0x00, 0x00, 0x00, 0x30, 0x08, 0x18, 0x10, 0x03, 0x80, 0x00, 0x00, 0x00,
    0x36, 0x00, 0x24, 0x01, 0xC8, 0x02, 0x00, 0x18, 0x18, 0x20, 0x08, 0x00, 0x00, 0x00, 0x00, 0x40,
    0x02, 0x40, 0x02, 0x40, 0x02, 0x00, 0x00, 0x00, 0x00, 0x30, 0x08, 0x18, 0x10, 0x03, 0x80, 0x00,
    0x00, 0x00, 0x66, 0x00, 0x3C, 0x01, 0x98, 0x02, 0x00, 0x18, 0x18, 0x20, 0x08, 0x00, 0x00, 0x00,
    0x00, 0x40, 0x02, 0x40, 0x02, 0x40, 0x02, 0x00, 0x00, 0x00, 0x00, 0x30, 0x08, 0x18, 0x10, 0x03,
    0x80, 0x00, 0x00, 0x00, 0x10, 0x00, 0x10, 0x00, 0x10, 0x01, 0x90, 0x02, 0x00, 0x18, 0x18, 0x20,
    0x08, 0x00, 0x00, 0x00, 0x00, 0x40, 0x02, 0x40, 0x02, 0x40, 0x02, 0x00, 0x00, 0x00, 0x00, 0x30,
    0x08, 0x18, 0x10, 0x03, 0x80, 0x00, 0x00, 0x00, 0x44, 0x00, 0x44, 0x00, 0x44, 0x01, 0xC4, 0x02,
    0x00, 0x18, 0x18, 0x20, 0x08, 0x00, 0x00, 0x00, 0x00, 0x40, 0x02, 0x40, 0x02, 0x40, 0x02, 0x00,
    0x00, 0x00, 0x00, 0x30, 0x08, 0x18, 0x10, 0x03, 0x80, 0x00, 0x00, 0x00, 0xD8, 0x00, 0x48, 0x01,
    0xA4, 0x02, 0x00, 0x18, 0x18, 0x20, 0x08, 0x00, 0x00, 0x00, 0x00, 0x40, 0x02, 0x40, 0x02, 0x40,
    0x02, 0x00, 0x00, 0x00, 0x00, 0x30, 0x08, 0x18, 0x10, 0x03, 0x80, 0x00, 0x00, 0x00, 0x18, 0x00,
    0x18, 0x00, 0x00, 0x00, 0x42, 0x00, 0x3C, 0x01, 0x80, 0x02, 0x00, 0x18, 0x18, 0x20, 0x08, 0x00,
    0x00, 0x00, 0x00, 0x40, 0x02, 0x40, 0x02, 0x40, 0x02, 0x00, 0x00, 0x00, 0x00, 0x30, 0x08, 0x18,
    0x10, 0x03, 0x80, 0x00, 0x00, 0x00, 0x78, 0x00, 0x84, 0x01, 0x80, 0x02, 0x00, 0x18, 0x18, 0x20,
    0x08, 0x00, 0x00, 0x00, 0x00, 0x40, 0x02, 0x40, 0x02, 0x40, 0x02, 0x00, 0x00, 0x00, 0x00, 0x30,
    0x08, 0x18, 0x10, 0x03, 0x80, 0x00, 0x00, 0x01, 0x84, 0x02, 0x0C, 0x18, 0x1C, 0x20, 0x08, 0x00,
    0x00, 0x00, 0x00, 0x40, 0x02, 0x40, 0x02, 0x40, 0x02, 0x00, 0x00, 0x00, 0x00, 0x30, 0x08, 0x18,
    0x10, 0x03, 0x80, 0x00, 0x00, 0x00, 0x18, 0x00, 0x18, 0x00, 0x18, 0x01, 0x90, 0x02, 0x00, 0x18,
    0x18, 0x20, 0x08, 0x00, 0x00, 0x00, 0x00, 0x40, 0x02, 0x40, 0x02, 0x40, 0x02, 0x00, 0x00, 0x00,
    0x00, 0x30, 0x08, 0x18, 0x10, 0x03, 0x80, 0x00, 0x00, 0x00, 0x00, 0x00, 0x18, 0x00, 0x18, 0x00,
    0x10, 0x01, 0x98, 0x02, 0x00, 0x18, 0x18, 0x20, 0x08, 0x00, 0x00, 0x00, 0x00, 0x40, 0x02, 0x40,
    0x02, 0x40, 0x02, 0x00, 0x00, 0x00, 0x00, 0x30, 0x08, 0x18, 0x10, 0x03, 0x80, 0x00, 0x00, 0x00,
    0x00, 0x00, 0x01, 0x80, 0x00, 0x60, 0x18, 0x18, 0x08, 0x04, 0x18, 0x18, 0x08, 0x02, 0x00, 0x00,
    0x00, 0x00, 0x00, 0x40, 0x02, 0x10, 0x00, 0x84, 0x00, 0x20, 0x00, 0x00, 0x00, 0x00, 0x0C, 0x02,
    0x01, 0x81, 0x00, 0x0E, 0x00, 0x00, 0x00, 0x00, 0x01, 0x80, 0x02, 0x00, 0x18, 0x18, 0x20, 0x08,
    0x00, 0x00, 0x00, 0x00, 0x40, 0x02, 0x40, 0x02, 0x40, 0x02, 0x00, 0x00, 0x00, 0x00, 0x30, 0x08,
    0x18, 0x10, 0x03, 0x80, 0x00, 0x60, 0x00, 0x30, 0x00, 0x18, 0x01, 0x80, 0x02, 0x00, 0x18, 0x18,
    0x20, 0x08, 0x00, 0x00, 0x00, 0x00, 0x40, 0x02, 0x40, 0x02, 0x40, 0x02, 0x00, 0x00, 0x00, 0x00,
    0x30, 0x08, 0x18, 0x10, 0x03, 0x80, 0x00, 0x0C, 0x00, 0x18, 0x00, 0x30, 0x01, 0x80, 0x02, 0x00,
    0x18, 0x18, 0x20, 0x08, 0x00, 0x00, 0x00, 0x00, 0x40, 0x02, 0x40, 0x02, 0x40, 0x02, 0x00, 0x00,
    0x00, 0x00, 0x30, 0x08, 0x18, 0x10, 0x03, 0x90, 0x00, 0x30, 0x00, 0x10, 0x00, 0x00, 0x01, 0x80,
    0x02, 0x00, 0x18, 0x18, 0x20, 0x08, 0x00, 0x00, 0x00, 0x00, 0x40, 0x02, 0x40, 0x02, 0x40, 0x02,
    0x00, 0x00, 0x00, 0x00, 0x30, 0x08, 0x18, 0x10, 0x03, 0x90, 0x00, 0x18, 0x00, 0x10, 0x00, 0x00,
    0x00, 0x0F, 0x80, 0x00, 0xC0, 0x00, 0x60, 0x00, 0x30, 0x00, 0x18, 0x0C, 0x00, 0x08, 0x00, 0x30,
    0x30, 0x20, 0x08, 0x00, 0x00, 0x00, 0x00, 0x08, 0x00, 0x44, 0x00, 0x22, 0x00, 0x10, 0x00, 0x00,
    0x00, 0x00, 0x30, 0x08, 0x0C, 0x08, 0x00, 0xE0, 0x00, 0x00, 0x00, 0x01, 0x80, 0x00, 0x80, 0x11,
    0x81, 0x84, 0x80, 0x2F, 0x00, 0x00, 0x00, 0x00, 0x04, 0x00, 0x21, 0x00, 0x08, 0x40, 0x02, 0x00,
    0x00, 0x00, 0x00, 0x00, 0xC0, 0x20, 0x18, 0x10, 0x00, 0xE0, 0x00, 0x00, 0x00, 0x01, 0x80, 0x02,
    0x00, 0x18, 0x18, 0x20, 0x08, 0x00, 0x00, 0x00, 0x00, 0x40, 0x02, 0x40, 0x02, 0x40, 0x02, 0x00,
    0x00, 0x00, 0x00, 0x30, 0x08, 0x18, 0x10, 0x03, 0xA0, 0x00, 0x20, 0x00, 0x10, 0x01, 0x80, 0x02,
    0x00, 0x18, 0x18, 0x20, 0x08, 0x00, 0x00, 0x00, 0x00, 0x40, 0x02, 0x40, 0x02, 0x40, 0x02, 0x00,
    0x00, 0x00, 0x00, 0x30, 0x08, 0x18, 0x10, 0x03, 0x80, 0x00, 0x10, 0x00, 0x7C, 0x00, 0x00, 0x01,
    0x80, 0x02, 0x00, 0x18, 0x18, 0x20, 0x08, 0x00, 0x00, 0x00, 0x00, 0x40, 0x02, 0x40, 0x02, 0x40,
    0x02, 0x00, 0x00, 0x00, 0x00, 0x30, 0x08, 0x18, 0x10, 0x03, 0x80, 0x00, 0x7C, 0x00, 0x10, 0x00,
    0x00, 0x01, 0x80, 0x02, 0x00, 0x18, 0x18, 0x20, 0x08, 0x00, 0x00, 0x00, 0x00, 0x40, 0x02, 0x40,
    0x02, 0x40, 0x02, 0x00, 0x00, 0x00, 0x00, 0x30, 0x08, 0x18, 0x10, 0x03, 0x90, 0x00, 0x38, 0x00,
    0x10, 0x00, 0x00, 0x01, 0x80, 0x02, 0x00, 0x18, 0x18, 0x20, 0x08, 0x00, 0x00, 0x00, 0x00, 0x40,
    0x02, 0x40, 0x02, 0x40, 0x02, 0x00, 0x00, 0x00, 0x00, 0x30, 0x08, 0x18, 0x10, 0x03, 0x80, 0x00,
    0x7C, 0x00, 0x00, 0x01, 0x80, 0x02, 0x00, 0x18, 0x18, 0x20, 0x08, 0x00, 0x00, 0x00, 0x00, 0x40,
    0x02, 0x40, 0x02, 0x40, 0x02, 0x00, 0x00, 0x00, 0x00, 0x30, 0x0B, 0x18, 0x13, 0x03, 0x82, 0x00,
    0x3E, 0x00, 0x3C, 0x01, 0x80, 0x02, 0x00, 0x18, 0x18, 0x20, 0x08, 0x00, 0x00, 0x00, 0x00, 0x40,
    0x02, 0x40, 0x02, 0x40, 0x02, 0x00, 0x00, 0x00, 0x00, 0x30, 0x38, 0x18, 0x30, 0x03, 0xB0, 0x00,
    0x1F, 0x00, 0x0F, 0x01, 0x80, 0x02, 0x00, 0x18, 0x18, 0x20, 0x08, 0x00, 0x00, 0x00, 0x00, 0x40,
    0x02, 0x40, 0x02, 0x40, 0x02, 0x00, 0x00, 0x00, 0x00, 0x30, 0x08, 0x18, 0x10, 0x03, 0x90, 0x00,
    0x10, 0x00, 0x00, 0x01, 0x80, 0x02, 0x00, 0x18, 0x18, 0x20, 0x08, 0x00, 0x00, 0x00, 0x00, 0x40,
    0x02, 0x40, 0x02, 0x40, 0x02, 0x00, 0x00, 0x00, 0x00, 0x30, 0x08, 0x18, 0x10, 0x03, 0xE6, 0x00,
    0x66, 0x01, 0x80, 0x02, 0x00, 0x18, 0x18, 0x20, 0x08, 0x00, 0x00, 0x00, 0x00, 0x40, 0x02, 0x40,
    0x02, 0x40, 0x02, 0x00, 0x00, 0x00, 0x00, 0x30, 0x08, 0x18, 0x18, 0x03, 0xA4, 0x00, 0x24, 0x00,
    0x18, 0x01, 0x80, 0x02, 0x00, 0x18, 0x18, 0x20, 0x08, 0x00, 0x00, 0x00, 0x00, 0x40, 0x02, 0x40,
    0x02, 0x40, 0x02, 0x00, 0x00, 0x00, 0x00, 0x30, 0x08, 0x18, 0x10, 0x03, 0x80, 0x00, 0x18, 0x00,
    0x10, 0x00, 0x30, 0x01, 0x80, 0x02, 0x00, 0x18, 0x18, 0x20, 0x08, 0x00, 0x00, 0x00, 0x00, 0x40,
    0x02, 0x40, 0x02, 0x40, 0x02, 0x00, 0x00, 0x00, 0x00, 0x30, 0x08, 0x18, 0x18, 0x03, 0x8C, 0x00,
    0x3C, 0x01, 0x80, 0x02, 0x00, 0x18, 0x18, 0x20, 0x08, 0x00, 0x00, 0x00, 0x00, 0x40, 0x02, 0x40,
    0x02, 0x40, 0x02, 0x00, 0x00, 0x00, 0x00, 0x30, 0x08, 0x18, 0x10, 0x03, 0xB0, 0x00, 0x38, 0x01,
    0x80, 0x02, 0x00, 0x18, 0x18, 0x20, 0x08, 0x00, 0x00, 0x00, 0x00, 0x40, 0x02, 0x40, 0x02, 0x40,
    0x02, 0x00, 0x00, 0x00, 0x00, 0x30, 0x08, 0x18, 0x10, 0x03, 0x90, 0x00, 0x10, 0x00, 0x10, 0x01,
    0x80, 0x02, 0x00, 0x18, 0x18, 0x20, 0x08, 0x00, 0x00, 0x00, 0x00, 0x40, 0x02, 0x40, 0x02, 0x40,
    0x02, 0x00, 0x00, 0x00, 0x00, 0x30, 0x08, 0x18, 0x10, 0x03, 0xFC, 0x00, 0x44, 0x00, 0x44, 0x01,
    0x80, 0x02, 0x00, 0x18, 0x18, 0x20, 0x08, 0x00, 0x00, 0x00, 0x00, 0x40, 0x02, 0x40, 0x02, 0x40,
    0x02, 0x00, 0x00, 0x00, 0x00, 0x30, 0x08, 0x18, 0x10, 0x03, 0x92, 0x00, 0x92, 0x00, 0x6C, 0x01,
    0x80, 0x02, 0x00, 0x18, 0x18, 0x20, 0x08, 0x00, 0x00, 0x00, 0x00, 0x40, 0x02, 0x40, 0x02, 0x40,
    0x02, 0x00, 0x00, 0x00, 0x00, 0x30, 0x08, 0x18, 0x10, 0x03, 0xE6, 0x00, 0x3C, 0x00, 0x18, 0x01,
    0x80, 0x02, 0x00, 0x18, 0x18, 0x20, 0x08, 0x00, 0x00, 0x00, 0x00, 0x40, 0x02, 0x40, 0x02, 0x40,
    0x02, 0x00, 0x00, 0x00, 0x00, 0x30, 0x08, 0x18, 0x10, 0x03, 0x98, 0x00, 0x3C, 0x00, 0x66, 0x01,
    0x80, 0x02, 0x00, 0x18, 0x18, 0x20, 0x08, 0x00, 0x00, 0x00, 0x00, 0x40, 0x02, 0x40, 0x02, 0x40,
    0x02, 0x00, 0x00, 0x00, 0x00, 0x30, 0x08, 0x18, 0x10, 0x03, 0x80, 0x00, 0x42, 0x00, 0x3C, 0x01,
    0x80, 0x02, 0x00, 0x18, 0x18, 0x20, 0x08, 0x00, 0x00, 0x00, 0x00, 0x40, 0x02, 0x40, 0x02, 0x40,
    0x02, 0x00, 0x00, 0x00, 0x00, 0x30, 0x08, 0x18, 0x10, 0x03, 0x80, 0x00, 0x7C, 0x00, 0x44, 0x00,
    0x00, 0x01, 0x80, 0x02, 0x00, 0x18, 0x18, 0x20, 0x08, 0x00, 0x00, 0x00, 0x00, 0x40, 0x02, 0x40,
    0x02, 0x40, 0x02, 0x00, 0x00, 0x00, 0x00, 0x30, 0x08, 0x18, 0x10, 0x03, 0xF2, 0x00, 0x4E, 0x01,
    0x80, 0x02, 0x00, 0x18, 0x18, 0x20, 0x08, 0x00, 0x00, 0x00, 0x00, 0x40, 0x02, 0x40, 0x02, 0x40,
    0x02, 0x00, 0x00, 0x00, 0x00, 0x30, 0x08, 0x18, 0x10, 0x03, 0x80, 0x00, 0x7C, 0x00, 0x7C, 0x01,
    0x80, 0x01, 0x00, 0x06, 0x06, 0x04, 0x01, 0x00, 0x00, 0x00, 0x00, 0x01, 0x00, 0x08, 0x80, 0x04,
    0x40, 0x02, 0x00, 0x00, 0x00, 0x00, 0x06, 0x01, 0x01, 0x81, 0x00, 0x1C, 0x00, 0x07, 0xFC, 0x03,
    0xFE, 0x01, 0x80, 0x01, 0x00, 0x06, 0x06, 0x04, 0x01, 0x00, 0x00, 0x00, 0x00, 0x01, 0x00, 0x08,
    0x80, 0x04, 0x40, 0x02, 0x00, 0x00, 0x00, 0x00, 0x06, 0x3F, 0xE1, 0x9F, 0xF0, 0x1C, 0x00, 0x07,
    0xFC, 0x03, 0xFE, 0x01, 0x80, 0x02, 0x00, 0x18, 0x18, 0x20, 0x08, 0x00, 0x00, 0x01, 0xC0, 0x43,
    0xFE, 0x40, 0x0E, 0x40, 0x02, 0x00, 0x00, 0x00, 0x00, 0x30, 0x08, 0x18, 0x10, 0x03, 0x80, 0x00,
    0x00, 0x01, 0x80, 0x02, 0x00, 0x18, 0x18, 0x20, 0x08, 0x00, 0x00, 0x00, 0x00, 0x40, 0x02, 0x40,
    0x3E, 0x40, 0x02, 0x00, 0x00, 0x00, 0x00, 0x30, 0x08, 0x18, 0x10, 0x03, 0x80, 0x00, 0x00, 0x01,
    0x80, 0x02, 0x00, 0x18, 0x18, 0x20, 0x08, 0x00, 0x00, 0x00, 0x00, 0x40, 0x02, 0x47, 0xFF, 0x40,
    0x02, 0x00, 0x00, 0x00, 0x00, 0x30, 0x08, 0x18, 0x10, 0x03, 0x80, 0x00, 0x00, 0x01, 0x80, 0x02,
    0x02, 0x18, 0x1A, 0x20, 0x0C, 0x00, 0x08, 0x00, 0x18, 0x40, 0x32, 0x40, 0x62, 0x40, 0x42, 0x00,
    0x80, 0x01, 0x00, 0x33, 0x08, 0x1A, 0x10, 0x03, 0x80, 0x00, 0x00, 0x00, 0x00, 0x00, 0x06, 0x01,
    0x8C, 0x02, 0x18, 0x18, 0x18, 0x20, 0x28, 0x00, 0x40, 0x00, 0xC0, 0x41, 0x82, 0x43, 0x02, 0x46,
    0x02, 0x04, 0x00, 0x08, 0x00, 0x38, 0x08, 0x18, 0x10, 0x03, 0x80, 0x00, 0x00, 0x01, 0x80, 0x02,
    0x00, 0x18, 0x18, 0x20, 0x08, 0x00, 0x00, 0x00, 0x00, 0x40, 0x02, 0x40, 0x02, 0x40, 0x02, 0x00,
    0x00, 0x00, 0x00, 0x30, 0x08, 0x18, 0x10, 0x03, 0x88, 0x00, 0x08, 0x00, 0x10, 0x01, 0x80, 0x02,
    0x00, 0x18, 0x18, 0x20, 0x08, 0x00, 0x00, 0x00, 0x00, 0x40, 0x02, 0x40, 0x02, 0x40, 0x02, 0x00,
    0x00, 0x00, 0x00, 0x30, 0x08, 0x18, 0x10, 0x03, 0xC4, 0x00, 0x7C, 0x00, 0x7C, 0x01, 0x80, 0x02,
    0x00, 0x18, 0x18, 0x20, 0x08, 0x00, 0x00, 0x00, 0x00, 0x40, 0x02, 0x40, 0x02, 0x40, 0x02, 0x00,
    0x00, 0x00, 0x00, 0x30, 0x08, 0x18, 0x3C, 0x03, 0xAC, 0x00, 0x2C, 0x00, 0x3C, 0x00, 0x00, 0x01,
    0x80, 0x02, 0x00, 0x18, 0x18, 0x20, 0x08, 0x00, 0x00, 0x00, 0x00, 0x40, 0x02, 0x40, 0x02, 0x40,
    0x02, 0x00, 0x00, 0x00, 0x00, 0x30, 0x08, 0x18, 0x10, 0x03, 0x80, 0x00, 0xFE, 0x00, 0x92, 0x00,
    0x28, 0x00, 0x38, 0x00, 0x38, 0x01, 0xA8, 0x02, 0x00, 0x18, 0x18, 0x20, 0x08, 0x00, 0x00, 0x00,
    0x00, 0x40, 0x02, 0x40, 0x02, 0x40, 0x02, 0x00, 0x00, 0x00, 0x00, 0x30, 0x08, 0x18, 0x10, 0x03,
    0x80, 0x00, 0x00, 0x00, 0x00, 0x00, 0x0C, 0x00, 0x08, 0x00, 0x04, 0x01, 0x8C, 0x02, 0x00, 0x18,
    0x18, 0x20, 0x08, 0x00, 0x00, 0x00, 0x00, 0x40, 0x02, 0x40, 0x02, 0x40, 0x02, 0x00, 0x00, 0x00,
    0x00, 0x30, 0x08, 0x18, 0x10, 0x03, 0x80, 0x00, 0x00, 0x00, 0x00, 0x01, 0xFF, 0x00, 0xFF, 0x80,
    0x00, 0x00, 0x3F, 0xE0, 0x3F, 0xF0, 0xC0, 0xC0, 0x80, 0x20, 0x00, 0x00, 0x00, 0x00, 0x20, 0x01,
    0x10, 0x00, 0x88, 0x00, 0x40, 0x00, 0x00, 0x00, 0x00, 0xC0, 0x20, 0x30, 0x20, 0x03, 0x80, 0x00,
    0x00, 0x00, 0x00, 0x60, 0x00, 0x30, 0x01, 0x98, 0x02, 0x00, 0x18, 0x18, 0x20, 0x08, 0x00, 0x00,
    0x00, 0x00, 0x40, 0x02, 0x40, 0x02, 0x40, 0x02, 0x00, 0x00, 0x00, 0x00, 0x30, 0x08, 0x18, 0x10,
    0x03, 0x80, 0x00, 0x00, 0x00, 0x0C, 0x00, 0x18, 0x01, 0xB0, 0x02, 0x00, 0x18, 0x18, 0x20, 0x08,
    0x00, 0x00, 0x00, 0x00, 0x40, 0x02, 0x40, 0x02, 0x40, 0x02, 0x00, 0x00, 0x00, 0x00, 0x30, 0x08,
    0x18, 0x10, 0x03, 0x80, 0x00, 0x00, 0x00, 0x72, 0x00, 0x4E, 0x01, 0x80, 0x02, 0x00, 0x18, 0x18,
    0x20, 0x08, 0x00, 0x00, 0x00, 0x00, 0x40, 0x02, 0x40, 0x02, 0x40, 0x02, 0x00, 0x00, 0x00, 0x00,
    0x30, 0x08, 0x18, 0x10, 0x03, 0x80, 0x00, 0x00, 0x00, 0x18, 0x00, 0x18, 0x00, 0x18, 0x01, 0x90,
    0x02, 0x00, 0x18, 0x18, 0x20, 0x08, 0x00, 0x00, 0x00, 0x00, 0x40, 0x02, 0x40, 0x02, 0x40, 0x02,
    0x00, 0x00, 0x00, 0x00, 0x30, 0x08, 0x18, 0x10, 0x03, 0x80, 0x00, 0x00, 0x00, 0x00, 0x00, 0x6E,
    0x00, 0x7E, 0x01, 0xB0, 0x02, 0x00, 0x18, 0x18, 0x20, 0x08, 0x00, 0x00, 0x00, 0x00, 0x40, 0x02,
    0x40, 0x02, 0x40, 0x02, 0x00, 0x00, 0x00, 0x00, 0x30, 0x08, 0x18, 0x10, 0x03, 0x80, 0x00, 0x00,
    0x01, 0x80, 0x02, 0x00, 0x18, 0x18, 0x20, 0x08, 0x00, 0x00, 0x00, 0x00, 0x40, 0x02, 0x40, 0x02,
    0x40, 0x02, 0x00, 0x00, 0x00, 0x00, 0x30, 0x08, 0x18, 0x10, 0x03, 0x90, 0x00, 0x10, 0x00, 0x18,
    0x00, 0x7C, 0x00, 0x44, 0x01, 0xC4, 0x02, 0x00, 0x18, 0x18, 0x20, 0x08, 0x00, 0x00, 0x00, 0x00,
    0x40, 0x02, 0x40, 0x02, 0x40, 0x02, 0x00, 0x00, 0x00, 0x00, 0x30, 0x08, 0x18, 0x10, 0x03, 0x80,
    0x00, 0x00, 0x00, 0x00, 0x01, 0x80, 0x02, 0x00, 0x18, 0x18, 0x20, 0x08, 0x00, 0x00, 0x00, 0x00,
    0x40, 0x02, 0x40, 0x02, 0x40, 0x02, 0x00, 0x00, 0x00, 0x00, 0x30, 0x08, 0x18, 0x10, 0x03, 0xB8,
    0x00, 0x00, 0x00, 0x38, 0x00, 0x00, 0x01, 0x80, 0x02, 0x00, 0x18, 0x18, 0x20, 0x08, 0x00, 0x00,
    0x00, 0x00, 0x40, 0x02, 0x40, 0x02, 0x40, 0x02, 0x00, 0x00, 0x00, 0x00, 0x30, 0x08, 0x18, 0x10,
    0x03, 0xEC, 0x00, 0x6C, 0x00, 0x6C, 0x00, 0x00, 0x01, 0x80, 0x02, 0x00, 0x18, 0x18, 0x20, 0x08,
    0x00, 0x00, 0x00, 0x00, 0x40, 0x02, 0x40, 0x02, 0x40, 0x02, 0x00, 0x00, 0x00, 0x00, 0x30, 0x08,
    0x18, 0x38, 0x03, 0xB8, 0x00, 0x08, 0x00, 0x08, 0x00, 0x00, 0x00, 0x7C, 0x00, 0x5C, 0x01, 0xE0,
    0x02, 0x00, 0x18, 0x18, 0x20, 0x08, 0x00, 0x00, 0x00, 0x00, 0x40, 0x02, 0x40, 0x02, 0x40, 0x02,
    0x00, 0x00, 0x00, 0x00, 0x30, 0x08, 0x18, 0x10, 0x03, 0x80, 0x00, 0x00, 0x00, 0x00, 0x00, 0x08,
    0x00, 0x64, 0x00, 0x5C, 0x01, 0xA0, 0x02, 0x20, 0x18, 0x18, 0x20, 0x08, 0x00, 0x00, 0x00, 0x00,
    0x40, 0x02, 0x40, 0x02, 0x40, 0x02, 0x00, 0x00, 0x00, 0x00, 0x30, 0x08, 0x18, 0x10, 0x03, 0x80,
    0x00, 0x00, 0x00, 0x00, 0x00, 0x7E, 0x00, 0x44, 0x01, 0xFA, 0x02, 0x44, 0x18, 0x18, 0x20, 0x08,
    0x00, 0x00, 0x00, 0x00, 0x40, 0x02, 0x40, 0x02, 0x40, 0x02, 0x00, 0x00, 0x00, 0x00, 0x30, 0x08,
    0x18, 0x10, 0x03, 0x80, 0x00, 0x00, 0x00, 0x00, 0x01, 0x80, 0x02, 0x00, 0x18, 0x18, 0x20, 0x08,
    0x00, 0x00, 0x00, 0x00, 0x40, 0x02, 0x40, 0x02, 0x40, 0x02, 0x00, 0x00, 0x00, 0x00, 0x30, 0x08,
    0x18, 0x10, 0x03, 0xC4, 0x00, 0xFE, 0x00, 0x44, 0x00, 0x00, 0x01, 0x80, 0x02, 0x00, 0x18, 0x18,
    0x20, 0x08, 0x00, 0x00, 0x00, 0x00, 0x40, 0x02, 0x40, 0x02, 0x40, 0x02, 0x00, 0x00, 0x00, 0x00,
    0x30, 0x08, 0x18, 0x10, 0x03, 0x90, 0x00, 0x38, 0x00, 0x10, 0x00, 0x00, 0x01, 0x80, 0x02, 0x00,
    0x18, 0x18, 0x20, 0x08, 0x00, 0x00, 0x00, 0x00, 0x40, 0x02, 0x40, 0x02, 0x40, 0x02, 0x00, 0x00,
    0x00, 0x00, 0x30, 0x08, 0x18, 0x10, 0x03, 0x80, 0x00, 0x00, 0x00, 0x00, 0x7F, 0xC0, 0x30, 0x08,
    0x08, 0x08, 0x01, 0x01, 0x0C, 0x0C, 0x20, 0x22, 0x00, 0x84, 0x04, 0x00, 0x00, 0x80, 0x80, 0x00,
    0x10, 0x12, 0x00, 0x12, 0x02, 0x40, 0x02, 0x40, 0x48, 0x00, 0x48, 0x08, 0x00, 0x01, 0x01, 0x00,
    0x00, 0x20, 0x23, 0x00, 0x84, 0x04, 0x30, 0x20, 0x80, 0x80, 0xE0, 0x10, 0x10, 0x00, 0x03, 0xFE,
    0x00, 0x08, 0x00, 0x10, 0x00, 0x20, 0x00, 0x30, 0x01, 0x98, 0x02, 0x00, 0x18, 0x18, 0x20, 0x08,
    0x00, 0x00, 0x00, 0x00, 0x40, 0x02, 0x40, 0x02, 0x40, 0x02, 0x00, 0x00, 0x00, 0x00, 0x30, 0x08,
    0x18, 0x10, 0x03, 0x80, 0x00, 0x00, 0x00, 0x78, 0x00, 0x9C, 0x00, 0x18, 0x01, 0x80, 0x02, 0x00,
    0x18, 0x18, 0x20, 0x08, 0x00, 0x00, 0x00, 0x00, 0x40, 0x02, 0x40, 0x02, 0x40, 0x02, 0x00, 0x00,
    0x00, 0x00, 0x30, 0x08, 0x18, 0x10, 0x03, 0x80, 0x00, 0x00, 0x01, 0x80, 0x02, 0x00, 0x18, 0x18,
    0x20, 0x08, 0x00, 0x00, 0x00, 0x00, 0x40, 0x02, 0x40, 0x02, 0x40, 0x02, 0x00, 0x00, 0x00, 0x00,
    0x30, 0x08, 0x18, 0x38, 0x03, 0xB8, 0x00, 0x38, 0x00, 0x28, 0x00, 0x00, 0x7F, 0xC0, 0x30, 0x08,
    0x08, 0x08, 0x01, 0x01, 0x0C, 0x0C, 0x20, 0x22, 0x00, 0x84, 0x04, 0x00, 0x00, 0x80, 0x80, 0x00,
    0x10, 0x12, 0x00, 0x12, 0x02, 0x40, 0x02, 0x40, 0x48, 0x00, 0x48, 0x08, 0x00, 0x01, 0x01, 0x00,
    0x00, 0x20, 0x23, 0x00, 0x84, 0x04, 0x30, 0x20, 0x80, 0x80, 0xE0, 0x10, 0x10, 0x00, 0x03, 0xFE,
    0x00, 0x00, 0x7F, 0xC0, 0x30, 0x08, 0x08, 0x08, 0x01, 0x01, 0x0C, 0x0C, 0x20, 0x22, 0x00, 0x84,
    0x04, 0x00, 0x00, 0x80, 0x80, 0x00, 0x10, 0x12, 0x00, 0x12, 0x02, 0x40, 0x02, 0x40, 0x48, 0x00,
    0x48, 0x08, 0x00, 0x01, 0x01, 0x00, 0x00, 0x20, 0x23, 0x00, 0x84, 0x04, 0x30, 0x20, 0x80, 0x80,
    0xE0, 0x10, 0x10, 0x00, 0x03, 0xFE, 0x00, 0x00, 0x7F, 0xC0, 0x30, 0x08, 0x08, 0x08, 0x01, 0x01,
    0x0C, 0x0C, 0x20, 0x22, 0x00, 0x84, 0x04, 0x00, 0x00, 0x80, 0x80, 0x00, 0x10, 0x12, 0x00, 0x12,
    0x02, 0x40, 0x02, 0x40, 0x48, 0x00, 0x48, 0x08, 0x00, 0x01, 0x01, 0x00, 0x00, 0x20, 0x23, 0x00,
    0x84, 0x04, 0x30, 0x20, 0x80, 0x80, 0xE0, 0x10, 0x10, 0x00, 0x03, 0xFE, 0x00, 0x20, 0x00, 0x10,
    0x00, 0x08, 0x00, 0x18, 0x01, 0xB0, 0x02, 0x00, 0x18, 0x18, 0x20, 0x08, 0x00, 0x00, 0x00, 0x00,
    0x40, 0x02, 0x40, 0x02, 0x40, 0x02, 0x00, 0x00, 0x00, 0x00, 0x30, 0x08, 0x18, 0x10, 0x03, 0x80,
    0x00, 0x00, 0x00, 0x01, 0x00, 0x01, 0x01, 0x80, 0x02, 0x00, 0x18, 0x18, 0x20, 0x08, 0x00, 0x00,
    0x00, 0x00, 0x40, 0x02, 0x40, 0x02, 0x40, 0x02, 0x00, 0x00, 0x00, 0x00, 0x30, 0x08, 0x18, 0x10,
    0x03, 0x80, 0x00, 0x00, 0x00, 0x00, 0x7F, 0xC0, 0x30, 0x08, 0x08, 0x08, 0x01, 0x01, 0x0C, 0x0C,
    0x20, 0x22, 0x00, 0x84, 0x04, 0x00, 0x00, 0x80, 0x80, 0x00, 0x10, 0x12, 0x00, 0x12, 0x02, 0x40,
    0x02, 0x40, 0x48, 0x00, 0x48, 0x08, 0x00, 0x01, 0x01, 0x00, 0x00, 0x20, 0x23, 0x00, 0x84, 0x04,
    0x30, 0x20, 0x80, 0x80, 0xE0, 0x10, 0x10, 0x00, 0x03, 0xFE, 0x01, 0x80, 0x02, 0x00, 0x18, 0x18,
    0x20, 0x08, 0x00, 0x00, 0x00, 0x00, 0x40, 0x02, 0x40, 0x02, 0x40, 0x02, 0x00, 0x00, 0x00, 0x00,
    0x30, 0x08, 0x18, 0x10, 0x03, 0xFC, 0x00, 0x92, 0x00, 0x7C, 0x00, 0x00, 0x00, 0x00, 0x7F, 0xC0,
    0x30, 0x08, 0x08, 0x08, 0x01, 0x01, 0x0C, 0x0C, 0x20, 0x22, 0x00, 0x84, 0x04, 0x00, 0x00, 0x80,
    0x80, 0x00, 0x10, 0x12, 0x00, 0x12, 0x02, 0x40, 0x02, 0x40, 0x48, 0x00, 0x48, 0x08, 0x00, 0x01,
    0x01, 0x00, 0x00, 0x20, 0x23, 0x00, 0x84, 0x04, 0x30, 0x20, 0x80, 0x80, 0xE0, 0x10, 0x10, 0x00,
    0x03, 0xFE, 0x01, 0x80, 0x00, 0x01, 0x00, 0x00, 0x06, 0x06, 0x00, 0x04, 0x01, 0x00, 0x00, 0x00,
    0x00, 0x00, 0x00, 0x00, 0x01, 0x00, 0x08, 0x00, 0x80, 0x04, 0x00, 0x40, 0x02, 0x00, 0x00, 0x00,
    0x00, 0x00, 0x00, 0x00, 0x06, 0x01, 0x00, 0x01, 0x81, 0x00, 0x00, 0x1C, 0x00, 0x08, 0x01, 0xC0,
    0x38, 0x00, 0x1F, 0xE0, 0x00, 0x00, 0x00, 0x00, 0x38, 0x07, 0x00, 0x03, 0xFC, 0x00, 0x00, 0x00,
    0x00, 0x00, 0x00, 0x00, 0x00, 0x00, 0x00, 0x06, 0x00, 0x00, 0x04, 0x00, 0x00, 0x18, 0x18, 0x00,
    0x10, 0x04, 0x00, 0x00, 0x00, 0x00, 0x00, 0x00, 0x00, 0x04, 0x00, 0x20, 0x02, 0x00, 0x10, 0x01,
    0x00, 0x08, 0x00, 0x00, 0x00, 0x00, 0x00, 0x00, 0x00, 0x18, 0x04, 0x00, 0x06, 0x04, 0x00, 0x00,
    0x70, 0x00, 0x00, 0x00, 0x00, 0x00, 0x00, 0xFF, 0xFF, 0x00, 0x7F, 0xFF, 0x80, 0x00, 0x00, 0x00,
    0x00, 0x00, 0x00, 0x00, 0x00, 0x00, 0x0C, 0x00, 0x00, 0x08, 0x00, 0x00, 0x30, 0x30, 0x00, 0x20,
    0x08, 0x00, 0x00, 0x00, 0x00, 0x00, 0x00, 0x00, 0x08, 0x00, 0x40, 0x04, 0x00, 0x20, 0x02, 0x00,
    0x10, 0x00, 0x00, 0x00, 0x00, 0x00, 0x00, 0x00, 0x30, 0x08, 0x00, 0x0C, 0x08, 0x00, 0x00, 0xE0,
    0x00, 0x00, 0x00, 0x00, 0x00, 0x01, 0x80, 0x00, 0x01, 0x00, 0x00, 0x06, 0x06, 0x00, 0x04, 0x01,
    0x00, 0x00, 0x00, 0x00, 0x00, 0x00, 0x00, 0x01, 0x00, 0x08, 0x00, 0x80, 0x04, 0x00, 0x40, 0x02,
    0x00, 0x00, 0x00, 0x00, 0x00, 0x00, 0x00, 0x06, 0x01, 0x00, 0x01, 0x81, 0x00, 0x00, 0x1C, 0x00,
    0x00, 0x03, 0xFF, 0xFC, 0x00, 0x1F, 0x04, 0x00, 0x63, 0xF8, 0x00, 0x00, 0x00, 0x00, 0x00, 0x00,
    0x18, 0x00, 0x00, 0x40, 0x00, 0x06, 0x06, 0x00, 0x10, 0x04, 0x00, 0x00, 0x00, 0x00, 0x00, 0x00,
    0x01, 0x00, 0x08, 0x02, 0x00, 0x10, 0x04, 0x00, 0x20, 0x00, 0x00, 0x00, 0x00, 0x00, 0x00, 0x18,
    0x04, 0x00, 0x18, 0x10, 0x00, 0x07, 0x00, 0x00, 0x00, 0x00, 0x00, 0x00, 0x00, 0x00, 0x00, 0x0F,
    0xF0, 0x00, 0x38, 0x07, 0x00, 0x20, 0x00, 0x40, 0x00, 0x00, 0x00, 0x18, 0x00, 0x00, 0x10, 0x00,
    0x00, 0x60, 0x60, 0x00, 0x40, 0x10, 0x00, 0x00, 0x00, 0x00, 0x00, 0x00, 0x00, 0x10, 0x00, 0x80,
    0x08, 0x00, 0x40, 0x04, 0x00, 0x20, 0x00, 0x00, 0x00, 0x00, 0x00, 0x00, 0x00, 0x60, 0x10, 0x00,
    0x18, 0x10, 0x00, 0x01, 0xC0, 0x00, 0x00, 0x00, 0x00, 0x00, 0x01, 0x80, 0x00, 0x01, 0x00, 0x00,
    0x06, 0x06, 0x00, 0x04, 0x01, 0x00, 0x00, 0x00, 0x00, 0x00, 0x00, 0x00, 0x01, 0x00, 0x08, 0x00,
    0x80, 0x04, 0x00, 0x40, 0x02, 0x00, 0x00, 0x00, 0x00, 0x00, 0x00, 0x00, 0x06, 0x01, 0x00, 0x01,
    0x81, 0x00, 0x00, 0x1C, 0x00, 0x10, 0x03, 0xFF, 0xFC, 0x00, 0x00, 0x04, 0x00, 0x00, 0x00, 0x00,
    0x00, 0x00, 0x7F, 0xC0, 0x30, 0x08, 0x08, 0x08, 0x01, 0x01, 0x0C, 0x0C, 0x20, 0x22, 0x00, 0x84,
    0x04, 0x00, 0x00, 0x80, 0x80, 0x00, 0x10, 0x12, 0x00, 0x12, 0x02, 0x40, 0x02, 0x40, 0x48, 0x00,
    0x48, 0x08, 0x00, 0x01, 0x01, 0x00, 0x00, 0x20, 0x23, 0x00, 0x84, 0x04, 0x30, 0x20, 0x80, 0x80,
    0xE0, 0x10, 0x10, 0x00, 0x03, 0xFE, 0x00, 0x00, 0x7F, 0xC0, 0x30, 0x08, 0x08, 0x08, 0x01, 0x01,
    0x0C, 0x0C, 0x20, 0x22, 0x00, 0x84, 0x04, 0x00, 0x00, 0x80, 0x80, 0x00, 0x10, 0x12, 0x00, 0x12,
    0x02, 0x40, 0x02, 0x40, 0x48, 0x00, 0x48, 0x08, 0x00, 0x01, 0x01, 0x00, 0x00, 0x20, 0x23, 0x00,
    0x84, 0x04, 0x30, 0x20, 0x80, 0x80, 0xE0, 0x10, 0x10, 0x00, 0x03, 0xFE, 0x00, 0x00, 0x7F, 0xC0,
    0x30, 0x08, 0x08, 0x08, 0x01, 0x01, 0x0C, 0x0C, 0x20, 0x22, 0x00, 0x84, 0x04, 0x00, 0x00, 0x80,
    0x80, 0x00, 0x10, 0x12, 0x00, 0x12, 0x02, 0x40, 0x02, 0x40, 0x48, 0x00, 0x48, 0x08, 0x00, 0x01,
    0x01, 0x00, 0x00, 0x20, 0x23, 0x00, 0x84, 0x04, 0x30, 0x20, 0x80, 0x80, 0xE0, 0x10, 0x10, 0x00,
    0x03, 0xFE, 0x00, 0x00, 0x7F, 0xC0, 0x30, 0x08, 0x08, 0x08, 0x01, 0x01, 0x0C, 0x0C, 0x20, 0x22,
    0x00, 0x84, 0x04, 0x00, 0x00, 0x80, 0x80, 0x00, 0x10, 0x12, 0x00, 0x12, 0x02, 0x40, 0x02, 0x40,
    0x48, 0x00, 0x48, 0x08, 0x00, 0x01, 0x01, 0x00, 0x00, 0x20, 0x23, 0x00, 0x84, 0x04, 0x30, 0x20,
    0x80, 0x80, 0xE0, 0x10, 0x10, 0x00, 0x03, 0xFE, 0x00, 0x00, 0x7F, 0xC0, 0x30, 0x08, 0x08, 0x08,
    0x01, 0x01, 0x0C, 0x0C, 0x20, 0x22, 0x00, 0x84, 0x04, 0x00, 0x00, 0x80, 0x80, 0x00, 0x10, 0x12,
    0x00, 0x12, 0x02, 0x40, 0x02, 0x40, 0x48, 0x00, 0x48, 0x08, 0x00, 0x01, 0x01, 0x00, 0x00, 0x20,
    0x23, 0x00, 0x84, 0x04, 0x30, 0x20, 0x80, 0x80, 0xE0, 0x10, 0x10, 0x00, 0x03, 0xFE, 0x00, 0x00,
    0x7F, 0xC0, 0x30, 0x08, 0x08, 0x08, 0x01, 0x01, 0x0C, 0x0C, 0x20, 0x22, 0x00, 0x84, 0x04, 0x00,
    0x00, 0x80, 0x80, 0x00, 0x10, 0x12, 0x00, 0x12, 0x02, 0x40, 0x02, 0x40, 0x48, 0x00, 0x48, 0x08,
    0x00, 0x01, 0x01, 0x00, 0x00, 0x20, 0x23, 0x00, 0x84, 0x04, 0x30, 0x20, 0x80, 0x80, 0xE0, 0x10,
    0x10, 0x00, 0x03, 0xFE, 0x00, 0x00, 0x7F, 0xC0, 0x30, 0x08, 0x08, 0x08, 0x01, 0x01, 0x0C, 0x0C,
    0x20, 0x22, 0x00, 0x84, 0x04, 0x00, 0x00, 0x80, 0x80, 0x00, 0x10, 0x12, 0x00, 0x12, 0x02, 0x40,
    0x02, 0x40, 0x48, 0x00, 0x48, 0x08, 0x00, 0x01, 0x01, 0x00, 0x00, 0x20, 0x23, 0x00, 0x84, 0x04,
    0x30, 0x20, 0x80, 0x80, 0xE0, 0x10, 0x10, 0x00, 0x03, 0xFE, 0x00, 0x00, 0x7F, 0xC0, 0x30, 0x08,
    0x08, 0x08, 0x01, 0x01, 0x0C, 0x0C, 0x20, 0x22, 0x00, 0x84, 0x04, 0x00, 0x00, 0x80, 0x80, 0x00,
    0x10, 0x12, 0x00, 0x12, 0x02, 0x40, 0x02, 0x40, 0x48, 0x00, 0x48, 0x08, 0x00, 0x01, 0x01, 0x00,
    0x00, 0x20, 0x23, 0x00, 0x84, 0x04, 0x30, 0x20, 0x80, 0x80, 0xE0, 0x10, 0x10, 0x00, 0x03, 0xFE,
    0x00, 0x00, 0x7F, 0xC0, 0x30, 0x08, 0x08, 0x08, 0x01, 0x01, 0x0C, 0x0C, 0x20, 0x22, 0x00, 0x84,
    0x04, 0x00, 0x00, 0x80, 0x80, 0x00, 0x10, 0x12, 0x00, 0x12, 0x02, 0x40, 0x02, 0x40, 0x48, 0x00,
    0x48, 0x08, 0x00, 0x01, 0x01, 0x00, 0x00, 0x20, 0x23, 0x00, 0x84, 0x04, 0x30, 0x20, 0x80, 0x80,
    0xE0, 0x10, 0x10, 0x00, 0x03, 0xFE, 0x00, 0x00, 0x7F, 0xC0, 0x30, 0x08, 0x08, 0x08, 0x01, 0x01,
    0x0C, 0x0C, 0x20, 0x22, 0x00, 0x84, 0x04, 0x00, 0x00, 0x80, 0x80, 0x00, 0x10, 0x12, 0x00, 0x12,
    0x02, 0x40, 0x02, 0x40, 0x48, 0x00, 0x48, 0x08, 0x00, 0x01, 0x01, 0x00, 0x00, 0x20, 0x23, 0x00,
    0x84, 0x04, 0x30, 0x20, 0x80, 0x80, 0xE0, 0x10, 0x10, 0x00, 0x03, 0xFE, 0x00, 0x00, 0x7F, 0xC0,
    0x30, 0x08, 0x08, 0x08, 0x01, 0x01, 0x0C, 0x0C, 0x20, 0x22, 0x00, 0x84, 0x04, 0x00, 0x00, 0x80,
    0x80, 0x00, 0x10, 0x12, 0x00, 0x12, 0x02, 0x40, 0x02, 0x40, 0x48, 0x00, 0x48, 0x08, 0x00, 0x01,
    0x01, 0x00, 0x00, 0x20, 0x23, 0x00, 0x84, 0x04, 0x30, 0x20, 0x80, 0x80, 0xE0, 0x10, 0x10, 0x00,
    0x03, 0xFE, 0x00, 0x00, 0x7F, 0xC0, 0x30, 0x08, 0x08, 0x08, 0x01, 0x01, 0x0C, 0x0C, 0x20, 0x22,
    0x00, 0x84, 0x04, 0x00, 0x00, 0x80, 0x80, 0x00, 0x10, 0x12, 0x00, 0x12, 0x02, 0x40, 0x02, 0x40,
    0x48, 0x00, 0x48, 0x08, 0x00, 0x01, 0x01, 0x00, 0x00, 0x20, 0x23, 0x00, 0x84, 0x04, 0x30, 0x20,
    0x80, 0x80, 0xE0, 0x10, 0x10, 0x00, 0x03, 0xFE, 0x00, 0x00, 0x7F, 0xC0, 0x30, 0x08, 0x08, 0x08,
    0x01, 0x01, 0x0C, 0x0C, 0x20, 0x22, 0x00, 0x84, 0x04, 0x00, 0x00, 0x80, 0x80, 0x00, 0x10, 0x12,
    0x00, 0x12, 0x02, 0x40, 0x02, 0x40, 0x48, 0x00, 0x48, 0x08, 0x00, 0x01, 0x01, 0x00, 0x00, 0x20,
    0x23, 0x00, 0x84, 0x04, 0x30, 0x20, 0x80, 0x80, 0xE0, 0x10, 0x10, 0x00, 0x03, 0xFE, 0x30, 0x03,
    0x00, 0x30, 0x03, 0x00, 0x30, 0x03, 0xFC, 0x3F, 0xC3, 0x00, 0x30, 0x03, 0x00, 0x30, 0x03, 0x00,
    0x30, 0x00, 0x00, 0x20, 0x08, 0x02, 0x00, 0x80, 0x3F, 0x88, 0x02, 0x00, 0x80, 0x20, 0x08, 0x00,
    0x3F, 0xFC, 0x31, 0x8C, 0x31, 0x8C, 0x31, 0x8C, 0x31, 0x8C, 0x31, 0x8C, 0x31, 0x8C, 0x01, 0x80,
    0x01, 0x80, 0x01, 0x80, 0x01, 0x80, 0x01, 0x80, 0x01, 0x80, 0x00, 0x00, 0x3F, 0xC2, 0x6C, 0x26,
    0xC2, 0x6C, 0x26, 0xC2, 0x6C, 0x26, 0xC0, 0x60, 0x06, 0x00, 0x60, 0x06, 0x00, 0x60, 0x06, 0x00,
    0x00, 0x63, 0x10, 0x80, 0x00, 0x00, 0x00, 0x00, 0x00, 0x00, 0x21, 0x18, 0xC0, 0x30, 0x71, 0x83,
    0x8C, 0x3C, 0x61, 0xE3, 0x1B, 0x18, 0xD8, 0xCC, 0xC6, 0xC6, 0x36, 0x31, 0xE1, 0x8F, 0x0C, 0x70,
    0x63, 0x83, 0x00, 0x31, 0xC3, 0x1C, 0x33, 0xC3, 0x7C, 0x36, 0xC3, 0xEC, 0x3C, 0xC3, 0xCC, 0x38,
    0xC3, 0x8C, 0x7F, 0xC8, 0x09, 0x01, 0x20, 0x24, 0x04, 0x80, 0x90, 0x12, 0x02, 0x40, 0x48, 0x09,
    0x01, 0x20, 0x24, 0x04, 0x80, 0x90, 0x13, 0xFE, 0x7F, 0xC8, 0x09, 0x01, 0x20, 0x24, 0x04, 0x80,
    0x90, 0x12, 0x02, 0x40, 0x48, 0x09, 0x01, 0x20, 0x24, 0x04, 0x80, 0x90, 0x13, 0xFE, 0x00, 0x04,
    0x02, 0x01, 0x80, 0x3C, 0x1F, 0xC4, 0x30, 0x06, 0x01, 0x80, 0x60, 0x19, 0x0C, 0x7F, 0x0F, 0x00,
    0x0F, 0x0F, 0xE3, 0x09, 0x80, 0x66, 0x19, 0x86, 0x00, 0xC2, 0x3F, 0x83, 0xC0, 0x3C, 0x1F, 0xC4,
    0x30, 0x06, 0x19, 0x86, 0x60, 0x19, 0x0C, 0x7F, 0x0F, 0x00, 0x30, 0xC0, 0x00, 0x00, 0x00, 0x0C,
    0x30, 0x84, 0x00, 0x18, 0x61, 0x86, 0x18, 0x61, 0x86, 0x18, 0x61, 0x86, 0x18, 0x63, 0x9C, 0x60,
    0x7F, 0xC8, 0x09, 0x01, 0x20, 0x24, 0x04, 0x80, 0x90, 0x12, 0x02, 0x40, 0x48, 0x09, 0x01, 0x20,
    0x24, 0x04, 0x80, 0x90, 0x13, 0xFE, 0x7F, 0xC8, 0x09, 0x01, 0x20, 0x24, 0x04, 0x80, 0x90, 0x12,
    0x02, 0x40, 0x48, 0x09, 0x01, 0x20, 0x24, 0x04, 0x80, 0x90, 0x13, 0xFE, 0x7F, 0xC8, 0x09, 0x01,
    0x20, 0x24, 0x04, 0x80, 0x90, 0x12, 0x02, 0x40, 0x48, 0x09, 0x01, 0x20, 0x24, 0x04, 0x80, 0x90,
    0x13, 0xFE, 0x7F, 0xC8, 0x09, 0x01, 0x20, 0x24, 0x04, 0x80, 0x90, 0x12, 0x02, 0x40, 0x48, 0x09,
    0x01, 0x20, 0x24, 0x04, 0x80, 0x90, 0x13, 0xFE, 0x06, 0x06, 0x06, 0x00, 0x00, 0x00, 0x00, 0x00,
    0x00, 0x00, 0x00, 0x00, 0x00, 0x00, 0x00, 0x00, 0x00, 0x06, 0x06, 0x00, 0x03, 0x31, 0x98, 0x00,
    0x00, 0x00, 0x00, 0x00, 0x00, 0x00, 0x00, 0x00, 0x00, 0x00, 0x00, 0x00, 0x00, 0x30, 0x03, 0x30,
    0x31, 0x80, 0x1E, 0x00, 0xF0, 0x0C, 0xC0, 0x66, 0x03, 0x30, 0x30, 0xC1, 0xFE, 0x1F, 0xF8, 0xC0,
    0xC6, 0x06, 0x60, 0x18, 0x30, 0xC0, 0x00, 0x00, 0x00, 0x00, 0x18, 0x00, 0xDF, 0xE6, 0x7F, 0x81,
    0x80, 0x06, 0x00, 0x18, 0x00, 0x7F, 0x81, 0xFE, 0x06, 0x00, 0x18, 0x00, 0x60, 0x01, 0x80, 0x07,
    0xF8, 0x1F, 0xE0, 0x18, 0x00, 0x1B, 0x03, 0x19, 0x81, 0x80, 0xC0, 0xC0, 0x60, 0x60, 0x30, 0x30,
    0x1F, 0xF8, 0x0F, 0xFC, 0x06, 0x06, 0x03, 0x03, 0x01, 0x81, 0x80, 0xC0, 0xC0, 0x60, 0x60, 0x30,
    0x30, 0x18, 0x36, 0x66, 0x06, 0x06, 0x06, 0x06, 0x06, 0x06, 0x06, 0x06, 0x06, 0x06, 0x06, 0x7F,
    0xC8, 0x09, 0x01, 0x20, 0x24, 0x04, 0x80, 0x90, 0x12, 0x02, 0x40, 0x48, 0x09, 0x01, 0x20, 0x24,
    0x04, 0x80, 0x90, 0x13, 0xFE, 0x18, 0x00, 0x37, 0xE0, 0x6F, 0xF0, 0x1C, 0x38, 0x18, 0x18, 0x30,
    0x0C, 0x30, 0x0C, 0x30, 0x0C, 0x30, 0x0C, 0x30, 0x0C, 0x18, 0x18, 0x1C, 0x38, 0x0F, 0xF0, 0x07,
    0xE0, 0x7F, 0xC8, 0x09, 0x01, 0x20, 0x24, 0x04, 0x80, 0x90, 0x12, 0x02, 0x40, 0x48, 0x09, 0x01,
    0x20, 0x24, 0x04, 0x80, 0x90, 0x13, 0xFE, 0x30, 0x00, 0x67, 0x03, 0x43, 0x03, 0x01, 0x86, 0x00,
    0xCC, 0x00, 0xCC, 0x00, 0x78, 0x00, 0x30, 0x00, 0x30, 0x00, 0x30, 0x00, 0x30, 0x00, 0x30, 0x00,
    0x30, 0x00, 0x30, 0x30, 0x00, 0x67, 0xE0, 0x4F, 0xF0, 0x1C, 0x38, 0x38, 0x1C, 0x30, 0x0C, 0x30,
    0x0C, 0x30, 0x0C, 0x30, 0x0C, 0x18, 0x18, 0x18, 0x18, 0x0C, 0x30, 0x3E, 0x7C, 0x3E, 0x7C, 0x00,
    0xC6, 0x00, 0xCF, 0x30, 0x00, 0x30, 0xC3, 0x0C, 0x30, 0xC3, 0x0C, 0x3C, 0x70, 0x06, 0x00, 0x30,
    0x03, 0xC0, 0x1E, 0x01, 0x98, 0x0C, 0xC0, 0x66, 0x06, 0x18, 0x3F, 0xC3, 0xFF, 0x18, 0x18, 0xC0,
    0xCC, 0x03, 0x00, 0x3F, 0x83, 0xFC, 0x30, 0xC3, 0x0C, 0x30, 0xC3, 0xF8, 0x3F, 0x83, 0x0C, 0x30,
    0x63, 0x06, 0x30, 0xE3, 0xFC, 0x3F, 0x80, 0x3F, 0xCF, 0xF3, 0x00, 0xC0, 0x30, 0x0C, 0x03, 0x00,
    0xC0, 0x30, 0x0C, 0x03, 0x00, 0xC0, 0x30, 0x00, 0x06, 0x00, 0x78, 0x03, 0xC0, 0x1E, 0x01, 0x98,
    0x0C, 0xC0, 0xE7, 0x06, 0x18, 0x30, 0xC3, 0x03, 0x18, 0x18, 0xFF, 0xCF, 0xFF, 0x00, 0x3F, 0xC7,
    0xF8, 0xC0, 0x18, 0x03, 0x00, 0x7F, 0x8F, 0xF1, 0x80, 0x30, 0x06, 0x00, 0xC0, 0x1F, 0xE3, 0xFC,
    0x7F, 0xF7, 0xFF, 0x00, 0xE0, 0x1C, 0x01, 0x80, 0x38, 0x07, 0x00, 0xE0, 0x0C, 0x01, 0x80, 0x38,
    0x07, 0xFF, 0x7F, 0xF0, 0x30, 0x30, 0xC0, 0xC3, 0x03, 0x0C, 0x0C, 0x30, 0x30, 0xFF, 0xC3, 0xFF,
    0x0C, 0x0C, 0x30, 0x30, 0xC0, 0xC3, 0x03, 0x0C, 0x0C, 0x30, 0x30, 0x0F, 0xC0, 0x7F, 0x83, 0x87,
    0x0C, 0x0C, 0x60, 0x19, 0xBF, 0x66, 0xFD, 0x98, 0x06, 0x60, 0x18, 0xC0, 0xC3, 0x87, 0x07, 0xF8,
    0x0F, 0xC0, 0x31, 0x8C, 0x63, 0x18, 0xC6, 0x31, 0x8C, 0x63, 0x00, 0x30, 0x61, 0x86, 0x0C, 0x60,
    0x66, 0x03, 0x60, 0x1E, 0x00, 0xF0, 0x06, 0xC0, 0x33, 0x01, 0x8C, 0x0C, 0x30, 0x60, 0xC3, 0x03,
    0x00, 0x06, 0x00, 0x78, 0x03, 0xC0, 0x1E, 0x01, 0x98, 0x0C, 0xC0, 0xE7, 0x06, 0x18, 0x30, 0xC3,
    0x03, 0x18, 0x18, 0xC0, 0xCC, 0x03, 0x00, 0x38, 0x1C, 0x3C, 0x3C, 0x3C, 0x3C, 0x36, 0x2C, 0x36,
    0x6C, 0x36, 0x6C, 0x33, 0xCC, 0x33, 0xCC, 0x31, 0x8C, 0x31, 0x8C, 0x30, 0x0C, 0x30, 0x0C, 0x30,
    0x0C, 0x38, 0x31, 0xC1, 0x8F, 0x0C, 0x78, 0x63, 0x63, 0x1B, 0x18, 0xCC, 0xC6, 0x36, 0x31, 0xB1,
    0x87, 0x8C, 0x3C, 0x60, 0xE3, 0x07, 0x00, 0x3F, 0xC7, 0xF8, 0x00, 0x00, 0x00, 0x00, 0x3F, 0x07,
    0xE0, 0x00, 0x00, 0x00, 0x00, 0x00, 0x1F, 0xE3, 0xFC, 0x0F, 0xC0, 0x7F, 0x83, 0x87, 0x0C, 0x0C,
    0x60, 0x19, 0x80, 0x66, 0x01, 0x98, 0x06, 0x60, 0x18, 0xC0, 0xC3, 0x87, 0x07, 0xF8, 0x0F, 0xC0,
    0x3F, 0xF0, 0xFF, 0xC3, 0x03, 0x0C, 0x0C, 0x30, 0x30, 0xC0, 0xC3, 0x03, 0x0C, 0x0C, 0x30, 0x30,
    0xC0, 0xC3, 0x03, 0x0C, 0x0C, 0x30, 0x30, 0x3F, 0x07, 0xF0, 0xC7, 0x18, 0x63, 0x0C, 0x63, 0x8F,
    0xE1, 0xF8, 0x30, 0x06, 0x00, 0xC0, 0x18, 0x03, 0x00, 0x7F, 0xC8, 0x09, 0x01, 0x20, 0x24, 0x04,
    0x80, 0x90, 0x12, 0x02, 0x40, 0x48, 0x09, 0x01, 0x20, 0x24, 0x04, 0x80, 0x90, 0x13, 0xFE, 0x3F,
    0xC7, 0xF8, 0x60, 0x06, 0x00, 0x60, 0x06, 0x00, 0xE0, 0x38, 0x0E, 0x03, 0x80, 0xE0, 0x1F, 0xE3,
    0xFC, 0x7F, 0xFB, 0xFF, 0xC0, 0xC0, 0x06, 0x00, 0x30, 0x01, 0x80, 0x0C, 0x00, 0x60, 0x03, 0x00,
    0x18, 0x00, 0xC0, 0x06, 0x00, 0x30, 0x00, 0x70, 0x39, 0x81, 0x86, 0x18, 0x19, 0x80, 0xCC, 0x03,
    0xC0, 0x0C, 0x00, 0x60, 0x03, 0x00, 0x18, 0x00, 0xC0, 0x06, 0x00, 0x30, 0x00, 0x03, 0x00, 0x3F,
    0x01, 0xFE, 0x0E, 0xDC, 0x73, 0x39, 0x8C, 0x66, 0x31, 0x98, 0xC6, 0x73, 0x38, 0xED, 0xC1, 0xFE,
    0x03, 0xF0, 0x03, 0x00, 0x38, 0x71, 0x86, 0x1C, 0xC0, 0xDC, 0x07, 0x80, 0x70, 0x07, 0x00, 0x78,
    0x0D, 0x81, 0xCC, 0x18, 0xE3, 0x06, 0x70, 0x70, 0x63, 0x19, 0x8C, 0x66, 0x31, 0x98, 0xC6, 0x63,
    0x19, 0x8C, 0x63, 0x33, 0x0E, 0xDC, 0x1F, 0xE0, 0x3F, 0x00, 0x30, 0x00, 0xC0, 0x03, 0x00, 0x0F,
    0xC0, 0x7F, 0x83, 0x87, 0x1C, 0x0E, 0x60, 0x19, 0x80, 0x66, 0x01, 0x98, 0x06, 0x30, 0x30, 0xC0,
    0xC1, 0x86, 0x1F, 0x3E, 0x7C, 0xF8, 0xCF, 0x30, 0x0C, 0x30, 0xC3, 0x0C, 0x30, 0xC3, 0x0C, 0x30,
    0xC3, 0x0C, 0x0C, 0xC0, 0x66, 0x00, 0x00, 0xE0, 0x73, 0x03, 0x0C, 0x30, 0x33, 0x01, 0x98, 0x07,
    0x80, 0x18, 0x00, 0xC0, 0x06, 0x00, 0x30, 0x01, 0x80, 0x0C, 0x00, 0x60, 0x03, 0x00, 0x60, 0x0C,
    0x00, 0x00, 0x1E, 0x63, 0xFC, 0x73, 0xC6, 0x3C, 0x61, 0x86, 0x18, 0x63, 0x87, 0x3C, 0x3F, 0xE1,
    0xEE, 0x03, 0x01, 0x80, 0xC0, 0x00, 0x3F, 0x1F, 0xC6, 0x01, 0x80, 0x1C, 0x1F, 0x06, 0x01, 0x80,
    0x7F, 0x07, 0xC0, 0x01, 0x80, 0x60, 0x18, 0x00, 0x03, 0x78, 0x7F, 0x0E, 0x71, 0x86, 0x30, 0xC6,
    0x18, 0xC3, 0x18, 0x63, 0x0C, 0x61, 0x80, 0x30, 0x06, 0x00, 0xC0, 0x18, 0x18, 0xC6, 0x00, 0x30,
    0xC3, 0x0C, 0x30, 0xC3, 0x0C, 0x3C, 0x70, 0x00, 0x03, 0x01, 0x80, 0x00, 0x33, 0x0C, 0xC0, 0x00,
    0x00, 0x31, 0x8C, 0x23, 0x0C, 0xC3, 0x30, 0xCC, 0x33, 0x1C, 0xC6, 0x1F, 0x87, 0x80, 0x00, 0x1E,
    0x63, 0xFC, 0x73, 0xC6, 0x3C, 0x61, 0x86, 0x18, 0x63, 0x87, 0x3C, 0x3F, 0xE1, 0xEE, 0x0F, 0x03,
    0xF8, 0xE3, 0x18, 0x63, 0x0C, 0x63, 0x8D, 0xE1, 0xBE, 0x30, 0xE6, 0x0C, 0xC1, 0x9C, 0x73, 0xFC,
    0x7F, 0x0C, 0x01, 0x80, 0x30, 0x06, 0x00, 0xC0, 0xCC, 0x30, 0xC6, 0x19, 0xC3, 0x30, 0x36, 0x07,
    0x80, 0xF0, 0x0E, 0x01, 0x80, 0x30, 0x06, 0x00, 0xC0, 0x18, 0x00, 0x0F, 0x87, 0xF8, 0xC1, 0x18,
    0x03, 0xF0, 0x3F, 0x8C, 0x33, 0x03, 0x60, 0x6C, 0x0D, 0x81, 0xB8, 0x63, 0xFC, 0x3E, 0x00, 0x3F,
    0x1F, 0xC6, 0x01, 0x80, 0x1C, 0x1F, 0x06, 0x01, 0x80, 0x7F, 0x07, 0xC0, 0x7F, 0x9F, 0xE0, 0x70,
    0x30, 0x18, 0x0C, 0x03, 0x01, 0x80, 0x60, 0x18, 0x06, 0x01, 0xC0, 0x3F, 0x07, 0xE0, 0x18, 0x06,
    0x03, 0x80, 0xC0, 0x37, 0x87, 0xF0, 0xE7, 0x18, 0x63, 0x0C, 0x61, 0x8C, 0x31, 0x86, 0x30, 0xC6,
    0x18, 0x03, 0x00, 0x60, 0x0C, 0x01, 0x80, 0x0F, 0x03, 0xF0, 0xC3, 0x18, 0x66, 0x06, 0xC0, 0xDF,
    0xFB, 0xFF, 0x60, 0x6C, 0x0C, 0xC3, 0x18, 0x61, 0xF8, 0x1E, 0x00, 0x30, 0xC3, 0x0C, 0x30, 0xC3,
    0x0C, 0x3C, 0x70, 0x31, 0xC6, 0x70, 0xDC, 0x1F, 0x03, 0xE0, 0x7C, 0x0D, 0xC1, 0x98, 0x31, 0x86,
    0x38, 0x38, 0x07, 0x80, 0x30, 0x03, 0x00, 0x60, 0x0E, 0x03, 0xC0, 0x78, 0x1D, 0x83, 0x30, 0x67,
    0x18, 0x63, 0x0C, 0xC0, 0xC0, 0x30, 0xC3, 0x0C, 0x30, 0xC3, 0x0C, 0x30, 0xC3, 0x0C, 0x30, 0xC3,
    0x9C, 0x3F, 0xE3, 0x66, 0x30, 0x03, 0x00, 0x30, 0x03, 0x00, 0x61, 0x9C, 0x23, 0x0C, 0xC3, 0x30,
    0xC6, 0x71, 0x98, 0x6C, 0x0E, 0x03, 0x80, 0x7F, 0x1F, 0xC3, 0x01, 0x80, 0x60, 0x1C, 0x03, 0xE0,
    0xF8, 0x70, 0x18, 0x06, 0x01, 0xC0, 0x3F, 0x07, 0xE0, 0x18, 0x06, 0x03, 0x80, 0xC0, 0x0F, 0x07,
    0xF8, 0xC3, 0x30, 0x36, 0x06, 0xC0, 0xD8, 0x19, 0x86, 0x3F, 0xC1, 0xE0, 0x7F, 0xCF, 0xF8, 0xC6,
    0x18, 0xC3, 0x18, 0x63, 0x0C, 0x61, 0x8C, 0x31, 0xE6, 0x1C, 0x07, 0xC3, 0xFC, 0x61, 0x98, 0x13,
    0x02, 0x60, 0x4C, 0x09, 0xC3, 0x3F, 0xE6, 0xF8, 0xC0, 0x18, 0x03, 0x00, 0x60, 0x00, 0x0F, 0x07,
    0xF0, 0xC2, 0x30, 0x06, 0x00, 0xC0, 0x18, 0x01, 0x80, 0x3F, 0x03, 0xF0, 0x06, 0x00, 0xC0, 0x38,
    0x06, 0x00, 0x1F, 0xE7, 0xFD, 0xC3, 0x30, 0x36, 0x06, 0xC0, 0xD8, 0x19, 0x87, 0x3F, 0xC1, 0xF0,
    0x7F, 0xEF, 0xFC, 0x18, 0x03, 0x00, 0x60, 0x0C, 0x01, 0x80, 0x30, 0x07, 0x80, 0x70, 0x31, 0x8C,
    0x23, 0x0C, 0xC3, 0x30, 0xCC, 0x33, 0x1C, 0xC6, 0x1F, 0x87, 0x80, 0x00, 0x13, 0x83, 0x7C, 0x76,
    0xE6, 0x66, 0x66, 0x66, 0x66, 0x66, 0x67, 0x6E, 0x3F, 0xC1, 0xF8, 0x06, 0x00, 0x60, 0x06, 0x00,
    0x60, 0x70, 0xDE, 0x61, 0x98, 0x6C, 0x0F, 0x03, 0x80, 0xE0, 0x38, 0x0E, 0x07, 0x81, 0xB0, 0xCC,
    0x33, 0xD8, 0x70, 0x66, 0x66, 0x66, 0x66, 0x66, 0x66, 0x66, 0x66, 0x66, 0x66, 0x67, 0x6E, 0x3F,
    0xC1, 0xF8, 0x06, 0x00, 0x60, 0x06, 0x00, 0x60, 0x30, 0x30, 0x40, 0x21, 0x80, 0x63, 0x00, 0xC6,
    0x31, 0x8C, 0x63, 0x18, 0xC6, 0x3B, 0xDC, 0x3F, 0xF0, 0x39, 0xC0, 0xCF, 0x30, 0x00, 0x30, 0xC3,
    0x0C, 0x30, 0xC3, 0x0C, 0x3C, 0x70, 0x33, 0x0C, 0xC0, 0x00, 0x00, 0x31, 0x8C, 0x23, 0x0C, 0xC3,
    0x30, 0xCC, 0x33, 0x1C, 0xC6, 0x1F, 0x87, 0x80, 0x00, 0x03, 0x00, 0xC0, 0x30, 0x00, 0x00, 0xF0,
    0x7F, 0x8C, 0x33, 0x03, 0x60, 0x6C, 0x0D, 0x81, 0x98, 0x63, 0xFC, 0x1E, 0x00, 0x06, 0x03, 0x01,
    0x80, 0x00, 0x31, 0x8C, 0x23, 0x0C, 0xC3, 0x30, 0xCC, 0x33, 0x1C, 0xC6, 0x1F, 0x87, 0x80, 0x00,
    0x00, 0xC0, 0x03, 0x00, 0x0C, 0x00, 0x00, 0x03, 0x03, 0x04, 0x02, 0x18, 0x06, 0x30, 0x0C, 0x63,
    0x18, 0xC6, 0x31, 0x8C, 0x63, 0xBD, 0xC3, 0xFF, 0x03, 0x9C, 0x00, 0x30, 0x61, 0x86, 0x0C, 0x60,
    0x66, 0x03, 0x60, 0x1E, 0x00, 0xF0, 0x07, 0xC0, 0x37, 0x01, 0x9C, 0x0C, 0x70, 0x61, 0xC3, 0x07,
    0x00, 0x18, 0x01, 0x80, 0x08, 0x00, 0x80, 0x00, 0x00, 0x0F, 0x03, 0xE0, 0x66, 0x18, 0xC3, 0x18,
    0x67, 0x0F, 0xC1, 0xFC, 0x31, 0xC6, 0x18, 0xC3, 0x0C, 0xE1, 0xF8, 0x1E, 0x00, 0x00, 0x0F, 0x01,
    0xF0, 0x66, 0x0C, 0x61, 0x8C, 0x39, 0x9B, 0xF3, 0x3E, 0x60, 0xCC, 0x18, 0xC3, 0x18, 0xC3, 0xF8,
    0x1C, 0x00, 0xF0, 0xE7, 0xCF, 0x87, 0x6C, 0x1E, 0x00, 0xF0, 0x03, 0x00, 0x18, 0x00, 0xC0, 0x06,
    0x00, 0x30, 0x01, 0x80, 0x0C, 0x00, 0x60, 0x00, 0x30, 0x00, 0x6F, 0x0E, 0x4F, 0x9F, 0x01, 0xDB,
    0x00, 0xF0, 0x00, 0xF0, 0x00, 0x60, 0x00, 0x60, 0x00, 0x60, 0x00, 0x60, 0x00, 0x60, 0x00, 0x60,
    0x00, 0x60, 0x00, 0x60, 0x0C, 0xC0, 0x66, 0x00, 0x01, 0xE1, 0xCF, 0x9F, 0x0E, 0xD8, 0x3C, 0x01,
    0xE0, 0x06, 0x00, 0x30, 0x01, 0x80, 0x0C, 0x00, 0x60, 0x03, 0x00, 0x18, 0x00, 0xC0, 0x06, 0x00,
    0x60, 0x06, 0x00, 0x60, 0x1F, 0x83, 0xFC, 0x76, 0xE6, 0x66, 0x66, 0x66, 0x66, 0x66, 0x67, 0x6E,
    0x3F, 0xC1, 0xF8, 0x06, 0x00, 0x60, 0x06, 0x00, 0x60, 0xFF, 0xFD, 0xFF, 0xF9, 0x80, 0x63, 0x00,
    0xC6, 0x31, 0x8C, 0x63, 0x18, 0xC6, 0x3B, 0xDC, 0x3F, 0xF0, 0x39, 0xC0, 0x00, 0x00, 0x70, 0x67,
    0x8E, 0x08, 0xC0, 0xD8, 0x0B, 0x00, 0xD0, 0x1B, 0x03, 0x30, 0x71, 0x26, 0x1C, 0x00, 0x40, 0x0C,
    0x03, 0x80, 0x30, 0x0F, 0xC0, 0x7F, 0x83, 0x87, 0x0C, 0x0C, 0x60, 0x19, 0x80, 0x66, 0x01, 0x98,
    0x06, 0x60, 0x18, 0xC0, 0xC3, 0x87, 0x07, 0xF8, 0x0F, 0xC0, 0x0C, 0x00, 0x30, 0x00, 0xC0, 0x03,
    0x00, 0x1F, 0x07, 0xF8, 0xC3, 0x30, 0x36, 0x06, 0xC0, 0xD8, 0x1B, 0x87, 0x3F, 0xC3, 0xF0, 0x18,
    0x03, 0x00, 0x60, 0x0C, 0x00, 0x0F, 0xC1, 0xFC, 0x38, 0x07, 0x00, 0x60, 0x06, 0x00, 0x60, 0x06,
    0x00, 0x60, 0x07, 0x00, 0x38, 0x03, 0xF0, 0x0F, 0x80, 0x18, 0x01, 0x80, 0x38, 0x03, 0x00, 0x0F,
    0xC7, 0xF9, 0xC0, 0x30, 0x06, 0x00, 0xC0, 0x18, 0x03, 0x80, 0x3E, 0x03, 0xE0, 0x0C, 0x01, 0x80,
    0x70, 0x0C, 0x00, 0x3F, 0xCF, 0xF3, 0x00, 0xC0, 0x30, 0x0F, 0xE3, 0xF8, 0xC0, 0x30, 0x0C, 0x03,
    0x00, 0xC0, 0x30, 0x00, 0x03, 0xC1, 0xF0, 0xE0, 0x30, 0x0C, 0x03, 0x00, 0xF8, 0x3E, 0x0C, 0x03,
    0x00, 0xC0, 0x30, 0x0C, 0x03, 0x00, 0xC0, 0x70, 0x38, 0x0C, 0x00, 0x30, 0x03, 0x80, 0x18, 0x01,
    0x82, 0x18, 0xC1, 0x3C, 0x3E, 0xC3, 0x88, 0x20, 0x80, 0x18, 0x01, 0x80, 0x1C, 0x00, 0xC0, 0x00,
    0x00, 0x00, 0x0E, 0x00, 0xC0, 0x0C, 0x01, 0xC0, 0x18, 0x01, 0x80, 0x3F, 0xE3, 0xFE, 0x00, 0xC0,
    0x0C, 0x01, 0xC0, 0x18, 0x01, 0x80, 0x38, 0x3F, 0xC0, 0x78, 0x70, 0x48, 0x38, 0x08, 0x18, 0x08,
    0x3C, 0x08, 0x4C, 0x08, 0xCC, 0x00, 0xCC, 0x00, 0xCC, 0x00, 0xCC, 0x00, 0xCC, 0x00, 0xCC, 0x00,
    0xCC, 0x00, 0x0C, 0x00, 0x08, 0x00, 0x18, 0x00, 0x30, 0x00, 0x00, 0x70, 0x07, 0x00, 0x30, 0x03,
    0x00, 0x70, 0x0A, 0x02, 0x60, 0xDC, 0x36, 0xCD, 0x98, 0x01, 0x00, 0x20, 0x04, 0x00, 0x00, 0x00,
    0x18, 0x18, 0x18, 0x06, 0x0C, 0x03, 0x0C, 0x00, 0xC6, 0x00, 0x63, 0x0C, 0x31, 0x86, 0x18, 0xC3,
    0x0C, 0x61, 0x86, 0x30, 0xC3, 0x0C, 0xF3, 0x87, 0xCF, 0x81, 0xC7, 0xC0, 0x01, 0xC0, 0x03, 0xC0,
    0x07, 0x80, 0x03, 0x00, 0x00, 0x30, 0x30, 0x60, 0x61, 0x80, 0x63, 0x00, 0xC6, 0x31, 0x8C, 0x63,
    0x18, 0xC6, 0x3B, 0xDC, 0x3F, 0xF0, 0x39, 0xE0, 0x01, 0x80, 0x06, 0x00, 0x38, 0x00, 0xC0, 0x00,
    0x0E, 0x30, 0x78, 0xC3, 0x83, 0x0C, 0x0C, 0x60, 0x31, 0x80, 0xC6, 0x03, 0x18, 0x0C, 0x60, 0x31,
    0xC1, 0xC3, 0x8F, 0x07, 0xFC, 0x0F, 0x30, 0x00, 0xC0, 0x03, 0x00, 0x0C, 0x00, 0x30, 0x0C, 0x63,
    0xC6, 0x30, 0x66, 0x06, 0x60, 0x66, 0x06, 0x60, 0x63, 0x0E, 0x3F, 0xE1, 0xF6, 0x00, 0x60, 0x06,
    0x00, 0x60, 0x06, 0x30, 0x00, 0xC0, 0x03, 0x00, 0x0C, 0xF0, 0x37, 0xE0, 0xF1, 0xC3, 0x83, 0x8C,
    0x06, 0x30, 0x18, 0xC0, 0x63, 0x01, 0x8C, 0x06, 0x30, 0x30, 0x01, 0x80, 0x1C, 0x01, 0xE0, 0x1C,
    0x00, 0x1E, 0x46, 0x79, 0x86, 0x31, 0xE3, 0xEC, 0x01, 0x80, 0x30, 0x06, 0x71, 0x8F, 0xE0, 0x00,
    0x00, 0x00, 0x1F, 0x83, 0x9E, 0x70, 0x66, 0x06, 0x00, 0x60, 0x06, 0x00, 0x60, 0x0C, 0x01, 0x80,
    0x70, 0x0E, 0x01, 0xC0, 0x78, 0x06, 0x00, 0x38, 0x61, 0xFE, 0x07, 0x00, 0x00, 0x1F, 0x06, 0x31,
    0x83, 0x00, 0x60, 0x0C, 0x01, 0x00, 0x60, 0x38, 0x0C, 0x07, 0x01, 0x80, 0x18, 0x21, 0xFC, 0x0E,
    0x00, 0x00, 0x70, 0x38, 0x61, 0x80, 0xCC, 0x03, 0x30, 0x07, 0x80, 0x0C, 0x00, 0x30, 0x01, 0xE0,
    0x0C, 0xC0, 0x33, 0x01, 0x86, 0x1F, 0xFE, 0x7F, 0xF8, 0x00, 0x00, 0x60, 0xE6, 0x30, 0x6C, 0x07,
    0x80, 0x60, 0x1C, 0x06, 0xC0, 0x8C, 0x30, 0xDF, 0xFC, 0x00, 0x00, 0x00, 0x10, 0xFF, 0x8E, 0x00,
    0x60, 0x06, 0xF8, 0x3C, 0xE1, 0xC1, 0x8C, 0x0C, 0x60, 0x33, 0x01, 0x98, 0x18, 0x40, 0xC3, 0x8E,
    0x0F, 0xC0, 0x00, 0x00, 0x00, 0x03, 0xF0, 0xC0, 0x10, 0x06, 0xF0, 0xE7, 0x18, 0x23, 0x06, 0x60,
    0xCC, 0x19, 0x83, 0x30, 0x43, 0x18, 0x3E, 0x00, 0x00, 0x06, 0x00, 0xC0, 0x18, 0x3F, 0xF7, 0xFE,
    0x0C, 0x01, 0x80, 0x30, 0x06, 0x00, 0xC0, 0x18, 0x03, 0x00, 0x60, 0x0C, 0x01, 0x80, 0x30, 0x06,
    0x00, 0x0C, 0x03, 0x00, 0xC3, 0xFF, 0xFF, 0xC3, 0x00, 0xC0, 0x30, 0x0C, 0x03, 0x00, 0xC0, 0x30,
    0x0C, 0x03, 0x00, 0xC0, 0x30, 0x0C, 0x00, 0x70, 0x67, 0x8E, 0x08, 0xC0, 0xD8, 0x0B, 0x00, 0xF0,
    0x1B, 0x03, 0x30, 0x71, 0x26, 0x1E, 0x00, 0x00, 0x07, 0xC3, 0xFC, 0x61, 0x98, 0x13, 0x02, 0x60,
    0x4C, 0x09, 0xC3, 0x3F, 0xE6, 0xF8, 0xC0, 0x0C, 0x01, 0xFE, 0x0F, 0xC0, 0x0F, 0x0F, 0xE3, 0x09,
    0x80, 0x60, 0x18, 0x06, 0x00, 0xC2, 0x3F, 0x83, 0xC0, 0x18, 0x60, 0x00, 0x18, 0x61, 0x86, 0x18,
    0x61, 0x86, 0x18, 0x61, 0x86, 0x79, 0xC0, 0x0F, 0xC0, 0x7F, 0x83, 0x87, 0x0C, 0x0C, 0x60, 0x19,
    0xFF, 0xE7, 0xFF, 0x98, 0x06, 0x60, 0x18, 0xC0, 0xC3, 0x87, 0x07, 0xF8, 0x0F, 0xC0, 0x1F, 0x87,
    0x10, 0x80, 0x30, 0x07, 0xF8, 0xFF, 0x18, 0x03, 0x00, 0x30, 0x83, 0xF0, 0x00, 0x00, 0x00, 0x3E,
    0x00, 0x60, 0x06, 0x00, 0xC3, 0xF8, 0x7F, 0x00, 0x20, 0x0C, 0x03, 0x07, 0xC0, 0x00, 0x00, 0x00,
    0x30, 0x06, 0x00, 0xFC, 0x1F, 0xC3, 0x1C, 0x61, 0x8C, 0x31, 0x8E, 0x3F, 0x87, 0xE0, 0xC0, 0x18,
    0x03, 0x00, 0x30, 0x06, 0x00, 0xC0, 0x18, 0x03, 0x78, 0x7F, 0x8E, 0x39, 0x83, 0x30, 0x66, 0x0C,
    0xC1, 0x9C, 0x73, 0xFC, 0x6F, 0x0C, 0x01, 0x80, 0x30, 0x06, 0x00, 0x07, 0xE0, 0xFF, 0x8E, 0x04,
    0x60, 0x06, 0x00, 0x30, 0x01, 0x80, 0x0C, 0x00, 0x60, 0x01, 0x80, 0x0E, 0x04, 0x3F, 0xE0, 0x7E,
    0x00, 0x3C, 0x3C, 0x3C, 0x3C, 0x36, 0x6C, 0x37, 0xEC, 0x33, 0xCC, 0x31, 0x8C, 0x30, 0x0C, 0x30,
    0x0C, 0x30, 0x0C, 0x30, 0x0C, 0x30, 0x0C, 0x30, 0x0C, 0x30, 0x0C, 0x7B, 0xC7, 0xBC, 0x6E, 0xC6,
    0xEC, 0x64, 0xC6, 0x0C, 0x60, 0xC6, 0x0C, 0x60, 0xC6, 0x0C, 0x60, 0x06, 0x00, 0x60, 0x06, 0x00,
    0x0F, 0x03, 0x30, 0xC3, 0x10, 0x22, 0x04, 0x40, 0x88, 0x11, 0x86, 0x39, 0xC5, 0xF0, 0x80, 0x3F,
    0x87, 0xF0, 0x40, 0x00, 0x00, 0x3F, 0x03, 0xFE, 0x10, 0x38, 0x00, 0xC0, 0x03, 0x00, 0x18, 0x00,
    0xC0, 0x06, 0x00, 0x30, 0x03, 0x10, 0x38, 0xFF, 0x83, 0xF0, 0x00, 0x07, 0xE0, 0xFF, 0x8E, 0x04,
    0x60, 0x06, 0x00, 0x30, 0x01, 0x86, 0x0C, 0x30, 0x60, 0x01, 0x80, 0x0E, 0x04, 0x3F, 0xE0, 0x7E,
    0x00, 0x3F, 0x03, 0xFE, 0x10, 0x38, 0x00, 0xC0, 0x03, 0x00, 0x18, 0x30, 0xC1, 0x86, 0x00, 0x30,
    0x03, 0x10, 0x38, 0xFF, 0x83, 0xF0, 0x00, 0x06, 0x00, 0x60, 0x00, 0x1F, 0xE3, 0xFC, 0x60, 0x0C,
    0x01, 0x80, 0x3F, 0xC7, 0xF8, 0xC0, 0x18, 0x03, 0x00, 0x60, 0x0F, 0xF1, 0xFE, 0x19, 0x83, 0x30,
    0x00, 0x1F, 0xE3, 0xFC, 0x60, 0x0C, 0x01, 0x80, 0x3F, 0xC7, 0xF8, 0xC0, 0x18, 0x03, 0x00, 0x60,
    0x0F, 0xF1, 0xFE, 0x7F, 0xF0, 0xFF, 0xE0, 0x18, 0x00, 0x30, 0x00, 0x60, 0x00, 0xFE, 0x01, 0xFE,
    0x03, 0x0E, 0x06, 0x0C, 0x0C, 0x18, 0x18, 0x30, 0x30, 0x60, 0x60, 0xC0, 0x01, 0x80, 0x07, 0x00,
    0x3C, 0x00, 0x70, 0x03, 0x00, 0xC0, 0x00, 0x1F, 0xE3, 0xFC, 0x60, 0x0C, 0x01, 0x80, 0x30, 0x06,
    0x00, 0xC0, 0x18, 0x03, 0x00, 0x60, 0x0C, 0x01, 0x80, 0x07, 0xE0, 0xFF, 0x8E, 0x04, 0x60, 0x06,
    0x00, 0x3F, 0xE1, 0xFF, 0x0C, 0x00, 0x60, 0x01, 0x80, 0x0E, 0x04, 0x3F, 0xE0, 0x7E, 0x00, 0x1F,
    0x07, 0xF1, 0xC2, 0x30, 0x06, 0x00, 0x7C, 0x07, 0xE0, 0x0E, 0x00, 0xC0, 0x19, 0x07, 0x3F, 0xC3,
    0xF0, 0x31, 0x8C, 0x63, 0x18, 0xC6, 0x31, 0x8C, 0x63, 0x00, 0xCF, 0x30, 0x0C, 0x30, 0xC3, 0x0C,
    0x30, 0xC3, 0x0C, 0x30, 0xC3, 0x0C, 0x18, 0x61, 0x86, 0x18, 0x61, 0x86, 0x18, 0x61, 0x86, 0x18,
    0x63, 0x9C, 0x60, 0x0F, 0xF0, 0x00, 0xFF, 0x00, 0x0C, 0x30, 0x00, 0xC3, 0x00, 0x0C, 0x30, 0x00,
    0xC3, 0xF8, 0x0C, 0x3F, 0xC0, 0xC3, 0x0E, 0x1C, 0x30, 0x61, 0x83, 0x06, 0x38, 0x30, 0xE7, 0x03,
    0xFC, 0x60, 0x3F, 0x80, 0x30, 0x60, 0x06, 0x0C, 0x00, 0xC1, 0x80, 0x18, 0x30, 0x03, 0x06, 0x00,
    0x7F, 0xFE, 0x0F, 0xFF, 0xE1, 0x83, 0x0E, 0x30, 0x60, 0xC6, 0x0C, 0x18, 0xC1, 0x87, 0x18, 0x3F,
    0xC3, 0x07, 0xF0, 0x7F, 0xF0, 0xFF, 0xE0, 0x18, 0x00, 0x30, 0x00, 0x60, 0x00, 0xFE, 0x01, 0xFE,
    0x03, 0x0E, 0x06, 0x0C, 0x0C, 0x18, 0x18, 0x30, 0x30, 0x60, 0x60, 0xC0, 0x03, 0x00, 0x30, 0x00,
    0x00, 0x60, 0x63, 0x06, 0x18, 0x60, 0xC6, 0x06, 0xE0, 0x3F, 0x01, 0xFC, 0x0E, 0x60, 0x61, 0x83,
    0x0E, 0x18, 0x30, 0xC0, 0xC6, 0x07, 0x06, 0x00, 0x18, 0x00, 0x00, 0x60, 0xE3, 0x07, 0x18, 0x78,
    0xC3, 0xC6, 0x36, 0x31, 0xB1, 0x99, 0x8D, 0x8C, 0x6C, 0x63, 0xC3, 0x1E, 0x18, 0xE0, 0xC7, 0x06,
    0x10, 0x81, 0xE0, 0x00, 0x60, 0x66, 0x18, 0xC3, 0x1C, 0xC1, 0x98, 0x37, 0x03, 0xC0, 0x78, 0x0E,
    0x00, 0xC0, 0x30, 0x1E, 0x03, 0x80, 0x30, 0x30, 0xC0, 0xC3, 0x03, 0x0C, 0x0C, 0x30, 0x30, 0xC0,
    0xC3, 0x03, 0x0C, 0x0C, 0x30, 0x30, 0xC0, 0xC3, 0x03, 0x0F, 0xFC, 0x3F, 0xF0, 0x0C, 0x00, 0x30,
    0x00, 0xC0, 0x06, 0x00, 0x30, 0x03, 0xC0, 0x1E, 0x01, 0x98, 0x0C, 0xC0, 0x66, 0x06, 0x18, 0x3F,
    0xC3, 0xFF, 0x18, 0x18, 0xC0, 0xCC, 0x03, 0x00, 0x3F, 0xC3, 0xFC, 0x30, 0x03, 0x00, 0x30, 0x03,
    0xF8, 0x3F, 0xC3, 0x0E, 0x30, 0x63, 0x06, 0x30, 0xE3, 0xFC, 0x3F, 0x80, 0x3F, 0x83, 0xFC, 0x30,
    0xC3, 0x0C, 0x30, 0xC3, 0xF8, 0x3F, 0x83, 0x0C, 0x30, 0x63, 0x06, 0x30, 0xE3, 0xFC, 0x3F, 0x80,
    0x3F, 0xC7, 0xF8, 0xC0, 0x18, 0x03, 0x00, 0x60, 0x0C, 0x01, 0x80, 0x30, 0x06, 0x00, 0xC0, 0x18,
    0x03, 0x00, 0x0F, 0xE0, 0x3F, 0x80, 0xC6, 0x03, 0x18, 0x0C, 0x60, 0x31, 0x80, 0xC6, 0x03, 0x18,
    0x1C, 0x60, 0x61, 0x83, 0x86, 0x1F, 0xFE, 0x7F, 0xF9, 0x80, 0x66, 0x01, 0x98, 0x06, 0x3F, 0xC7,
    0xF8, 0xC0, 0x18, 0x03, 0x00, 0x7F, 0x8F, 0xF1, 0x80, 0x30, 0x06, 0x00, 0xC0, 0x1F, 0xE3, 0xFC,
    0x70, 0x60, 0xE3, 0x86, 0x1C, 0x1C, 0x63, 0x80, 0xE6, 0x70, 0x07, 0x6E, 0x00, 0x7F, 0xE0, 0x07,
    0xFE, 0x00, 0xEF, 0x70, 0x0C, 0x63, 0x01, 0x86, 0x18, 0x38, 0x61, 0xC3, 0x06, 0x0C, 0x70, 0x60,
    0xE0, 0x3F, 0x07, 0xF8, 0x41, 0xC0, 0x0C, 0x01, 0xC1, 0xF8, 0x1F, 0x80, 0x1C, 0x00, 0xC0, 0x0C,
    0x41, 0xC7, 0xF8, 0x3F, 0x00, 0x30, 0x71, 0x83, 0x8C, 0x3C, 0x61, 0xE3, 0x1B, 0x18, 0xD8, 0xCC,
    0xC6, 0xC6, 0x36, 0x31, 0xE1, 0x8F, 0x0C, 0x70, 0x63, 0x83, 0x00, 0x08, 0x40, 0x3C, 0x00, 0x00,
    0x60, 0xE3, 0x07, 0x18, 0x78, 0xC3, 0xC6, 0x36, 0x31, 0xB1, 0x99, 0x8D, 0x8C, 0x6C, 0x63, 0xC3,
    0x1E, 0x18, 0xE0, 0xC7, 0x06, 0x30, 0x31, 0x83, 0x0C, 0x30, 0x63, 0x03, 0x70, 0x1F, 0x80, 0xFE,
    0x07, 0x30, 0x30, 0xC1, 0x87, 0x0C, 0x18, 0x60, 0x63, 0x03, 0x80, 0x0F, 0xF0, 0x3F, 0xC0, 0xC3,
    0x03, 0x0C, 0x0C, 0x30, 0x30, 0xC0, 0xC3, 0x03, 0x0C, 0x1C, 0x30, 0x60, 0xC3, 0x83, 0x1C, 0x0C,
    0x60, 0x30, 0x38, 0x1C, 0x3C, 0x3C, 0x3C, 0x3C, 0x36, 0x2C, 0x36, 0x6C, 0x36, 0x6C, 0x33, 0xCC,
    0x33, 0xCC, 0x31, 0x8C, 0x31, 0x8C, 0x30, 0x0C, 0x30, 0x0C, 0x30, 0x0C, 0x30, 0x30, 0xC0, 0xC3,
    0x03, 0x0C, 0x0C, 0x30, 0x30, 0xFF, 0xC3, 0xFF, 0x0C, 0x0C, 0x30, 0x30, 0xC0, 0xC3, 0x03, 0x0C,
    0x0C, 0x30, 0x30, 0x0F, 0xC0, 0x7F, 0x83, 0x87, 0x0C, 0x0C, 0x60, 0x19, 0x80, 0x66, 0x01, 0x98,
    0x06, 0x60, 0x18, 0xC0, 0xC3, 0x87, 0x07, 0xF8, 0x0F, 0xC0, 0x3F, 0xF0, 0xFF, 0xC3, 0x03, 0x0C,
    0x0C, 0x30, 0x30, 0xC0, 0xC3, 0x03, 0x0C, 0x0C, 0x30, 0x30, 0xC0, 0xC3, 0x03, 0x0C, 0x0C, 0x30,
    0x30, 0x3F, 0x07, 0xF0, 0xC7, 0x18, 0x63, 0x0C, 0x63, 0x8F, 0xE1, 0xF8, 0x30, 0x06, 0x00, 0xC0,
    0x18, 0x03, 0x00, 0x07, 0xE0, 0xFF, 0x8E, 0x04, 0x60, 0x06, 0x00, 0x30, 0x01, 0x80, 0x0C, 0x00,
    0x60, 0x01, 0x80, 0x0E, 0x04, 0x3F, 0xE0, 0x7E, 0x00, 0x7F, 0xFB, 0xFF, 0xC0, 0xC0, 0x06, 0x00,
    0x30, 0x01, 0x80, 0x0C, 0x00, 0x60, 0x03, 0x00, 0x18, 0x00, 0xC0, 0x06, 0x00, 0x30, 0x00, 0xC0,
    0xCC, 0x31, 0x86, 0x39, 0x83, 0x30, 0x6E, 0x07, 0x80, 0xF0, 0x1C, 0x01, 0x80, 0x60, 0x3C, 0x07,
    0x00, 0x01, 0x80, 0x0F, 0xF0, 0x1F, 0xF8, 0x39, 0x9C, 0x61, 0x86, 0x61, 0x86, 0x61, 0x86, 0x61,
    0x86, 0x31, 0x8C, 0x1F, 0xF8, 0x0F, 0xF0, 0x01, 0x80, 0x01, 0x80, 0x38, 0x71, 0x86, 0x1C, 0xC0,
    0xDC, 0x07, 0x80, 0x70, 0x07, 0x00, 0x78, 0x0D, 0x81, 0xCC, 0x18, 0xE3, 0x06, 0x70, 0x70, 0x30,
    0x30, 0xC0, 0xC3, 0x03, 0x0C, 0x0C, 0x30, 0x30, 0xC0, 0xC3, 0x03, 0x0C, 0x0C, 0x30, 0x30, 0xC0,
    0xC3, 0x03, 0x0F, 0xFF, 0x3F, 0xFC, 0x00, 0x30, 0x00, 0xC0, 0x03, 0x30, 0x63, 0x06, 0x30, 0x63,
    0x06, 0x30, 0x63, 0x86, 0x1F, 0xE0, 0xFE, 0x00, 0x60, 0x06, 0x00, 0x60, 0x06, 0x00, 0x60, 0x30,
    0x60, 0xC6, 0x0C, 0x18, 0xC1, 0x83, 0x18, 0x30, 0x63, 0x06, 0x0C, 0x60, 0xC1, 0x8C, 0x18, 0x31,
    0x83, 0x06, 0x30, 0x60, 0xC6, 0x0C, 0x18, 0xC1, 0x83, 0x1F, 0xFF, 0xE3, 0xFF, 0xFC, 0x30, 0x60,
    0xC3, 0x06, 0x0C, 0x30, 0x60, 0xC3, 0x06, 0x0C, 0x30, 0x60, 0xC3, 0x06, 0x0C, 0x30, 0x60, 0xC3,
    0x06, 0x0C, 0x30, 0x60, 0xC3, 0x06, 0x0C, 0x30, 0x60, 0xC3, 0xFF, 0xFF, 0x3F, 0xFF, 0xF0, 0x00,
    0x03, 0x00, 0x00, 0x30, 0x00, 0x03, 0x7C, 0x00, 0xF8, 0x00, 0x30, 0x00, 0x60, 0x00, 0xC0, 0x01,
    0xFC, 0x03, 0xFC, 0x06, 0x0C, 0x0C, 0x18, 0x18, 0x30, 0x30, 0xE0, 0x7F, 0x80, 0xFE, 0x00, 0x30,
    0x06, 0x30, 0x06, 0x30, 0x06, 0x30, 0x06, 0x30, 0x06, 0x3F, 0x86, 0x3F, 0xC6, 0x30, 0xE6, 0x30,
    0x66, 0x30, 0x66, 0x30, 0xE6, 0x3F, 0xC6, 0x3F, 0x86, 0x30, 0x03, 0x00, 0x30, 0x03, 0x00, 0x30,
    0x03, 0xF8, 0x3F, 0xC3, 0x0E, 0x30, 0x63, 0x06, 0x30, 0xE3, 0xFC, 0x3F, 0x80, 0x3F, 0x03, 0xFE,
    0x10, 0x38, 0x00, 0xC0, 0x03, 0x0F, 0xF8, 0x7F, 0xC0, 0x06, 0x00, 0x30, 0x03, 0x10, 0x38, 0xFF,
    0x83, 0xF0, 0x00, 0x30, 0x7E, 0x06, 0x1F, 0xE0, 0xC7, 0x0E, 0x18, 0xC0, 0xC3, 0x30, 0x0C, 0x66,
    0x01, 0x8F, 0xC0, 0x31, 0xF8, 0x06, 0x33, 0x00, 0xC6, 0x70, 0x30, 0xC7, 0x0E, 0x18, 0x7F, 0x83,
    0x07, 0xE0, 0x0F, 0xE0, 0xFF, 0x0E, 0x18, 0x60, 0xC3, 0x06, 0x1C, 0x30, 0x7F, 0x80, 0xFC, 0x0E,
    0x60, 0x63, 0x07, 0x18, 0x30, 0xC3, 0x86, 0x00, 0x1E, 0x07, 0xE0, 0x8E, 0x00, 0xC1, 0xF8, 0xFF,
    0x18, 0x63, 0x1C, 0x7F, 0x87, 0xB0, 0x07, 0xC3, 0xF8, 0xE0, 0x30, 0x06, 0xF8, 0xFF, 0x9C, 0x3B,
    0x03, 0x60, 0x6C, 0x0D, 0x81, 0xB8, 0x63, 0xFC, 0x3E, 0x00, 0x00, 0x3F, 0x87, 0xF8, 0xC3, 0x18,
    0x63, 0xF8, 0x7F, 0x8C, 0x31, 0x86, 0x3F, 0xC7, 0xF0, 0x3F, 0x9F, 0xCC, 0x06, 0x03, 0x01, 0x80,
    0xC0, 0x60, 0x30, 0x18, 0x00, 0x0F, 0xC0, 0xFC, 0x0C, 0xC0, 0xCC, 0x0C, 0xC0, 0xCC, 0x1C, 0xC1,
    0x8C, 0x7F, 0xF7, 0xFF, 0x60, 0x36, 0x03, 0x0F, 0x87, 0xF8, 0xC3, 0xB0, 0x37, 0xFE, 0xFF, 0xD8,
    0x01, 0x81, 0x3F, 0xE1, 0xF8, 0x39, 0x9C, 0x1D, 0xB8, 0x0D, 0xB0, 0x07, 0xE0, 0x0F, 0xF0, 0x0F,
    0xF0, 0x1D, 0xB8, 0x19, 0x98, 0x31, 0x8C, 0x71, 0x8E, 0x3E, 0x1F, 0xC4, 0x30, 0x0C, 0x1C, 0x07,
    0xC0, 0x31, 0x0C, 0x7F, 0x0F, 0x00, 0x31, 0xC3, 0x1C, 0x33, 0xC3, 0x7C, 0x36, 0xC3, 0xEC, 0x3C,
    0xC3, 0xCC, 0x38, 0xC3, 0x8C, 0x10, 0x80, 0xF0, 0x00, 0x00, 0x00, 0x31, 0xC3, 0x1C, 0x33, 0xC3,
    0x7C, 0x36, 0xC3, 0xEC, 0x3C, 0xC3, 0xCC, 0x38, 0xC3, 0x8C, 0x30, 0xC6, 0x30, 0xCC, 0x1F, 0x03,
    0xE0, 0x76, 0x0C, 0xE1, 0x8C, 0x30, 0xC6, 0x1C, 0x0F, 0xE0, 0xFE, 0x0C, 0x60, 0xC6, 0x0C, 0x60,
    0xC6, 0x1C, 0x61, 0x86, 0x78, 0x66, 0x06, 0x3C, 0xF0, 0xF3, 0xC3, 0xCF, 0x0D, 0xEC, 0x37, 0xB0,
    0xDE, 0xC3, 0x33, 0x0C, 0xCC, 0x30, 0x30, 0xC0, 0xC0, 0x30, 0x63, 0x06, 0x30, 0x63, 0x06, 0x3F,
    0xE3, 0xFE, 0x30, 0x63, 0x06, 0x30, 0x63, 0x06, 0x0F, 0x07, 0xF8, 0xC3, 0x30, 0x36, 0x06, 0xC0,
    0xD8, 0x19, 0x86, 0x3F, 0xC1, 0xE0, 0x3F, 0xE3, 0xFE, 0x30, 0x63, 0x06, 0x30, 0x63, 0x06, 0x30,
    0x63, 0x06, 0x30, 0x63, 0x06, 0x37, 0x87, 0xF8, 0xE3, 0x98, 0x33, 0x06, 0x60, 0xCC, 0x19, 0xC7,
    0x3F, 0xC6, 0xF0, 0xC0, 0x18, 0x03, 0x00, 0x60, 0x00, 0x0F, 0x0F, 0xE3, 0x09, 0x80, 0x60, 0x18,
    0x06, 0x00, 0xC2, 0x3F, 0x83, 0xC0, 0x7F, 0xDF, 0xF0, 0x60, 0x18, 0x06, 0x01, 0x80, 0x60, 0x18,
    0x06, 0x01, 0x80, 0x60, 0x6C, 0x0C, 0xC3, 0x18, 0x61, 0x98, 0x33, 0x03, 0xC0, 0x78, 0x06, 0x00,
    0xC0, 0x18, 0x06, 0x03, 0xC0, 0x70, 0x00, 0x01, 0x80, 0x03, 0x00, 0x06, 0x00, 0x0C, 0x01, 0xDB,
    0x87, 0xFF, 0x9C, 0xF3, 0xB0, 0xC3, 0x61, 0x86, 0xC3, 0x0D, 0x86, 0x1B, 0x9E, 0x73, 0xFF, 0xC3,
    0xB7, 0x00, 0x60, 0x00, 0xC0, 0x01, 0x80, 0x03, 0x00, 0x70, 0xE6, 0x18, 0x66, 0x0C, 0xC0, 0xF0,
    0x1E, 0x06, 0x60, 0xCC, 0x30, 0xCE, 0x1C, 0x30, 0x63, 0x06, 0x30, 0x63, 0x06, 0x30, 0x63, 0x06,
    0x30, 0x63, 0x06, 0x3F, 0xF3, 0xFF, 0x00, 0x10, 0x01, 0x61, 0x8C, 0x31, 0x86, 0x30, 0xC6, 0x18,
    0xFF, 0x0F, 0xE0, 0x0C, 0x01, 0x80, 0x30, 0x31, 0x8C, 0x31, 0x8C, 0x31, 0x8C, 0x31, 0x8C, 0x31,
    0x8C, 0x31, 0x8C, 0x31, 0x8C, 0x31, 0x8C, 0x3F, 0xFC, 0x3F, 0xFC, 0x31, 0x8C, 0x18, 0xC6, 0x0C,
    0x63, 0x06, 0x31, 0x83, 0x18, 0xC1, 0x8C, 0x60, 0xC6, 0x30, 0x63, 0x18, 0x3F, 0xFF, 0x1F, 0xFF,
    0x80, 0x00, 0xC0, 0x00, 0x60, 0x7C, 0x03, 0xE0, 0x03, 0x00, 0x18, 0x00, 0xFE, 0x07, 0xF8, 0x30,
    0xC1, 0x86, 0x0F, 0xF0, 0x7F, 0x00, 0x30, 0x18, 0xC0, 0x63, 0x01, 0x8C, 0x06, 0x3F, 0x98, 0xFF,
    0x63, 0x0D, 0x8C, 0x36, 0x3F, 0xD8, 0xFE, 0x60, 0x30, 0x06, 0x00, 0xC0, 0x18, 0x03, 0xF8, 0x7F,
    0x8C, 0x31, 0x86, 0x3F, 0xC7, 0xF0, 0x3C, 0x1F, 0xC4, 0x30, 0x06, 0x3F, 0x8F, 0xE0, 0x19, 0x0C,
    0x7F, 0x0F, 0x00, 0x31, 0xF0, 0x67, 0xF0, 0xDC, 0x71, 0xB0, 0x63, 0xE0, 0xC7, 0xC1, 0x8D, 0x83,
    0x1B, 0x8E, 0x33, 0xF8, 0x63, 0xE0, 0x1F, 0xC7, 0xF8, 0xC3, 0x18, 0x63, 0x0C, 0x1F, 0x83, 0xF0,
    0xC6, 0x38, 0xCE, 0x18, 0x18, 0x01, 0x80, 0x18, 0x00, 0x00, 0xF8, 0x7F, 0x8C, 0x3B, 0x03, 0x7F,
    0xEF, 0xFD, 0x80, 0x18, 0x13, 0xFE, 0x1F, 0x80, 0x19, 0x83, 0x30, 0x00, 0x00, 0x00, 0xF8, 0x7F,
    0x8C, 0x3B, 0x03, 0x7F, 0xEF, 0xFD, 0x80, 0x18, 0x13, 0xFE, 0x1F, 0x80, 0x30, 0x06, 0x00, 0xC0,
    0x18, 0x0F, 0xF1, 0xFE, 0x0C, 0x01, 0xBC, 0x3F, 0x87, 0x38, 0xC3, 0x18, 0x63, 0x0C, 0x61, 0x80,
    0x60, 0x1C, 0x07, 0x00, 0x80, 0x03, 0x03, 0x03, 0x00, 0x03, 0xF9, 0xFC, 0xC0, 0x60, 0x30, 0x18,
    0x0C, 0x06, 0x03, 0x01, 0x80, 0x0F, 0x0F, 0xE3, 0x09, 0x80, 0x7F, 0x1F, 0xC6, 0x00, 0xC2, 0x3F,
    0x83, 0xC0, 0x3E, 0x3F, 0x98, 0x4E, 0x03, 0xE0, 0x78, 0x0C, 0x86, 0x7F, 0x1F, 0x00, 0x31, 0x80,
    0x03, 0x18, 0xC6, 0x31, 0x8C, 0x63, 0x18, 0x66, 0xCC, 0x00, 0x01, 0x83, 0x06, 0x0C, 0x18, 0x30,
    0x60, 0xC1, 0x83, 0x00, 0x18, 0x60, 0x00, 0x18, 0x61, 0x86, 0x18, 0x61, 0x86, 0x18, 0x61, 0x86,
    0x79, 0xC0, 0x0F, 0xC0, 0x0F, 0xC0, 0x0C, 0xC0, 0x0C, 0xC0, 0x0C, 0xFC, 0x0C, 0xFE, 0x1C, 0xC6,
    0x18, 0xC6, 0x78, 0xFE, 0x60, 0xFC, 0x30, 0xC0, 0x30, 0xC0, 0x30, 0xC0, 0x30, 0xC0, 0x3F, 0xFC,
    0x3F, 0xFE, 0x30, 0xC6, 0x30, 0xC6, 0x30, 0xFE, 0x30, 0xFC, 0x30, 0x03, 0x00, 0x30, 0x03, 0x00,
    0xFF, 0x8F, 0xF8, 0x30, 0x03, 0x78, 0x3F, 0x83, 0x9C, 0x30, 0xC3, 0x0C, 0x30, 0xC3, 0x0C, 0x03,
    0x00, 0xC0, 0x30, 0x00, 0x03, 0x0C, 0x63, 0x0C, 0xC1, 0xF0, 0x3E, 0x07, 0x60, 0xCE, 0x18, 0xC3,
    0x0C, 0x61, 0xC0, 0x18, 0x00, 0xC0, 0x06, 0x00, 0x00, 0x31, 0xC3, 0x1C, 0x33, 0xC3, 0x7C, 0x36,
    0xC3, 0xEC, 0x3C, 0xC3, 0xCC, 0x38, 0xC3, 0x8C, 0x10, 0x81, 0xE0, 0x00, 0x00, 0x06, 0x06, 0xC0,
    0xCC, 0x31, 0x86, 0x19, 0x83, 0x30, 0x3C, 0x07, 0x80, 0x60, 0x0C, 0x01, 0x80, 0x60, 0x3C, 0x07,
    0x00, 0x30, 0xC3, 0x0C, 0x30, 0xC3, 0x0C, 0x30, 0xC3, 0x0C, 0x30, 0xC3, 0x0C, 0x3F, 0xC3, 0xFC,
    0x06, 0x00, 0x60, 0x18, 0x18, 0x18, 0x06, 0x0C, 0x03, 0x0C, 0x00, 0xC6, 0x00, 0x63, 0x0C, 0x31,
    0x86, 0x18, 0xC3, 0x0C, 0x61, 0x86, 0x30, 0xC3, 0x0C, 0xF3, 0x07, 0xCF, 0x81, 0xC3, 0x80, 0x30,
    0x30, 0x40, 0x21, 0x80, 0x63, 0x00, 0xC6, 0x31, 0x8C, 0x63, 0x18, 0xC6, 0x3B, 0xDC, 0x3F, 0xF0,
    0x39, 0xC0, 0x0C, 0x00, 0x30, 0x07, 0xF8, 0x1F, 0xE0, 0x0C, 0x00, 0x3F, 0x80, 0xFF, 0x03, 0x0E,
    0x0C, 0x18, 0x30, 0x60, 0xC3, 0x83, 0xFC, 0x0F, 0xE0, 0x18, 0x01, 0x80, 0x18, 0x01, 0x80, 0xFF,
    0x8F, 0xF8, 0x18, 0x01, 0x80, 0x1F, 0xC1, 0xFE, 0x18, 0x61, 0x86, 0x1F, 0xE1, 0xFC, 0x30, 0xFE,
    0x18, 0xE1, 0x8C, 0xC0, 0x06, 0x60, 0x03, 0x20, 0x01, 0xFF, 0xC0, 0xFF, 0xE0, 0x6C, 0x00, 0x33,
    0x00, 0x19, 0x80, 0x0C, 0xE0, 0x06, 0x38, 0x63, 0x07, 0xE0, 0x00, 0x00, 0x00, 0x00, 0x21, 0xF1,
    0x18, 0x89, 0x80, 0x4C, 0x03, 0xFC, 0x12, 0x00, 0x90, 0x04, 0xC0, 0x23, 0x01, 0x0F, 0x80, 0x00,
    0x00, 0x00, 0x01, 0x80, 0x03, 0xC0, 0x03, 0xC0, 0x06, 0x60, 0x04, 0x60, 0x0C, 0x30, 0x18, 0x30,
    0x1F, 0xF8, 0x31, 0x98, 0x31, 0x8C, 0x61, 0x8C, 0x61, 0x86, 0xC1, 0x86, 0x00, 0x00, 0x03, 0x00,
    0x1E, 0x00, 0x68, 0x03, 0x30, 0x08, 0x40, 0x7F, 0x83, 0x33, 0x0C, 0xCC, 0x63, 0x19, 0x0C, 0x20,
    0x30, 0x1C, 0x01, 0x80, 0xF0, 0x0C, 0x0D, 0x80, 0x60, 0x66, 0x03, 0x06, 0x30, 0x1F, 0xF0, 0xC0,
    0xFF, 0x06, 0x06, 0x1F, 0xF8, 0x31, 0x8C, 0xC1, 0x8C, 0x63, 0x0C, 0xC3, 0x18, 0x66, 0x18, 0x63,
    0x60, 0xC3, 0x00, 0x00, 0x00, 0x20, 0x30, 0x08, 0x1E, 0x02, 0x05, 0x80, 0x83, 0x30, 0x3F, 0x84,
    0x0F, 0xFF, 0x82, 0x33, 0x30, 0x8C, 0xCC, 0x26, 0x31, 0x89, 0x0C, 0x20, 0x7F, 0xF8, 0xFF, 0xC1,
    0x86, 0x07, 0x38, 0x0C, 0xC0, 0x1E, 0x00, 0xFC, 0x07, 0xF8, 0x3B, 0x70, 0xCC, 0xC6, 0x31, 0x98,
    0xC6, 0x63, 0x18, 0x7F, 0xE7, 0xF8, 0x66, 0x07, 0x81, 0xF8, 0x7F, 0x8D, 0xB3, 0x33, 0x66, 0x6C,
    0xCC, 0x33, 0xFF, 0x8C, 0x60, 0xC3, 0x18, 0x30, 0xC3, 0x18, 0x30, 0xCC, 0x0F, 0xFB, 0x03, 0xFF,
    0xC0, 0xC3, 0xF8, 0x31, 0x93, 0x0C, 0xC4, 0x63, 0x31, 0x18, 0xD8, 0x46, 0x36, 0x10, 0x80, 0x00,
    0x00, 0x27, 0xFC, 0x47, 0xF0, 0x8C, 0x61, 0x0D, 0x83, 0xFA, 0x07, 0xFE, 0x08, 0xF6, 0x13, 0x64,
    0x26, 0xCC, 0x4D, 0x98, 0x11, 0x02, 0x40, 0x28, 0x06, 0x03, 0xF0, 0x43, 0x00, 0x30, 0x06, 0x00,
    0x81, 0xE0, 0x3E, 0x00, 0x60, 0x0C, 0x01, 0x80, 0x30, 0xFC, 0x7F, 0x0C, 0x01, 0x80, 0x1F, 0xC1,
    0xC8, 0x01, 0x0C, 0x81, 0x40, 0x50, 0x7E, 0x18, 0xC0, 0x10, 0x0C, 0x1E, 0x01, 0xC0, 0x10, 0x04,
    0x03, 0x1F, 0x84, 0x01, 0x00, 0x7F, 0x00, 0x00, 0xC3, 0x06, 0x43, 0x0C, 0x63, 0x18, 0x63, 0x18,
    0x23, 0x30, 0x33, 0x30, 0x33, 0x20, 0x13, 0x60, 0x1B, 0x60, 0x0F, 0xC0, 0x03, 0x00, 0x03, 0x00,
    0x03, 0x00, 0x00, 0x00, 0x03, 0x00, 0x03, 0x00, 0x03, 0x00, 0x03, 0x00, 0x43, 0x06, 0x63, 0x0C,
    0x63, 0x18, 0x23, 0x18, 0x33, 0x30, 0x33, 0x30, 0x1B, 0x20, 0x1B, 0x60, 0x0F, 0xE0, 0x0F, 0xC0,
    0x03, 0x00, 0x03, 0x00, 0x03, 0x00, 0x03, 0x00, 0x0F, 0xC0, 0x7F, 0x83, 0x87, 0x0C, 0x0C, 0x60,
    0x19, 0xFF, 0xE7, 0xFF, 0x98, 0x06, 0x60, 0x18, 0xC0, 0xC3, 0x87, 0x07, 0xF8, 0x0F, 0xC0, 0x0F,
    0x07, 0xF8, 0x81, 0x3F, 0xF7, 0xFE, 0xC0, 0xD8, 0x19, 0x86, 0x3F, 0xC1, 0xE0, 0xC0, 0x3D, 0x80,
    0xC6, 0x06, 0x08, 0x18, 0x30, 0x40, 0xC3, 0x01, 0x0C, 0x06, 0x60, 0x19, 0x80, 0x34, 0x00, 0xF0,
    0x01, 0xC0, 0x06, 0x00, 0x00, 0x00, 0x40, 0x76, 0x0C, 0x61, 0x82, 0x18, 0x31, 0x03, 0x30, 0x1B,
    0x01, 0xA0, 0x0E, 0x00, 0xE0, 0x00, 0x00, 0x1B, 0x00, 0x36, 0x00, 0x00, 0x30, 0x0F, 0x60, 0x31,
    0x81, 0x82, 0x06, 0x0C, 0x10, 0x30, 0xC0, 0x43, 0x01, 0x98, 0x06, 0x60, 0x0D, 0x00, 0x3C, 0x00,
    0x70, 0x01, 0x80, 0x00, 0x00, 0x1B, 0x00, 0x90, 0x04, 0x80, 0x00, 0x40, 0x76, 0x0C, 0x61, 0x82,
    0x18, 0x31, 0x03, 0x30, 0x1B, 0x01, 0xA0, 0x0E, 0x00, 0xE0, 0x1E, 0x00, 0x0C, 0xC0, 0x02, 0x18,
    0x01, 0x86, 0x86, 0x61, 0xB1, 0x98, 0x2C, 0x46, 0x09, 0xB1, 0x82, 0x6C, 0x61, 0x8E, 0x18, 0x63,
    0x82, 0x18, 0xC0, 0xCC, 0x30, 0x1E, 0x0C, 0x00, 0x06, 0x00, 0x01, 0x80, 0x01, 0xC0, 0x00, 0x60,
    0x00, 0x00, 0x00, 0x1C, 0xC3, 0x36, 0xC6, 0x63, 0x66, 0x63, 0x64, 0x61, 0x2C, 0x61, 0x3C, 0x61,
    0x38, 0x63, 0x18, 0x32, 0x10, 0x1E, 0x30, 0x00, 0x30, 0x00, 0x60, 0x01, 0xE0, 0x01, 0xC0, 0x00,
    0x00, 0x07, 0xF0, 0x0F, 0xFE, 0x0C, 0x01, 0x86, 0x00, 0x66, 0x00, 0x33, 0x00, 0x19, 0x80, 0x0C,
    0xC0, 0x06, 0x60, 0x03, 0x18, 0x01, 0x8E, 0x01, 0x83, 0xFF, 0x80, 0x3E, 0x00, 0x00, 0x00, 0x00,
    0x00, 0x0F, 0x80, 0xFF, 0x82, 0x03, 0x18, 0x04, 0x60, 0x19, 0x80, 0x66, 0x01, 0x88, 0x0C, 0x3B,
    0x70, 0x3F, 0x00, 0x00, 0x00, 0x00, 0x00, 0x00, 0x00, 0x0E, 0x20, 0x00, 0x00, 0x00, 0x00, 0x60,
    0x00, 0x01, 0x00, 0x0C, 0x18, 0x60, 0xC0, 0x01, 0x86, 0x00, 0x0C, 0x20, 0x00, 0x23, 0x00, 0x01,
    0x98, 0x00, 0x0C, 0xC0, 0x00, 0x66, 0x00, 0x03, 0x30, 0x7C, 0x19, 0xC7, 0xF1, 0xC7, 0xE0, 0xFC,
    0x1E, 0x03, 0xC0, 0x00, 0x00, 0x00, 0x00, 0xF0, 0x00, 0x71, 0x00, 0x03, 0x00, 0x00, 0x20, 0x00,
    0x0C, 0x00, 0x60, 0x06, 0x18, 0x00, 0x63, 0x00, 0x0C, 0x60, 0x01, 0x8C, 0x3C, 0x31, 0x8F, 0xC6,
    0x3F, 0x0F, 0xC3, 0xC0, 0xF0, 0x00, 0x00, 0x00, 0x0F, 0xF8, 0x02, 0x48, 0x00, 0x00, 0x03, 0x03,
    0x03, 0x00, 0xC1, 0x80, 0x61, 0x80, 0x18, 0xC0, 0x0C, 0x61, 0x86, 0x30, 0xC3, 0x18, 0x61, 0x8C,
    0x30, 0xC6, 0x18, 0x61, 0x9E, 0x60, 0xF9, 0xF0, 0x38, 0x70, 0x1F, 0xF0, 0x12, 0x40, 0x00, 0x01,
    0x81, 0x82, 0x01, 0x0C, 0x03, 0x18, 0x06, 0x31, 0x8C, 0x63, 0x18, 0xC6, 0x31, 0xDE, 0xE1, 0xFF,
    0x81, 0xCE, 0x00, 0x07, 0xE0, 0xFF, 0x8E, 0x04, 0x60, 0x06, 0x00, 0x30, 0x01, 0x80, 0x0C, 0x00,
    0x60, 0x01, 0x80, 0x0E, 0x00, 0x3F, 0xC0, 0x7E, 0x00, 0x30, 0x01, 0x80, 0x0C, 0x00, 0x60, 0x0F,
    0x0F, 0xE3, 0x09, 0x80, 0x60, 0x18, 0x06, 0x01, 0xC0, 0x3F, 0x07, 0xC0, 0x30, 0x0C, 0x03, 0x00,
    0xC0, 0x12, 0x1F, 0x03, 0x89, 0xE7, 0x91, 0xC0, 0xF8, 0x68, 0x20, 0x00, 0x00, 0x00, 0x04, 0x00,
    0x0C, 0x01, 0xFC, 0x01, 0x80, 0x02, 0x00, 0x18, 0x18, 0x20, 0x08, 0x00, 0x00, 0x00, 0x00, 0x40,
    0x02, 0x40, 0x02, 0x40, 0x02, 0x00, 0x00, 0x00, 0x00, 0x30, 0x08, 0x18, 0x10, 0x03, 0x80, 0x00,
    0x00, 0x00, 0x1E, 0x00, 0x38, 0x80, 0x60, 0x00, 0x40, 0x01, 0x81, 0x81, 0x00, 0x40, 0x00, 0x00,
    0x00, 0x00, 0x40, 0x02, 0x20, 0x01, 0x10, 0x00, 0x80, 0x00, 0x00, 0x00, 0x01, 0x80, 0x40, 0x60,
    0x40, 0x07, 0x00, 0x00, 0x00, 0x00, 0x00, 0x00, 0x00, 0x18, 0x00, 0x10, 0x01, 0x98, 0x02, 0x00,
    0x18, 0x18, 0x20, 0x08, 0x00, 0x00, 0x00, 0x00, 0x40, 0x02, 0x40, 0x02, 0x40, 0x02, 0x00, 0x00,
    0x00, 0x00, 0x30, 0x08, 0x18, 0x10, 0x03, 0x80, 0x00, 0x00, 0x00, 0x00, 0x00, 0x18, 0x00, 0x08,
    0x01, 0x98, 0x02, 0x00, 0x18, 0x18, 0x20, 0x08, 0x00, 0x00, 0x00, 0x00, 0x40, 0x02, 0x40, 0x02,
    0x40, 0x02, 0x00, 0x00, 0x00, 0x00, 0x30, 0x08, 0x18, 0x10, 0x03, 0x80, 0x00, 0x00, 0x00, 0x00,
    0x0F, 0xC0, 0x0C, 0x3C, 0x0C, 0x63, 0xC0, 0x40, 0x01, 0x81, 0x81, 0x00, 0x40, 0x00, 0x00, 0x00,
    0x00, 0x40, 0x02, 0x20, 0x01, 0x10, 0x00, 0x80, 0x00, 0x00, 0x00, 0x01, 0x80, 0x40, 0x60, 0x40,
    0x07, 0x00, 0x00, 0x00, 0x00, 0x00, 0x00, 0x00, 0x08, 0x00, 0x00, 0x07, 0xC0, 0x00, 0x00, 0x88,
    0x00, 0x0F, 0x00, 0x1E, 0x01, 0x10, 0x04, 0x40, 0x00, 0xC0, 0x00, 0x00, 0x20, 0x00, 0x00, 0x30,
    0x30, 0x00, 0x08, 0x02, 0x00, 0x02, 0x00, 0x00, 0xE0, 0x60, 0x00, 0x32, 0x0C, 0x00, 0x44, 0x41,
    0x00, 0x08, 0x00, 0x20, 0x01, 0x00, 0x00, 0x00, 0x00, 0x00, 0x70, 0x01, 0xC0, 0x1F, 0x02, 0x6C,
    0x02, 0xE0, 0x88, 0x80, 0x03, 0xF8, 0x00, 0x00, 0x11, 0x00, 0x00, 0x00, 0x00, 0x00, 0x00, 0x00,
    0x00, 0x00, 0x00, 0x00, 0x02, 0x04, 0x00, 0x01, 0x02, 0x00, 0x00, 0xC0, 0x07, 0x00, 0x70, 0x07,
    0x00, 0x13, 0x01, 0x00, 0x02, 0x00, 0x00, 0x0C, 0x0C, 0x00, 0x08, 0x02, 0x00, 0x0C, 0x00, 0x06,
    0x06, 0x00, 0x03, 0xC2, 0x00, 0x10, 0x61, 0x00, 0x08, 0x00, 0x80, 0x04, 0x00, 0x00, 0x00, 0x00,
    0x04, 0x00, 0x40, 0x0F, 0x02, 0x70, 0x0F, 0x02, 0x18, 0x00, 0x3A, 0x04, 0x00, 0x03, 0x02, 0x00,
    0x01, 0x80, 0x00, 0x00, 0x80, 0x00, 0x00, 0x00, 0x00, 0x00, 0x00, 0x00, 0x00, 0x08, 0x40, 0x1E,
    0x00, 0x00, 0x08, 0x1C, 0x20, 0xF0, 0x83, 0xC2, 0x1B, 0x08, 0x6C, 0x23, 0x30, 0x8C, 0xC2, 0x63,
    0x09, 0x8C, 0x2C, 0x30, 0xA0, 0xC3, 0x83, 0x8C, 0x0E, 0x00, 0x18, 0x00, 0x40, 0x02, 0x00, 0x10,
    0x10, 0x80, 0xF0, 0x00, 0x00, 0x00, 0x20, 0xC2, 0x1C, 0x21, 0x42, 0x34, 0x26, 0x42, 0x44, 0x2C,
    0x42, 0x84, 0x38, 0x43, 0x07, 0x00, 0x20, 0x06, 0x00, 0x40, 0x08, 0x30, 0x03, 0x00, 0x78, 0x07,
    0x80, 0x30, 0x03, 0xF8, 0x3F, 0xC3, 0x0E, 0x30, 0x63, 0x06, 0x30, 0xE3, 0xFC, 0x3F, 0x80, 0x30,
    0x06, 0x00, 0xC0, 0x3C, 0x07, 0x80, 0x60, 0x0C, 0x01, 0xFC, 0x3F, 0xC6, 0x18, 0xC3, 0x1F, 0xE3,
    0xF8, 0x3F, 0x86, 0x38, 0xC3, 0x19, 0x63, 0x3C, 0x63, 0x8F, 0xF1, 0xFB, 0x30, 0x06, 0x00, 0xC0,
    0x18, 0x03, 0x00, 0x00, 0x00, 0x2F, 0x07, 0x30, 0xC3, 0x10, 0x22, 0x04, 0x40, 0x88, 0x11, 0x9E,
    0x39, 0xC5, 0xF0, 0x81, 0x10, 0x02, 0x00, 0x40, 0x00, 0x00, 0x00, 0xC0, 0x18, 0x03, 0x1F, 0xE3,
    0xFC, 0x60, 0x0C, 0x01, 0x80, 0x30, 0x06, 0x00, 0xC0, 0x18, 0x03, 0x00, 0x60, 0x0C, 0x01, 0x80,
    0x00, 0x80, 0x40, 0x27, 0xF3, 0xF9, 0x80, 0xC0, 0x60, 0x30, 0x18, 0x0C, 0x06, 0x03, 0x00, 0x1F,
    0xE1, 0xFE, 0x18, 0x01, 0x80, 0x18, 0x01, 0x80, 0x7F, 0xC7, 0xFC, 0x18, 0x01, 0x80, 0x18, 0x01,
    0x80, 0x18, 0x00, 0x1F, 0xC3, 0xF8, 0x60, 0x0C, 0x01, 0x80, 0xFF, 0x1F, 0xE0, 0xC0, 0x18, 0x03,
    0x00, 0x3F, 0xC7, 0xF8, 0xC0, 0x18, 0x03, 0x00, 0x7F, 0x0F, 0xF1, 0x87, 0x30, 0x66, 0x0C, 0xC1,
    0x98, 0x33, 0x06, 0x00, 0xC0, 0x38, 0x1E, 0x03, 0x80, 0x3F, 0x8F, 0xE3, 0x00, 0xC0, 0x3F, 0x8F,
    0xF3, 0x0C, 0xC3, 0x30, 0xCC, 0x30, 0x0C, 0x03, 0x07, 0xC1, 0xE0, 0x60, 0x60, 0xC3, 0x06, 0x18,
    0x18, 0x63, 0x00, 0xC6, 0x60, 0x06, 0x6C, 0x00, 0x77, 0xC0, 0x05, 0xFE, 0x00, 0xCF, 0x30, 0x18,
    0x63, 0x01, 0x06, 0x18, 0x30, 0x60, 0x86, 0x06, 0x0E, 0x60, 0x60, 0x60, 0x00, 0x02, 0x00, 0x00,
    0x20, 0x00, 0x02, 0x00, 0x00, 0x00, 0x61, 0x86, 0x31, 0x8C, 0x19, 0x98, 0x0D, 0xB0, 0x0F, 0xF0,
    0x0B, 0xD8, 0x19, 0x88, 0x31, 0x8C, 0x21, 0x86, 0x61, 0x83, 0x00, 0x03, 0x00, 0x03, 0x00, 0x00,
    0x3F, 0x07, 0xF8, 0x41, 0xC0, 0x0C, 0x01, 0xC1, 0xF8, 0x1F, 0x80, 0x1C, 0x00, 0xC0, 0x0C, 0x41,
    0xC7, 0xF8, 0x3F, 0x00, 0x20, 0x03, 0x00, 0xF0, 0x3E, 0x1F, 0xC4, 0x30, 0x0C, 0x1C, 0x07, 0xC0,
    0x31, 0x0C, 0x7F, 0x0F, 0x00, 0x40, 0x18, 0x1E, 0x00, 0x30, 0x71, 0x87, 0x0C, 0x70, 0x67, 0x03,
    0x70, 0x1F, 0x00, 0xFC, 0x07, 0x30, 0x31, 0x81, 0x86, 0x0C, 0x18, 0x60, 0xF3, 0x03, 0x80, 0x0C,
    0x00, 0x60, 0x03, 0x00, 0x00, 0x21, 0x84, 0x60, 0x88, 0x12, 0x02, 0xC0, 0x7C, 0x0C, 0xC1, 0x0C,
    0x21, 0x84, 0x1C, 0x01, 0x80, 0x30, 0x00, 0x30, 0x71, 0x87, 0x0D, 0x70, 0x6F, 0x03, 0x70, 0x1F,
    0x00, 0xFC, 0x07, 0xB0, 0x35, 0x81, 0xA6, 0x0C, 0x18, 0x60, 0xC3, 0x03, 0x00, 0x00, 0x21, 0x84,
    0x60, 0xB8, 0x16, 0x02, 0xC0, 0x7C, 0x0E, 0xC1, 0x4C, 0x21, 0x84, 0x18, 0x30, 0x71, 0x87, 0x3E,
    0x70, 0x67, 0x03, 0x70, 0x1F, 0x00, 0xFC, 0x07, 0x30, 0x31, 0x81, 0x86, 0x0C, 0x18, 0x60, 0xC3,
    0x03, 0x00, 0x00, 0x20, 0x0F, 0x81, 0xF0, 0x10, 0x02, 0x18, 0x46, 0x08, 0x81, 0x20, 0x2C, 0x07,
    0xC0, 0xCC, 0x10, 0xC2, 0x18, 0x41, 0x80, 0xFC, 0x0C, 0xFC, 0x18, 0x0C, 0x30, 0x0C, 0x60, 0x0D,
    0xC0, 0x0F, 0xC0, 0x0F, 0xE0, 0x0E, 0x60, 0x0C, 0x30, 0x0C, 0x38, 0x0C, 0x18, 0x0C, 0x0C, 0x0C,
    0x0E, 0xF8, 0x61, 0xF1, 0x80, 0x66, 0x00, 0xF8, 0x01, 0xF0, 0x03, 0xB0, 0x06, 0x70, 0x0C, 0x60,
    0x18, 0x60, 0x30, 0xE0, 0x30, 0x30, 0xC0, 0xC3, 0x03, 0x0C, 0x0C, 0x30, 0x30, 0xFF, 0xC3, 0xFF,
    0x0C, 0x0C, 0x30, 0x30, 0xC0, 0xC3, 0x03, 0x0C, 0x0F, 0x30, 0x3C, 0x00, 0x30, 0x00, 0xC0, 0x03,
    0x30, 0x63, 0x06, 0x30, 0x63, 0x06, 0x3F, 0xE3, 0xFE, 0x30, 0x63, 0x06, 0x30, 0x73, 0x07, 0x00,
    0x10, 0x01, 0x30, 0x3F, 0xC6, 0x07, 0xF8, 0xC0, 0xC0, 0x18, 0x18, 0x03, 0x03, 0x00, 0x7F, 0xE0,
    0x0F, 0xFC, 0x01, 0x81, 0x80, 0x30, 0x30, 0x06, 0x06, 0x00, 0xC0, 0xC0, 0x18, 0x18, 0x03, 0x03,
    0x00, 0x30, 0x7F, 0x30, 0x7F, 0x30, 0x60, 0x30, 0x60, 0x3F, 0xE0, 0x3F, 0xE0, 0x30, 0x60, 0x30,
    0x60, 0x30, 0x60, 0x30, 0x60, 0x3F, 0xF0, 0x03, 0xFF, 0x00, 0x30, 0x30, 0x03, 0x03, 0x00, 0x30,
    0x30, 0x03, 0x03, 0xF8, 0x30, 0x3F, 0xC3, 0x03, 0x0E, 0x30, 0x30, 0x63, 0x03, 0x06, 0x30, 0x30,
    0x63, 0x03, 0x06, 0x30, 0x30, 0x60, 0x00, 0x06, 0x00, 0x00, 0xE0, 0x00, 0x3C, 0x00, 0x03, 0x80,
    0x3F, 0xE0, 0x1F, 0xF0, 0x0C, 0x18, 0x06, 0x0C, 0x03, 0x07, 0xF1, 0x83, 0x0C, 0xC1, 0x86, 0x60,
    0xC3, 0x30, 0x61, 0x98, 0x30, 0xC0, 0x00, 0x60, 0x00, 0x30, 0x00, 0xF0, 0x0E, 0x00, 0x1C, 0xF8,
    0x31, 0x8C, 0x21, 0x8C, 0x61, 0x8C, 0x61, 0x84, 0x61, 0x84, 0x61, 0x8C, 0x61, 0x8C, 0x30, 0xC8,
    0x30, 0xF8, 0x1C, 0x71, 0x0F, 0xFF, 0x00, 0x00, 0x00, 0x00, 0x1C, 0x01, 0xCE, 0x08, 0xD8, 0xC6,
    0xC6, 0x22, 0x31, 0x31, 0x8D, 0x8C, 0x28, 0x31, 0xC0, 0xFF, 0x80, 0x00, 0x00, 0x00, 0x07, 0xE0,
    0xFF, 0x8E, 0x04, 0x60, 0x06, 0x00, 0x30, 0x01, 0x80, 0x0C, 0x00, 0x60, 0x01, 0x80, 0x0E, 0x04,
    0x3F, 0xE0, 0x7E, 0x00, 0x40, 0x03, 0x00, 0x78, 0x0F, 0x0F, 0xE3, 0x09, 0x80, 0x60, 0x18, 0x06,
    0x00, 0xC2, 0x3F, 0x83, 0xC0, 0x20, 0x0C, 0x0F, 0x00, 0x7F, 0xFB, 0xFF, 0xC0, 0xC0, 0x06, 0x00,
    0x30, 0x01, 0x80, 0x0C, 0x00, 0x60, 0x03, 0x00, 0x18, 0x00, 0xC0, 0x07, 0x80, 0x3C, 0x00, 0x60,
    0x03, 0x00, 0x18, 0x7F, 0xDF, 0xF0, 0x60, 0x18, 0x06, 0x01, 0x80, 0x60, 0x18, 0x07, 0x81, 0xE0,
    0x18, 0x06, 0x70, 0x39, 0x81, 0x86, 0x18, 0x19, 0x80, 0xCC, 0x03, 0xC0, 0x0C, 0x00, 0x60, 0x03,
    0x00, 0x18, 0x00, 0xC0, 0x06, 0x00, 0x30, 0x00, 0x60, 0x66, 0x18, 0xC3, 0x1C, 0xE1, 0x98, 0x33,
    0x03, 0xC0, 0x78, 0x0F, 0x00, 0xC0, 0x18, 0x03, 0x00, 0x60, 0x0C, 0x00, 0x40, 0x63, 0x06, 0x0C,
    0x60, 0x63, 0x01, 0xB0, 0x07, 0x00, 0x38, 0x00, 0x80, 0x3F, 0x81, 0xFC, 0x01, 0x00, 0x08, 0x00,
    0x40, 0x00, 0x00, 0x40, 0xCC, 0x19, 0x86, 0x18, 0xC3, 0x10, 0x26, 0x06, 0xC0, 0x70, 0x0E, 0x01,
    0x80, 0x10, 0x1F, 0xC0, 0x40, 0x08, 0x00, 0x20, 0x63, 0x0C, 0x18, 0xC0, 0x98, 0x0F, 0x00, 0x70,
    0x06, 0x00, 0xF0, 0x09, 0x81, 0x88, 0x30, 0xC2, 0x07, 0x60, 0x30, 0x03, 0x00, 0x30, 0x03, 0x00,
    0x00, 0x60, 0xC6, 0x30, 0x4C, 0x0F, 0x00, 0xE0, 0x1C, 0x06, 0x81, 0x98, 0x31, 0x8C, 0x18, 0x03,
    0x00, 0x60, 0x00, 0x7F, 0xFB, 0x1F, 0xFE, 0xC0, 0x30, 0x30, 0x0C, 0x0C, 0x03, 0x03, 0x00, 0xC0,
    0xC0, 0x30, 0x30, 0x0C, 0x0C, 0x03, 0x03, 0x00, 0xC0, 0xC0, 0x30, 0x30, 0x0F, 0xFF, 0x03, 0xFF,
    0xC0, 0x00, 0x30, 0x00, 0x0C, 0x00, 0x03, 0xFF, 0xD9, 0xFF, 0xB0, 0x30, 0x60, 0x60, 0xC0, 0xC1,
    0x81, 0x83, 0x03, 0x06, 0x06, 0x0C, 0x0F, 0xFE, 0x1F, 0xFC, 0x00, 0x18, 0x00, 0x30, 0x30, 0x61,
    0x83, 0x0C, 0x18, 0x60, 0xC3, 0x86, 0x0F, 0xF0, 0x3F, 0x80, 0x0C, 0x00, 0x60, 0x03, 0x00, 0x18,
    0x00, 0xF0, 0x07, 0x80, 0x0C, 0x00, 0x60, 0x03, 0x61, 0x8C, 0x31, 0x86, 0x30, 0xC7, 0xF8, 0x7F,
    0x00, 0x60, 0x0C, 0x01, 0xE0, 0x3C, 0x01, 0x80, 0x30, 0x20, 0x62, 0x06, 0x22, 0x62, 0x26, 0x32,
    0x63, 0xFE, 0x0F, 0xE0, 0x26, 0x02, 0x60, 0x06, 0x00, 0x60, 0x06, 0x00, 0x60, 0x00, 0x61, 0x8C,
    0x31, 0xB6, 0x36, 0xC3, 0xF8, 0x1B, 0x03, 0x60, 0x0C, 0x01, 0x80, 0x30, 0x30, 0x03, 0x00, 0x30,
    0x03, 0x00, 0x30, 0x03, 0xF8, 0x3F, 0xC3, 0x0E, 0x30, 0x63, 0x06, 0x30, 0x63, 0x06, 0x30, 0x60,
    0x30, 0x06, 0x00, 0xC0, 0x18, 0x03, 0x78, 0x7F, 0x0E, 0x71, 0x86, 0x30, 0xC6, 0x18, 0xC3, 0x18,
    0x63, 0x0C, 0x61, 0x80, 0x01, 0xF8, 0x01, 0xFE, 0x31, 0xC3, 0x99, 0xC0, 0xCE, 0xC0, 0x33, 0xFF,
    0xF8, 0xFF, 0xFC, 0x18, 0x00, 0x0C, 0x00, 0x07, 0x00, 0x01, 0xC0, 0x80, 0x7F, 0xC0, 0x0F, 0xC0,
    0x03, 0xE0, 0x7F, 0xB3, 0x0F, 0xB0, 0x3F, 0xFF, 0xBF, 0xFC, 0x60, 0x03, 0x81, 0x0F, 0xF8, 0x1F,
    0x80, 0x01, 0xF8, 0x03, 0x86, 0x31, 0x81, 0x99, 0x80, 0x4C, 0xC0, 0x33, 0xFF, 0xF8, 0xFF, 0xFC,
    0x18, 0x00, 0x0C, 0x00, 0x06, 0x00, 0x01, 0x80, 0x80, 0x61, 0xC0, 0x1F, 0xC0, 0x03, 0x00, 0x01,
    0x80, 0x00, 0xC0, 0x00, 0x00, 0x00, 0x00, 0x00, 0x07, 0xC0, 0x73, 0x32, 0x0D, 0xB0, 0x67, 0xFF,
    0x0C, 0x00, 0x60, 0x03, 0x00, 0x0C, 0x10, 0x3F, 0x80, 0x60, 0x03, 0x00, 0x18, 0x00, 0x00, 0x31,
    0x8C, 0x63, 0x18, 0xC6, 0x31, 0x8C, 0x63, 0x00, 0x01, 0x08, 0x00, 0x0F, 0x00, 0x00, 0x00, 0x07,
    0x06, 0x0E, 0x38, 0x61, 0xC1, 0xC6, 0x38, 0x0E, 0x67, 0x00, 0x76, 0xE0, 0x07, 0xFE, 0x00, 0x7F,
    0xE0, 0x0E, 0xF7, 0x00, 0xC6, 0x30, 0x18, 0x61, 0x83, 0x86, 0x1C, 0x30, 0x60, 0xC7, 0x06, 0x0E,
    0x02, 0x10, 0x01, 0xE0, 0x00, 0x00, 0x00, 0x00, 0x39, 0x9C, 0x1D, 0xB8, 0x0D, 0xB0, 0x07, 0xE0,
    0x0F, 0xF0, 0x0F, 0xF0, 0x1D, 0xB8, 0x19, 0x98, 0x31, 0x8C, 0x71, 0x8E, 0x30, 0x63, 0x0C, 0x31,
    0x83, 0x30, 0x36, 0x03, 0xF8, 0x3F, 0xC3, 0x06, 0x30, 0x63, 0x06, 0x30, 0x63, 0x06, 0x30, 0x60,
    0x06, 0x00, 0x40, 0x3C, 0x03, 0x00, 0x00, 0x20, 0xC4, 0x30, 0x9C, 0x16, 0x03, 0xE0, 0x7F, 0x08,
    0x61, 0x04, 0x20, 0x84, 0x10, 0x02, 0x00, 0xC0, 0xF8, 0x1E, 0x00, 0x0F, 0xF0, 0x30, 0xC0, 0xC3,
    0x03, 0x0C, 0x0C, 0x30, 0x30, 0xC0, 0xC3, 0x02, 0x0C, 0x18, 0x30, 0x60, 0xC1, 0x83, 0x1C, 0x0F,
    0xE0, 0x3C, 0x00, 0x60, 0x01, 0x00, 0x08, 0x00, 0x60, 0x00, 0x00, 0x1F, 0xC1, 0xFC, 0x18, 0xC1,
    0x8C, 0x18, 0xC1, 0x8C, 0x18, 0xC1, 0x0C, 0x30, 0xCE, 0x0F, 0x00, 0x20, 0x06, 0x00, 0x40, 0x08,
    0x30, 0x30, 0xC0, 0xC3, 0x03, 0x0C, 0x0C, 0x30, 0x30, 0xFF, 0xC3, 0xFF, 0x0C, 0x0C, 0x30, 0x30,
    0xC0, 0xC3, 0x03, 0x0C, 0x0C, 0x30, 0x30, 0x00, 0xC0, 0x07, 0x00, 0x78, 0x01, 0xC0, 0x30, 0x63,
    0x06, 0x30, 0x63, 0x06, 0x3F, 0xE3, 0xFE, 0x30, 0x63, 0x06, 0x30, 0x63, 0x06, 0x00, 0x60, 0x06,
    0x03, 0xC0, 0x30, 0x30, 0xC0, 0xC3, 0x03, 0x0C, 0x0C, 0x30, 0x30, 0xFF, 0xC3, 0xFF, 0x0C, 0x0C,
    0x30, 0x30, 0xC0, 0xC3, 0x03, 0x0C, 0x0F, 0x30, 0x3C, 0x00, 0x60, 0x01, 0x00, 0x08, 0x00, 0x60,
    0x00, 0x00, 0x20, 0x42, 0x04, 0x20, 0x42, 0x04, 0x3F, 0xC2, 0x04, 0x20, 0x42, 0x04, 0x20, 0x42,
    0x07, 0x00, 0x20, 0x06, 0x00, 0x40, 0x08, 0x30, 0x63, 0x06, 0x30, 0x63, 0x06, 0x38, 0x61, 0xFE,
    0x0F, 0xE0, 0x06, 0x00, 0x60, 0x06, 0x00, 0x60, 0x1E, 0x01, 0xE0, 0x18, 0x01, 0x80, 0x18, 0x61,
    0x8C, 0x31, 0x86, 0x30, 0xC7, 0xF8, 0x7F, 0x00, 0x60, 0x0C, 0x07, 0x80, 0xF0, 0x18, 0x03, 0x00,
    0x38, 0x1C, 0x38, 0x1C, 0x28, 0x3C, 0x2C, 0x2C, 0x24, 0x6C, 0x26, 0x6C, 0x26, 0x4C, 0x22, 0xCC,
    0x23, 0x8C, 0x21, 0x8C, 0x20, 0x0C, 0x20, 0x0F, 0x20, 0x0F, 0x00, 0x06, 0x00, 0x04, 0x00, 0x08,
    0x00, 0x18, 0x00, 0x00, 0x30, 0x70, 0xE1, 0xC2, 0x87, 0x0A, 0x3C, 0x2C, 0xB0, 0x96, 0xC2, 0x73,
    0x08, 0xCC, 0x20, 0x30, 0x80, 0xF0, 0x00, 0x80, 0x04, 0x00, 0x10, 0x00, 0x80, 0x31, 0x8C, 0x63,
    0x18, 0xC6, 0x31, 0x8C, 0x63, 0x18, 0x10, 0x80, 0x78, 0x00, 0x00, 0x00, 0x00, 0x60, 0x03, 0x00,
    0x3C, 0x01, 0xE0, 0x19, 0x80, 0xCC, 0x06, 0x60, 0x61, 0x83, 0xFC, 0x3F, 0xF1, 0x81, 0x8C, 0x0C,
    0xC0, 0x30, 0x21, 0x03, 0xC0, 0x00, 0x00, 0x01, 0xE0, 0x7E, 0x08, 0xE0, 0x0C, 0x1F, 0x8F, 0xF1,
    0x86, 0x31, 0xC7, 0xF8, 0x7B, 0x00, 0x19, 0x80, 0xCC, 0x00, 0x00, 0x0C, 0x00, 0x60, 0x07, 0x80,
    0x3C, 0x03, 0x30, 0x19, 0x80, 0xCC, 0x0C, 0x30, 0x7F, 0x87, 0xFE, 0x30, 0x31, 0x81, 0x98, 0x06,
    0x33, 0x06, 0x60, 0x00, 0x00, 0x01, 0xE0, 0x7E, 0x08, 0xE0, 0x0C, 0x1F, 0x8F, 0xF1, 0x86, 0x31,
    0xC7, 0xF8, 0x7B, 0x00, 0x07, 0xFF, 0x01, 0xFF, 0xC0, 0x6C, 0x00, 0x33, 0x00, 0x0C, 0xC0, 0x06,
    0x3F, 0xC1, 0x8F, 0xF0, 0xC3, 0x00, 0x3F, 0xC0, 0x0F, 0xF0, 0x06, 0x0C, 0x01, 0x83, 0xFC, 0xC0,
    0xFF, 0x00, 0x1E, 0x3C, 0x0F, 0xDF, 0x82, 0x3C, 0x70, 0x06, 0x0C, 0x1F, 0xFF, 0x1F, 0xFF, 0xC6,
    0x18, 0x01, 0x8F, 0x04, 0x7E, 0xFF, 0x0F, 0x0F, 0x80, 0x10, 0x81, 0xE0, 0x00, 0x1F, 0xE3, 0xFC,
    0x60, 0x0C, 0x01, 0x80, 0x3F, 0xC7, 0xF8, 0xC0, 0x18, 0x03, 0x00, 0x60, 0x0F, 0xF1, 0xFE, 0x10,
    0x81, 0xE0, 0x00, 0x00, 0x00, 0xF8, 0x7F, 0x8C, 0x3B, 0x03, 0x7F, 0xEF, 0xFD, 0x80, 0x18, 0x13,
    0xFE, 0x1F, 0x80, 0x1F, 0x80, 0xFF, 0x82, 0x07, 0x00, 0x0C, 0x00, 0x18, 0x00, 0x67, 0xFF, 0x9F,
    0xFE, 0x60, 0x18, 0xC0, 0xC3, 0x87, 0x07, 0xF8, 0x0F, 0xC0, 0x3F, 0x0F, 0xF9, 0x03, 0x00, 0x37,
    0xFE, 0xFF, 0xD8, 0x1B, 0x86, 0x3F, 0xC3, 0xE0, 0x06, 0x60, 0x19, 0x80, 0x00, 0x07, 0xE0, 0x3F,
    0xE0, 0x81, 0xC0, 0x03, 0x00, 0x06, 0x00, 0x19, 0xFF, 0xE7, 0xFF, 0x98, 0x06, 0x30, 0x30, 0xE1,
    0xC1, 0xFE, 0x03, 0xF0, 0x19, 0x83, 0x30, 0x00, 0x00, 0x03, 0xF0, 0xFF, 0x90, 0x30, 0x03, 0x7F,
    0xEF, 0xFD, 0x81, 0xB8, 0x63, 0xFC, 0x3E, 0x00, 0x01, 0x98, 0x00, 0x19, 0x80, 0x00, 0x00, 0x07,
    0x06, 0x0E, 0x38, 0x61, 0xC1, 0xC6, 0x38, 0x0E, 0x67, 0x00, 0x76, 0xE0, 0x07, 0xFE, 0x00, 0x7F,
    0xE0, 0x0E, 0xF7, 0x00, 0xC6, 0x30, 0x18, 0x61, 0x83, 0x86, 0x1C, 0x30, 0x60, 0xC7, 0x06, 0x0E,
    0x03, 0x30, 0x03, 0x30, 0x00, 0x00, 0x00, 0x00, 0x39, 0x9C, 0x1D, 0xB8, 0x0D, 0xB0, 0x07, 0xE0,
    0x0F, 0xF0, 0x0F, 0xF0, 0x1D, 0xB8, 0x19, 0x98, 0x31, 0x8C, 0x71, 0x8E, 0x19, 0x81, 0x98, 0x00,
    0x03, 0xF0, 0x7F, 0x84, 0x1C, 0x00, 0xC0, 0x1C, 0x1F, 0x81, 0xF8, 0x01, 0xC0, 0x0C, 0x00, 0xC4,
    0x1C, 0x7F, 0x83, 0xF0, 0x19, 0x86, 0x60, 0x00, 0x00, 0x3E, 0x1F, 0xC4, 0x30, 0x0C, 0x1C, 0x07,
    0xC0, 0x31, 0x0C, 0x7F, 0x0F, 0x00, 0x3F, 0xE3, 0xFE, 0x00, 0xC0, 0x1C, 0x03, 0x80, 0x30, 0x07,
    0xC0, 0x7E, 0x00, 0x70, 0x03, 0x20, 0x73, 0xFE, 0x1F, 0xC0, 0x7F, 0x9F, 0xE0, 0x70, 0x38, 0x1C,
    0x07, 0x81, 0xF8, 0x07, 0x00, 0xC0, 0x30, 0x0D, 0x07, 0x7F, 0x8F, 0x80, 0x0F, 0x80, 0x7C, 0x00,
    0x00, 0x60, 0xE3, 0x07, 0x18, 0x78, 0xC3, 0xC6, 0x36, 0x31, 0xB1, 0x99, 0x8D, 0x8C, 0x6C, 0x63,
    0xC3, 0x1E, 0x18, 0xE0, 0xC7, 0x06, 0x1F, 0x01, 0xF0, 0x00, 0x03, 0x1C, 0x31, 0xC3, 0x3C, 0x37,
    0xC3, 0x6C, 0x3E, 0xC3, 0xCC, 0x3C, 0xC3, 0x8C, 0x38, 0xC0, 0x0C, 0xC0, 0x66, 0x00, 0x00, 0x60,
    0xE3, 0x07, 0x18, 0x78, 0xC3, 0xC6, 0x36, 0x31, 0xB1, 0x99, 0x8D, 0x8C, 0x6C, 0x63, 0xC3, 0x1E,
    0x18, 0xE0, 0xC7, 0x06, 0x19, 0x81, 0x98, 0x00, 0x00, 0x00, 0x31, 0xC3, 0x1C, 0x33, 0xC3, 0x7C,
    0x36, 0xC3, 0xEC, 0x3C, 0xC3, 0xCC, 0x38, 0xC3, 0x8C, 0x0C, 0xC0, 0x33, 0x00, 0x00, 0x03, 0xF0,
    0x1F, 0xE0, 0xE1, 0xC3, 0x03, 0x18, 0x06, 0x60, 0x19, 0x80, 0x66, 0x01, 0x98, 0x06, 0x30, 0x30,
    0xE1, 0xC1, 0xFE, 0x03, 0xF0, 0x19, 0x83, 0x30, 0x00, 0x00, 0x00, 0xF0, 0x7F, 0x8C, 0x33, 0x03,
    0x60, 0x6C, 0x0D, 0x81, 0x98, 0x63, 0xFC, 0x1E, 0x00, 0x0F, 0xC0, 0x7F, 0x83, 0x87, 0x0C, 0x0C,
    0x60, 0x19, 0xFF, 0xE7, 0xFF, 0x98, 0x06, 0x60, 0x18, 0xC0, 0xC3, 0x87, 0x07, 0xF8, 0x0F, 0xC0,
    0x0F, 0x07, 0xF8, 0x81, 0x3F, 0xF7, 0xFE, 0xC0, 0xD8, 0x19, 0x86, 0x3F, 0xC1, 0xE0, 0x06, 0x60,
    0x19, 0x80, 0x00, 0x03, 0xF0, 0x1F, 0xE0, 0xE1, 0xC3, 0x03, 0x18, 0x06, 0x7F, 0xF9, 0xFF, 0xE6,
    0x01, 0x98, 0x06, 0x30, 0x30, 0xE1, 0xC1, 0xFE, 0x03, 0xF0, 0x19, 0x83, 0x30, 0x00, 0x00, 0x00,
    0xF0, 0x7F, 0x88, 0x13, 0xFF, 0x7F, 0xEC, 0x0D, 0x81, 0x98, 0x63, 0xFC, 0x1E, 0x00, 0x19, 0x80,
    0xCC, 0x00, 0x00, 0x7E, 0x07, 0xFC, 0x20, 0x70, 0x01, 0x80, 0x06, 0x1F, 0xF0, 0xFF, 0x80, 0x0C,
    0x00, 0x60, 0x06, 0x20, 0x71, 0xFF, 0x07, 0xE0, 0x33, 0x0C, 0xC0, 0x00, 0x00, 0x3C, 0x1F, 0xC4,
    0x30, 0x06, 0x3F, 0x8F, 0xE0, 0x19, 0x0C, 0x7F, 0x0F, 0x00, 0x1F, 0x03, 0xE0, 0x00, 0x60, 0x66,
    0x18, 0xC3, 0x1C, 0xC1, 0x98, 0x37, 0x03, 0xC0, 0x78, 0x0E, 0x00, 0xC0, 0x30, 0x1E, 0x03, 0x80,
    0x1F, 0x03, 0xE0, 0x00, 0x30, 0x36, 0x06, 0x61, 0x8C, 0x30, 0xCC, 0x19, 0x81, 0xE0, 0x3C, 0x03,
    0x00, 0x60, 0x0C, 0x03, 0x01, 0xE0, 0x38, 0x00, 0x19, 0x83, 0x30, 0x00, 0x60, 0x66, 0x18, 0xC3,
    0x1C, 0xC1, 0x98, 0x37, 0x03, 0xC0, 0x78, 0x0E, 0x00, 0xC0, 0x30, 0x1E, 0x03, 0x80, 0x19, 0x83,
    0x30, 0x00, 0x00, 0x06, 0x06, 0xC0, 0xCC, 0x31, 0x86, 0x19, 0x83, 0x30, 0x3C, 0x07, 0x80, 0x60,
    0x0C, 0x01, 0x80, 0x60, 0x3C, 0x07, 0x00, 0x0D, 0x83, 0x60, 0x00, 0x60, 0x66, 0x18, 0xC3, 0x1C,
    0xC1, 0x98, 0x37, 0x03, 0xC0, 0x78, 0x0E, 0x00, 0xC0, 0x30, 0x1E, 0x03, 0x80, 0x0D, 0x81, 0x20,
    0x48, 0x00, 0x06, 0x06, 0xC0, 0xCC, 0x31, 0x86, 0x19, 0x83, 0x30, 0x3C, 0x07, 0x80, 0x60, 0x0C,
    0x01, 0x80, 0x60, 0x3C, 0x07, 0x00, 0x0C, 0xC0, 0xCC, 0x00, 0x03, 0x06, 0x30, 0x63, 0x06, 0x30,
    0x63, 0x06, 0x38, 0x61, 0xFE, 0x0F, 0xE0, 0x06, 0x00, 0x60, 0x06, 0x00, 0x60, 0x06, 0x19, 0x83,
    0x30, 0x00, 0x00, 0x06, 0x18, 0xC3, 0x18, 0x63, 0x0C, 0x61, 0x8F, 0xF0, 0xFE, 0x00, 0xC0, 0x18,
    0x03, 0x00, 0x3F, 0xC7, 0xF8, 0xC0, 0x18, 0x03, 0x00, 0x60, 0x0C, 0x01, 0x80, 0x30, 0x06, 0x00,
    0xC0, 0x1E, 0x03, 0xC0, 0x18, 0x03, 0x00, 0x60, 0x3F, 0x9F, 0xCC, 0x06, 0x03, 0x01, 0x80, 0xC0,
    0x60, 0x30, 0x1E, 0x03, 0x01, 0x80, 0x03, 0x30, 0x03, 0x30, 0x00, 0x00, 0x30, 0x06, 0x30, 0x06,
    0x30, 0x06, 0x30, 0x06, 0x30, 0x06, 0x3F, 0x86, 0x3F, 0xC6, 0x30, 0xE6, 0x30, 0x66, 0x30, 0x66,
    0x30, 0xE6, 0x3F, 0xC6, 0x3F, 0x86, 0x0C, 0xC0, 0x33, 0x00, 0x00, 0x00, 0x00, 0x30, 0x18, 0xC0,
    0x63, 0x01, 0x8C, 0x06, 0x3F, 0x98, 0xFF, 0x63, 0x0D, 0x8C, 0x36, 0x3F, 0xD8, 0xFE, 0x60, 0x1F,
    0xE1, 0xFE, 0x18, 0x01, 0x80, 0x18, 0x01, 0x80, 0x7F, 0xC7, 0xFC, 0x18, 0x01, 0x80, 0x18, 0x01,
    0x80, 0x1F, 0x00, 0x30, 0x03, 0x01, 0xE0, 0x1F, 0xC3, 0xF8, 0x60, 0x0C, 0x07, 0xF8, 0xFF, 0x06,
    0x00, 0xC0, 0x18, 0x03, 0xE0, 0x0C, 0x01, 0x81, 0xE0, 0x20, 0x63, 0x0C, 0x18, 0xC0, 0x98, 0x0F,
    0x00, 0x70, 0x06, 0x00, 0xF0, 0x09, 0x81, 0x88, 0x30, 0xC2, 0x06, 0x60, 0x20, 0x03, 0x00, 0x60,
    0x1E, 0x01, 0x80, 0x00, 0x60, 0xC6, 0x30, 0x4C, 0x0F, 0x00, 0xE0, 0x1C, 0x06, 0x81, 0x98, 0x31,
    0x8C, 0x18, 0x03, 0x00, 0x60, 0x78, 0x0E, 0x00, 0x20, 0x63, 0x0C, 0x18, 0xC0, 0x98, 0x0F, 0x00,
    0x70, 0x7F, 0xE0, 0xF0, 0x09, 0x81, 0x88, 0x30, 0xC2, 0x06, 0x60, 0x20, 0x00, 0x60, 0xC6, 0x30,
    0x4C, 0x0F, 0x07, 0xF8, 0x1C, 0x06, 0x81, 0x98, 0x31, 0x8C, 0x18,
};

inline constexpr FontGlyph kReaderSmallGlyphs[] = {
    {0, 0, 0, 6, 0, 0},  // 'space'
    {0, 7, 13, 7, 0, -13},  // '!'
    {12, 8, 13, 8, 0, -13},  // '"'
    {25, 15, 14, 15, 0, -14},  // '#'
    {52, 11, 17, 11, 0, -14},  // '$'
    {76, 17, 13, 17, 0, -13},  // '%'
    {104, 14, 13, 14, 0, -13},  // '&'
    {127, 5, 13, 5, 0, -13},  // '''
    {136, 7, 16, 7, 0, -14},  // '('
    {150, 7, 16, 7, 0, -14},  // ')'
    {164, 9, 13, 9, 0, -13},  // '*'
    {179, 15, 12, 15, 0, -12},  // '+'
    {202, 6, 4, 6, 0, -2},  // ','
    {205, 7, 6, 6, 0, -6},  // '-'
    {211, 6, 2, 6, 0, -2},  // '.'
    {213, 7, 15, 6, 0, -13},  // '/'
    {227, 11, 13, 11, 0, -13},  // '0'
    {245, 11, 13, 11, 0, -13},  // '1'
    {263, 11, 13, 11, 0, -13},  // '2'
    {281, 11, 13, 11, 0, -13},  // '3'
    {299, 11, 13, 11, 0, -13},  // '4'
    {317, 11, 13, 11, 0, -13},  // '5'
    {335, 11, 13, 11, 0, -13},  // '6'
    {353, 11, 13, 11, 0, -13},  // '7'
    {371, 11, 13, 11, 0, -13},  // '8'
    {389, 11, 13, 11, 0, -13},  // '9'
    {407, 6, 9, 6, 0, -9},  // ':'
    {414, 6, 11, 6, 0, -9},  // ';'
    {423, 15, 10, 15, 0, -10},  // '<'
    {442, 15, 9, 15, 0, -9},  // '='
    {459, 15, 10, 15, 0, -10},  // '>'
    {478, 10, 13, 10, 0, -13},  // '?'
    {495, 18, 16, 18, 0, -13},  // '@'
    {531, 13, 13, 12, 0, -13},  // 'A'
    {553, 12, 13, 12, 0, -13},  // 'B'
    {573, 13, 13, 13, 0, -13},  // 'C'
    {595, 14, 13, 14, 0, -13},  // 'D'
    {618, 11, 13, 11, 0, -13},  // 'E'
    {636, 10, 13, 10, 0, -13},  // 'F'
    {653, 14, 13, 14, 0, -13},  // 'G'
    {676, 14, 13, 14, 0, -13},  // 'H'
    {699, 5, 13, 5, 0, -13},  // 'I'
    {708, 6, 17, 5, -1, -13},  // 'J'
    {721, 13, 13, 12, 0, -13},  // 'K'
    {743, 10, 13, 10, 0, -13},  // 'L'
    {760, 16, 13, 16, 0, -13},  // 'M'
    {786, 13, 13, 13, 0, -13},  // 'N'
    {808, 14, 13, 14, 0, -13},  // 'O'
    {831, 11, 13, 11, 0, -13},  // 'P'
    {849, 14, 15, 14, 0, -13},  // 'Q'
    {876, 13, 13, 12, 0, -13},  // 'R'
    {898, 11, 13, 11, 0, -13},  // 'S'
    {916, 13, 13, 11, -1, -13},  // 'T'
    {938, 13, 13, 13, 0, -13},  // 'U'
    {960, 13, 13, 12, 0, -13},  // 'V'
    {982, 18, 13, 18, 0, -13},  // 'W'
    {1012, 12, 13, 12, 0, -13},  // 'X'
    {1032, 13, 13, 11, -1, -13},  // 'Y'
    {1054, 12, 13, 12, 0, -13},  // 'Z'
    {1074, 7, 16, 7, 0, -14},  // '['
    {1088, 7, 15, 6, 0, -13},  // '0x5C'
    {1102, 7, 16, 7, 0, -14},  // ']'
    {1116, 15, 13, 15, 0, -13},  // '^'
    {1141, 11, 4, 9, -1, 0},  // '_'
    {1147, 9, 14, 9, 0, -14},  // '`'
    {1163, 11, 10, 11, 0, -10},  // 'a'
    {1177, 11, 14, 11, 0, -14},  // 'b'
    {1197, 10, 10, 10, 0, -10},  // 'c'
    {1210, 11, 14, 11, 0, -14},  // 'd'
    {1230, 11, 10, 11, 0, -10},  // 'e'
    {1244, 7, 14, 6, 0, -14},  // 'f'
    {1257, 11, 14, 11, 0, -10},  // 'g'
    {1277, 11, 14, 11, 0, -14},  // 'h'
    {1297, 5, 14, 5, 0, -14},  // 'i'
    {1306, 6, 18, 5, -1, -14},  // 'j'
    {1320, 11, 14, 10, 0, -14},  // 'k'
    {1340, 5, 14, 5, 0, -14},  // 'l'
    {1349, 18, 10, 18, 0, -10},  // 'm'
    {1372, 11, 10, 11, 0, -10},  // 'n'
    {1386, 11, 10, 11, 0, -10},  // 'o'
    {1400, 11, 14, 11, 0, -10},  // 'p'
    {1420, 11, 14, 11, 0, -10},  // 'q'
    {1440, 8, 10, 7, 0, -10},  // 'r'
    {1450, 9, 10, 9, 0, -10},  // 's'
    {1462, 7, 13, 7, 0, -13},  // 't'
    {1474, 11, 10, 11, 0, -10},  // 'u'
    {1488, 11, 10, 11, 0, -10},  // 'v'
    {1502, 15, 10, 15, 0, -10},  // 'w'
    {1521, 11, 10, 11, 0, -10},  // 'x'
    {1535, 11, 14, 11, 0, -10},  // 'y'
    {1555, 9, 10, 9, 0, -10},  // 'z'
    {1567, 11, 17, 11, 0, -14},  // '{'
    {1591, 6, 18, 6, 0, -14},  // '|'
    {1605, 11, 17, 11, 0, -14},  // '}'
    {1629, 15, 9, 15, 0, -9},  // '~'
    {1646, 11, 16, 11, 0, -13},  // ''
    {1668, 11, 16, 11, 0, -13},  // ''
    {1690, 11, 16, 11, 0, -13},  // ''
    {1712, 11, 16, 11, 0, -13},  // ''
    {1734, 11, 16, 11, 0, -13},  // ''
    {1756, 11, 16, 11, 0, -13},  // ''
    {1778, 11, 16, 11, 0, -13},  // ''
    {1800, 11, 16, 11, 0, -13},  // ''
    {1822, 11, 16, 11, 0, -13},  // ''
    {1844, 11, 16, 11, 0, -13},  // ''
    {1866, 11, 16, 11, 0, -13},  // ''
    {1888, 11, 16, 11, 0, -13},  // ''
    {1910, 11, 16, 11, 0, -13},  // ''
    {1932, 11, 16, 11, 0, -13},  // ''
    {1954, 11, 16, 11, 0, -13},  // ''
    {1976, 11, 16, 11, 0, -13},  // ''
    {1998, 11, 16, 11, 0, -13},  // ''
    {2020, 11, 16, 11, 0, -13},  // ''
    {2042, 11, 16, 11, 0, -13},  // ''
    {2064, 11, 16, 11, 0, -13},  // ''
    {2086, 11, 16, 11, 0, -13},  // ''
    {2108, 11, 16, 11, 0, -13},  // ''
    {2130, 11, 16, 11, 0, -13},  // ''
    {2152, 11, 16, 11, 0, -13},  // ''
    {2174, 11, 16, 11, 0, -13},  // ''
    {2196, 11, 16, 11, 0, -13},  // ''
    {2218, 11, 16, 11, 0, -13},  // ''
    {2240, 11, 16, 11, 0, -13},  // ''
    {2262, 11, 16, 11, 0, -13},  // ''
    {2284, 11, 16, 11, 0, -13},  // ''
    {2306, 11, 16, 11, 0, -13},  // ''
    {2328, 11, 16, 11, 0, -13},  // ''
    {2350, 11, 16, 11, 0, -13},  // ''
    {2372, 0, 0, 6, 0, 0},  // ' '
    {2372, 7, 13, 7, 0, -10},  // '¡'
    {2384, 11, 16, 11, 0, -13},  // '¢'
    {2406, 11, 13, 11, 0, -13},  // '£'
    {2424, 11, 11, 11, 0, -11},  // '¤'
    {2440, 11, 13, 11, 0, -13},  // '¥'
    {2458, 6, 16, 6, 0, -13},  // '¦'
    {2470, 9, 15, 9, 0, -13},  // '§'
    {2487, 9, 14, 9, 0, -14},  // '¨'
    {2503, 18, 13, 18, 0, -13},  // '©'
    {2533, 8, 13, 8, 0, -13},  // 'ª'
    {2546, 11, 9, 11, 0, -9},  // '«'
    {2559, 15, 8, 15, 0, -8},  // '¬'
    {2574, 0, 0, 0, 0, 0},  // '­'
    {2574, 18, 13, 18, 0, -13},  // '®'
    {2604, 9, 13, 9, 0, -13},  // '¯'
    {2619, 9, 13, 9, 0, -13},  // '°'
    {2634, 15, 11, 15, 0, -11},  // '±'
    {2655, 7, 13, 7, 0, -13},  // '²'
    {2667, 7, 13, 7, 0, -13},  // '³'
    {2679, 9, 14, 9, 0, -14},  // '´'
    {2695, 12, 14, 11, 0, -10},  // 'µ'
    {2716, 11, 15, 11, 0, -13},  // '¶'
    {2737, 6, 7, 6, 0, -7},  // '·'
    {2743, 9, 3, 9, 0, 0},  // '¸'
    {2747, 7, 13, 7, 0, -13},  // '¹'
    {2759, 8, 13, 8, 0, -13},  // 'º'
    {2772, 11, 9, 11, 0, -9},  // '»'
    {2785, 17, 13, 17, 0, -13},  // '¼'
    {2813, 17, 13, 17, 0, -13},  // '½'
    {2841, 17, 13, 17, 0, -13},  // '¾'
    {2869, 10, 14, 10, 0, -10},  // '¿'
    {2887, 13, 16, 12, 0, -16},  // 'À'
    {2913, 13, 16, 12, 0, -16},  // 'Á'
    {2939, 13, 16, 12, 0, -16},  // 'Â'
    {2965, 13, 16, 12, 0, -16},  // 'Ã'
    {2991, 13, 16, 12, 0, -16},  // 'Ä'
    {3017, 13, 17, 12, 0, -17},  // 'Å'
    {3045, 18, 13, 18, 0, -13},  // 'Æ'
    {3075, 13, 16, 13, 0, -13},  // 'Ç'
    {3101, 11, 16, 11, 0, -16},  // 'È'
    {3123, 11, 16, 11, 0, -16},  // 'É'
    {3145, 11, 16, 11, 0, -16},  // 'Ê'
    {3167, 11, 16, 11, 0, -16},  // 'Ë'
    {3189, 5, 16, 5, 0, -16},  // 'Ì'
    {3199, 5, 16, 5, 0, -16},  // 'Í'
    {3209, 7, 16, 5, -1, -16},  // 'Î'
    {3223, 6, 16, 5, 0, -16},  // 'Ï'
    {3235, 14, 13, 14, 0, -13},  // 'Ð'
    {3258, 13, 16, 13, 0, -16},  // 'Ñ'
    {3284, 14, 16, 14, 0, -16},  // 'Ò'
    {3312, 14, 16, 14, 0, -16},  // 'Ó'
    {3340, 14, 16, 14, 0, -16},  // 'Ô'
    {3368, 14, 16, 14, 0, -16},  // 'Õ'
    {3396, 14, 16, 14, 0, -16},  // 'Ö'
    {3424, 15, 11, 15, 0, -11},  // '×'
    {3445, 14, 15, 14, 0, -14},  // 'Ø'
    {3472, 13, 16, 13, 0, -16},  // 'Ù'
    {3498, 13, 16, 13, 0, -16},  // 'Ú'
    {3524, 13, 16, 13, 0, -16},  // 'Û'
    {3550, 13, 16, 13, 0, -16},  // 'Ü'
    {3576, 13, 16, 11, -1, -16},  // 'Ý'
    {3602, 11, 13, 11, 0, -13},  // 'Þ'
    {3620, 11, 14, 11, 0, -14},  // 'ß'
    {3640, 11, 14, 11, 0, -14},  // 'à'
    {3660, 11, 14, 11, 0, -14},  // 'á'
    {3680, 11, 14, 11, 0, -14},  // 'â'
    {3700, 11, 14, 11, 0, -14},  // 'ã'
    {3720, 11, 14, 11, 0, -14},  // 'ä'
    {3740, 11, 16, 11, 0, -16},  // 'å'
    {3762, 18, 10, 18, 0, -10},  // 'æ'
    {3785, 10, 13, 10, 0, -10},  // 'ç'
    {3802, 11, 14, 11, 0, -14},  // 'è'
    {3822, 11, 14, 11, 0, -14},  // 'é'
    {3842, 11, 14, 11, 0, -14},  // 'ê'
    {3862, 11, 14, 11, 0, -14},  // 'ë'
    {3882, 6, 14, 5, -1, -14},  // 'ì'
    {3893, 6, 14, 5, 0, -14},  // 'í'
    {3904, 7, 14, 5, -1, -14},  // 'î'
    {3917, 7, 14, 5, -1, -14},  // 'ï'
    {3930, 11, 14, 11, 0, -14},  // 'ð'
    {3950, 11, 14, 11, 0, -14},  // 'ñ'
    {3970, 11, 14, 11, 0, -14},  // 'ò'
    {3990, 11, 14, 11, 0, -14},  // 'ó'
    {4010, 11, 14, 11, 0, -14},  // 'ô'
    {4030, 11, 14, 11, 0, -14},  // 'õ'
    {4050, 11, 14, 11, 0, -14},  // 'ö'
    {4070, 15, 10, 15, 0, -10},  // '÷'
    {4089, 11, 12, 11, 0, -11},  // 'ø'
    {4106, 11, 14, 11, 0, -14},  // 'ù'
    {4126, 11, 14, 11, 0, -14},  // 'ú'
    {4146, 11, 14, 11, 0, -14},  // 'û'
    {4166, 11, 14, 11, 0, -14},  // 'ü'
    {4186, 11, 18, 11, 0, -14},  // 'ý'
    {4211, 11, 18, 11, 0, -14},  // 'þ'
    {4236, 11, 18, 11, 0, -14},  // 'ÿ'
    {4261, 13, 16, 12, 0, -16},  // 'Ā'
    {4287, 11, 13, 11, 0, -13},  // 'ā'
    {4305, 13, 17, 12, 0, -17},  // 'Ă'
    {4333, 11, 14, 11, 0, -14},  // 'ă'
    {4353, 13, 16, 12, 0, -13},  // 'Ą'
    {4379, 11, 13, 11, 0, -10},  // 'ą'
    {4397, 13, 16, 13, 0, -16},  // 'Ć'
    {4423, 10, 14, 10, 0, -14},  // 'ć'
    {4441, 13, 16, 13, 0, -16},  // 'Ĉ'
    {4467, 10, 14, 10, 0, -14},  // 'ĉ'
    {4485, 13, 16, 13, 0, -16},  // 'Ċ'
    {4511, 10, 14, 10, 0, -14},  // 'ċ'
    {4529, 13, 16, 13, 0, -16},  // 'Č'
    {4555, 10, 14, 10, 0, -14},  // 'č'
    {4573, 14, 16, 14, 0, -16},  // 'Ď'
    {4601, 14, 14, 11, 0, -14},  // 'ď'
    {4626, 14, 13, 14, 0, -13},  // 'Đ'
    {4649, 12, 14, 11, 0, -14},  // 'đ'
    {4670, 11, 16, 11, 0, -16},  // 'Ē'
    {4692, 11, 13, 11, 0, -13},  // 'ē'
    {4710, 11, 16, 11, 0, -16},  // 'Ĕ'
    {4732, 11, 14, 11, 0, -14},  // 'ĕ'
    {4752, 11, 16, 11, 0, -16},  // 'Ė'
    {4774, 11, 14, 11, 0, -14},  // 'ė'
    {4794, 11, 16, 11, 0, -13},  // 'Ę'
    {4816, 11, 13, 11, 0, -10},  // 'ę'
    {4834, 11, 16, 11, 0, -16},  // 'Ě'
    {4856, 11, 14, 11, 0, -14},  // 'ě'
    {4876, 14, 16, 14, 0, -16},  // 'Ĝ'
    {4904, 11, 18, 11, 0, -14},  // 'ĝ'
    {4929, 14, 16, 14, 0, -16},  // 'Ğ'
    {4957, 11, 18, 11, 0, -14},  // 'ğ'
    {4982, 14, 16, 14, 0, -16},  // 'Ġ'
    {5010, 11, 18, 11, 0, -14},  // 'ġ'
    {5035, 14, 18, 14, 0, -13},  // 'Ģ'
    {5067, 11, 18, 11, 0, -14},  // 'ģ'
    {5092, 14, 16, 14, 0, -16},  // 'Ĥ'
    {5120, 12, 16, 11, -1, -16},  // 'ĥ'
    {5144, 16, 13, 16, 0, -13},  // 'Ħ'
    {5170, 13, 14, 12, 0, -14},  // 'ħ'
    {5193, 7, 16, 5, -1, -16},  // 'Ĩ'
    {5207, 7, 14, 5, -1, -14},  // 'ĩ'
    {5220, 6, 16, 5, 0, -16},  // 'Ī'
    {5232, 7, 13, 5, -1, -13},  // 'ī'
    {5244, 7, 16, 5, -1, -16},  // 'Ĭ'
    {5258, 7, 14, 5, -1, -14},  // 'ĭ'
    {5271, 5, 16, 5, 0, -13},  // 'Į'
    {5281, 5, 17, 5, 0, -14},  // 'į'
    {5292, 5, 16, 5, 0, -16},  // 'İ'
    {5302, 5, 10, 5, 0, -10},  // 'ı'
    {5309, 11, 17, 11, 0, -13},  // 'Ĳ'
    {5333, 10, 18, 10, 0, -14},  // 'ĳ'
    {5356, 7, 20, 5, -1, -16},  // 'Ĵ'
    {5374, 7, 18, 5, -1, -14},  // 'ĵ'
    {5390, 13, 18, 12, 0, -13},  // 'Ķ'
    {5420, 11, 19, 10, 0, -14},  // 'ķ'
    {5447, 11, 10, 10, 0, -10},  // 'ĸ'
    {5461, 10, 16, 10, 0, -16},  // 'Ĺ'
    {5481, 6, 17, 5, 0, -17},  // 'ĺ'
    {5494, 10, 18, 10, 0, -13},  // 'Ļ'
    {5517, 5, 19, 5, 0, -14},  // 'ļ'
    {5529, 10, 13, 10, 0, -13},  // 'Ľ'
    {5546, 7, 14, 7, 0, -14},  // 'ľ'
    {5559, 10, 13, 10, 0, -13},  // 'Ŀ'
    {5576, 6, 14, 6, 0, -14},  // 'ŀ'
    {5587, 12, 13, 10, -1, -13},  // 'Ł'
    {5607, 6, 14, 5, 0, -14},  // 'ł'
    {5618, 13, 16, 13, 0, -16},  // 'Ń'
    {5644, 11, 14, 11, 0, -14},  // 'ń'
    {5664, 13, 18, 13, 0, -13},  // 'Ņ'
    {5694, 11, 15, 11, 0, -10},  // 'ņ'
    {5715, 13, 16, 13, 0, -16},  // 'Ň'
    {5741, 11, 14, 11, 0, -14},  // 'ň'
    {5761, 15, 13, 15, 0, -13},  // 'ŉ'
    {5786, 13, 17, 13, 0, -13},  // 'Ŋ'
    {5814, 11, 14, 11, 0, -10},  // 'ŋ'
    {5834, 14, 16, 14, 0, -16},  // 'Ō'
    {5862, 11, 13, 11, 0, -13},  // 'ō'
    {5880, 14, 16, 14, 0, -16},  // 'Ŏ'
    {5908, 11, 14, 11, 0, -14},  // 'ŏ'
    {5928, 14, 16, 14, 0, -16},  // 'Ő'
    {5956, 11, 14, 11, 0, -14},  // 'ő'
    {5976, 19, 13, 19, 0, -13},  // 'Œ'
    {6007, 18, 10, 18, 0, -10},  // 'œ'
    {6030, 13, 16, 12, 0, -16},  // 'Ŕ'
    {6056, 9, 14, 7, 0, -14},  // 'ŕ'
    {6072, 13, 18, 12, 0, -13},  // 'Ŗ'
    {6102, 8, 15, 7, 0, -10},  // 'ŗ'
    {6117, 13, 16, 12, 0, -16},  // 'Ř'
    {6143, 8, 14, 7, 0, -14},  // 'ř'
    {6157, 11, 16, 11, 0, -16},  // 'Ś'
    {6179, 9, 14, 9, 0, -14},  // 'ś'
    {6195, 11, 16, 11, 0, -16},  // 'Ŝ'
    {6217, 9, 14, 9, 0, -14},  // 'ŝ'
    {6233, 11, 16, 11, 0, -13},  // 'Ş'
    {6255, 9, 13, 9, 0, -10},  // 'ş'
    {6270, 11, 16, 11, 0, -16},  // 'Š'
    {6292, 9, 14, 9, 0, -14},  // 'š'
    {6308, 13, 16, 11, -1, -13},  // 'Ţ'
    {6334, 7, 16, 7, 0, -13},  // 'ţ'
    {6348, 13, 16, 11, -1, -16},  // 'Ť'
    {6374, 7, 14, 7, 0, -14},  // 'ť'
    {6387, 13, 13, 11, -1, -13},  // 'Ŧ'
    {6409, 7, 13, 7, 0, -13},  // 'ŧ'
    {6421, 13, 16, 13, 0, -16},  // 'Ũ'
    {6447, 11, 14, 11, 0, -14},  // 'ũ'
    {6467, 13, 16, 13, 0, -16},  // 'Ū'
    {6493, 11, 13, 11, 0, -13},  // 'ū'
    {6511, 13, 16, 13, 0, -16},  // 'Ŭ'
    {6537, 11, 14, 11, 0, -14},  // 'ŭ'
    {6557, 13, 17, 13, 0, -17},  // 'Ů'
    {6585, 11, 15, 11, 0, -15},  // 'ů'
    {6606, 13, 16, 13, 0, -16},  // 'Ű'
    {6632, 11, 14, 11, 0, -14},  // 'ű'
    {6652, 13, 16, 13, 0, -13},  // 'Ų'
    {6678, 12, 13, 11, 0, -10},  // 'ų'
    {6698, 18, 16, 18, 0, -16},  // 'Ŵ'
    {6734, 15, 14, 15, 0, -14},  // 'ŵ'
    {6761, 13, 16, 11, -1, -16},  // 'Ŷ'
    {6787, 11, 18, 11, 0, -14},  // 'ŷ'
    {6812, 13, 16, 11, -1, -16},  // 'Ÿ'
    {6838, 12, 16, 12, 0, -16},  // 'Ź'
    {6862, 9, 14, 9, 0, -14},  // 'ź'
    {6878, 12, 16, 12, 0, -16},  // 'Ż'
    {6902, 9, 14, 9, 0, -14},  // 'ż'
    {6918, 12, 16, 12, 0, -16},  // 'Ž'
    {6942, 9, 14, 9, 0, -14},  // 'ž'
    {6958, 7, 14, 6, 0, -14},  // 'ſ'
    {6971, 11, 14, 11, 0, -14},  // 'ƀ'
    {6991, 14, 13, 13, -1, -13},  // 'Ɓ'
    {7014, 12, 13, 12, 0, -13},  // 'Ƃ'
    {7034, 11, 14, 11, 0, -14},  // 'ƃ'
    {7054, 12, 13, 12, 0, -13},  // 'Ƅ'
    {7074, 11, 14, 11, 0, -14},  // 'ƅ'
    {7094, 13, 13, 13, 0, -13},  // 'Ɔ'
    {7116, 15, 17, 13, 0, -17},  // 'Ƈ'
    {7148, 11, 14, 10, 0, -14},  // 'ƈ'
    {7168, 14, 13, 14, 0, -13},  // 'Ɖ'
    {7191, 16, 13, 15, -1, -13},  // 'Ɗ'
    {7217, 12, 13, 12, 0, -13},  // 'Ƌ'
    {7237, 11, 14, 11, 0, -14},  // 'ƌ'
    {7257, 11, 14, 11, 0, -10},  // 'ƍ'
    {7277, 11, 13, 11, 0, -13},  // 'Ǝ'
    {7295, 14, 13, 14, 0, -13},  // 'Ə'
    {7318, 11, 13, 11, 0, -13},  // 'Ɛ'
    {7336, 11, 17, 10, -1, -13},  // 'Ƒ'
    {7360, 9, 18, 6, -2, -14},  // 'ƒ'
    {7381, 15, 17, 14, 0, -17},  // 'Ɠ'
    {7413, 13, 17, 12, 0, -13},  // 'Ɣ'
    {7441, 18, 14, 18, 0, -14},  // 'ƕ'
    {7473, 7, 13, 6, 0, -13},  // 'Ɩ'
    {7485, 6, 13, 5, 0, -13},  // 'Ɨ'
    {7495, 14, 13, 13, 0, -13},  // 'Ƙ'
    {7518, 11, 14, 10, 0, -14},  // 'ƙ'
    {7538, 5, 14, 5, 0, -14},  // 'ƚ'
    {7547, 11, 14, 11, 0, -14},  // 'ƛ'
    {7567, 18, 13, 18, 0, -13},  // 'Ɯ'
    {7597, 14, 17, 13, -1, -13},  // 'Ɲ'
    {7627, 11, 14, 11, 0, -10},  // 'ƞ'
    {7647, 14, 13, 14, 0, -13},  // 'Ɵ'
    {7670, 16, 14, 16, 0, -14},  // 'Ơ'
    {7698, 11, 11, 11, 0, -11},  // 'ơ'
    {7714, 17, 13, 17, 0, -13},  // 'Ƣ'
    {7742, 14, 14, 14, 0, -10},  // 'ƣ'
    {7767, 13, 13, 12, -1, -13},  // 'Ƥ'
    {7789, 11, 18, 11, 0, -14},  // 'ƥ'
    {7814, 13, 15, 12, 0, -13},  // 'Ʀ'
    {7839, 11, 13, 11, 0, -13},  // 'Ƨ'
    {7857, 9, 10, 9, 0, -10},  // 'ƨ'
    {7869, 11, 13, 11, 0, -13},  // 'Ʃ'
    {7887, 10, 18, 6, -3, -14},  // 'ƪ'
    {7910, 7, 17, 7, 0, -13},  // 'ƫ'
    {7925, 12, 13, 11, 0, -13},  // 'Ƭ'
    {7945, 7, 14, 7, 0, -14},  // 'ƭ'
    {7958, 13, 17, 11, -1, -13},  // 'Ʈ'
    {7986, 15, 14, 15, 0, -14},  // 'Ư'
    {8013, 13, 11, 11, 0, -11},  // 'ư'
    {8031, 14, 13, 14, 0, -13},  // 'Ʊ'
    {8054, 13, 13, 13, 0, -13},  // 'Ʋ'
    {8076, 15, 13, 13, -1, -13},  // 'Ƴ'
    {8101, 14, 14, 13, 0, -10},  // 'ƴ'
    {8126, 12, 13, 12, 0, -13},  // 'Ƶ'
    {8146, 9, 10, 9, 0, -10},  // 'ƶ'
    {8158, 12, 13, 12, 0, -13},  // 'Ʒ'
    {8178, 12, 13, 12, 0, -13},  // 'Ƹ'
    {8198, 10, 14, 10, 0, -10},  // 'ƹ'
    {8216, 9, 14, 9, 0, -10},  // 'ƺ'
    {8232, 11, 14, 11, 0, -14},  // 'ƻ'
    {8252, 12, 14, 12, 0, -13},  // 'Ƽ'
    {8273, 10, 14, 10, 0, -10},  // 'ƽ'
    {8291, 9, 14, 9, 0, -13},  // 'ƾ'
    {8307, 11, 14, 11, 0, -10},  // 'ƿ'
    {8327, 5, 18, 5, 0, -14},  // 'ǀ'
    {8339, 9, 18, 9, 0, -14},  // 'ǁ'
    {8360, 9, 18, 8, 0, -14},  // 'ǂ'
    {8381, 5, 13, 5, 0, -13},  // 'ǃ'
    {8390, 26, 16, 26, 0, -16},  // 'Ǆ'
    {8442, 23, 14, 23, 0, -14},  // 'ǅ'
    {8483, 21, 14, 21, 0, -14},  // 'ǆ'
    {8520, 15, 17, 15, 0, -13},  // 'Ǉ'
    {8552, 14, 18, 14, 0, -14},  // 'ǈ'
    {8584, 8, 18, 8, 0, -14},  // 'ǉ'
    {8602, 17, 17, 17, 0, -13},  // 'Ǌ'
    {8639, 17, 18, 17, 0, -14},  // 'ǋ'
    {8678, 14, 18, 14, 0, -14},  // 'ǌ'
    {8710, 13, 16, 12, 0, -16},  // 'Ǎ'
    {8736, 11, 14, 11, 0, -14},  // 'ǎ'
    {8756, 7, 16, 5, -1, -16},  // 'Ǐ'
    {8770, 7, 14, 5, -1, -14},  // 'ǐ'
    {8783, 14, 16, 14, 0, -16},  // 'Ǒ'
    {8811, 11, 14, 11, 0, -14},  // 'ǒ'
    {8831, 13, 16, 13, 0, -16},  // 'Ǔ'
    {8857, 11, 14, 11, 0, -14},  // 'ǔ'
    {8877, 13, 18, 13, 0, -18},  // 'Ǖ'
    {8907, 11, 16, 11, 0, -16},  // 'ǖ'
    {8929, 13, 18, 13, 0, -18},  // 'Ǘ'
    {8959, 11, 15, 11, 0, -15},  // 'ǘ'
    {8980, 13, 18, 13, 0, -18},  // 'Ǚ'
    {9010, 11, 15, 11, 0, -15},  // 'ǚ'
    {9031, 13, 18, 13, 0, -18},  // 'Ǜ'
    {9061, 11, 15, 11, 0, -15},  // 'ǜ'
    {9082, 11, 10, 11, 0, -10},  // 'ǝ'
    {9096, 13, 18, 12, 0, -18},  // 'Ǟ'
    {9126, 11, 16, 11, 0, -16},  // 'ǟ'
    {9148, 13, 18, 12, 0, -18},  // 'Ǡ'
    {9178, 11, 15, 11, 0, -15},  // 'ǡ'
    {9199, 18, 16, 18, 0, -16},  // 'Ǣ'
    {9235, 18, 13, 18, 0, -13},  // 'ǣ'
    {9265, 14, 13, 14, 0, -13},  // 'Ǥ'
    {9288, 12, 14, 11, 0, -10},  // 'ǥ'
    {9309, 14, 16, 14, 0, -16},  // 'Ǧ'
    {9337, 11, 18, 11, 0, -14},  // 'ǧ'
    {9362, 13, 16, 12, 0, -16},  // 'Ǩ'
    {9388, 12, 16, 10, -1, -16},  // 'ǩ'
    {9412, 14, 16, 14, 0, -13},  // 'Ǫ'
    {9440, 11, 13, 11, 0, -10},  // 'ǫ'
    {9458, 14, 19, 14, 0, -16},  // 'Ǭ'
    {9492, 11, 16, 11, 0, -13},  // 'ǭ'
    {9514, 12, 16, 12, 0, -16},  // 'Ǯ'
    {9538, 10, 18, 10, 0, -14},  // 'ǯ'
    {9561, 7, 18, 5, -1, -14},  // 'ǰ'
    {9577, 26, 13, 26, 0, -13},  // 'Ǳ'
    {9620, 23, 13, 23, 0, -13},  // 'ǲ'
    {9658, 21, 14, 21, 0, -14},  // 'ǳ'
    {9695, 14, 16, 14, 0, -16},  // 'Ǵ'
    {9723, 11, 18, 11, 0, -14},  // 'ǵ'
    {9748, 20, 13, 20, 0, -13},  // 'Ƕ'
    {9781, 12, 17, 12, 0, -13},  // 'Ƿ'
    {9807, 13, 16, 13, 0, -16},  // 'Ǹ'
    {9833, 11, 14, 11, 0, -14},  // 'ǹ'
    {9853, 13, 17, 12, 0, -17},  // 'Ǻ'
    {9881, 11, 16, 11, 0, -16},  // 'ǻ'
    {9903, 18, 16, 18, 0, -16},  // 'Ǽ'
    {9939, 18, 14, 18, 0, -14},  // 'ǽ'
    {9971, 14, 17, 14, 0, -16},  // 'Ǿ'
    {10001, 11, 15, 11, 0, -14},  // 'ǿ'
    {10022, 13, 17, 12, 0, -17},  // 'Ȁ'
    {10050, 11, 14, 11, 0, -14},  // 'ȁ'
    {10070, 13, 17, 12, 0, -17},  // 'Ȃ'
    {10098, 11, 14, 11, 0, -14},  // 'ȃ'
    {10118, 11, 17, 11, 0, -17},  // 'Ȅ'
    {10142, 11, 14, 11, 0, -14},  // 'ȅ'
    {10162, 11, 17, 11, 0, -17},  // 'Ȇ'
    {10186, 11, 14, 11, 0, -14},  // 'ȇ'
    {10206, 7, 17, 5, -1, -17},  // 'Ȉ'
    {10221, 7, 14, 5, -1, -14},  // 'ȉ'
    {10234, 6, 17, 5, 0, -17},  // 'Ȋ'
    {10247, 7, 14, 5, -1, -14},  // 'ȋ'
    {10260, 14, 17, 14, 0, -17},  // 'Ȍ'
    {10290, 11, 14, 11, 0, -14},  // 'ȍ'
    {10310, 14, 17, 14, 0, -17},  // 'Ȏ'
    {10340, 11, 14, 11, 0, -14},  // 'ȏ'
    {10360, 13, 17, 12, 0, -17},  // 'Ȑ'
    {10388, 8, 14, 7, 0, -14},  // 'ȑ'
    {10402, 13, 17, 12, 0, -17},  // 'Ȓ'
    {10430, 8, 14, 7, 0, -14},  // 'ȓ'
    {10444, 13, 17, 13, 0, -17},  // 'Ȕ'
    {10472, 11, 14, 11, 0, -14},  // 'ȕ'
    {10492, 13, 17, 13, 0, -17},  // 'Ȗ'
    {10520, 11, 14, 11, 0, -14},  // 'ȗ'
    {10540, 11, 18, 11, 0, -13},  // 'Ș'
    {10565, 9, 15, 9, 0, -10},  // 'ș'
    {10582, 13, 18, 11, -1, -13},  // 'Ț'
    {10612, 7, 18, 7, 0, -13},  // 'ț'
    {10628, 11, 18, 11, 0, -14},  // 'Ȝ'
    {10653, 9, 15, 9, 0, -11},  // 'ȝ'
    {10670, 14, 16, 14, 0, -16},  // 'Ȟ'
    {10698, 12, 16, 11, -1, -16},  // 'ȟ'
    {10722, 13, 18, 13, 0, -14},  // 'Ƞ'
    {10752, 15, 16, 15, 0, -14},  // 'ȡ'
    {10782, 13, 13, 13, 0, -13},  // 'Ȣ'
    {10804, 11, 12, 11, 0, -12},  // 'ȣ'
    {10821, 12, 17, 12, 0, -13},  // 'Ȥ'
    {10847, 9, 14, 9, 0, -10},  // 'ȥ'
    {10863, 13, 16, 12, 0, -16},  // 'Ȧ'
    {10889, 11, 14, 11, 0, -14},  // 'ȧ'
    {10909, 11, 16, 11, 0, -13},  // 'Ȩ'
    {10931, 11, 13, 11, 0, -10},  // 'ȩ'
    {10949, 14, 18, 14, 0, -18},  // 'Ȫ'
    {10981, 11, 16, 11, 0, -16},  // 'ȫ'
    {11003, 14, 18, 14, 0, -18},  // 'Ȭ'
    {11035, 11, 15, 11, 0, -15},  // 'ȭ'
    {11056, 14, 16, 14, 0, -16},  // 'Ȯ'
    {11084, 11, 14, 11, 0, -14},  // 'ȯ'
    {11104, 14, 18, 14, 0, -18},  // 'Ȱ'
    {11136, 11, 16, 11, 0, -16},  // 'ȱ'
    {11158, 13, 16, 11, -1, -16},  // 'Ȳ'
    {11184, 11, 17, 11, 0, -13},  // 'ȳ'
    {11208, 9, 16, 9, 0, -14},  // 'ȴ'
    {11226, 15, 13, 15, 0, -11},  // 'ȵ'
    {11251, 9, 15, 9, 0, -13},  // 'ȶ'
    {11268, 6, 14, 5, -1, -10},  // 'ȷ'
    {11279, 18, 14, 18, 0, -14},  // 'ȸ'
    {11311, 18, 14, 18, 0, -10},  // 'ȹ'
    {11343, 14, 15, 12, -1, -14},  // 'Ⱥ'
    {11370, 13, 15, 13, 0, -14},  // 'Ȼ'
    {11395, 10, 12, 10, 0, -11},  // 'ȼ'
    {11410, 10, 13, 10, 0, -13},  // 'Ƚ'
    {11427, 13, 15, 11, -1, -14},  // 'Ⱦ'
    {11452, 10, 16, 9, 0, -11},  // 'ȿ'
    {11472, 10, 15, 9, 0, -10},  // 'ɀ'
    {11491, 11, 13, 11, 0, -13},  // 'Ɂ'
    {11509, 9, 10, 9, 0, -10},  // 'ɂ'
    {11521, 12, 13, 12, 0, -13},  // 'Ƀ'
    {11541, 14, 13, 13, 0, -13},  // 'Ʉ'
    {11564, 13, 13, 12, 0, -13},  // 'Ʌ'
    {11586, 11, 17, 11, 0, -15},  // 'Ɇ'
    {11610, 11, 14, 11, 0, -12},  // 'ɇ'
    {11630, 7, 17, 5, -1, -13},  // 'Ɉ'
    {11645, 6, 18, 5, -1, -14},  // 'ɉ'
    {11659, 16, 17, 14, 0, -13},  // 'Ɋ'
    {11693, 12, 14, 11, 0, -10},  // 'ɋ'
    {11714, 13, 13, 12, 0, -13},  // 'Ɍ'
    {11736, 8, 10, 7, 0, -10},  // 'ɍ'
    {11746, 13, 14, 11, -1, -14},  // 'Ɏ'
    {11769, 11, 14, 11, 0, -10},  // 'ɏ'
    {11789, 11, 10, 11, 0, -10},  // 'ɐ'
    {11803, 11, 10, 11, 0, -10},  // 'ɑ'
    {11817, 11, 10, 11, 0, -10},  // 'ɒ'
    {11831, 11, 14, 11, 0, -14},  // 'ɓ'
    {11851, 10, 10, 10, 0, -10},  // 'ɔ'
    {11864, 10, 11, 10, 0, -10},  // 'ɕ'
    {11878, 12, 18, 11, 0, -14},  // 'ɖ'
    {11905, 13, 14, 13, 0, -14},  // 'ɗ'
    {11928, 11, 10, 11, 0, -10},  // 'ɘ'
    {11942, 11, 10, 11, 0, -10},  // 'ə'
    {11956, 15, 10, 15, 0, -10},  // 'ɚ'
    {11975, 10, 10, 10, 0, -10},  // 'ɛ'
    {11988, 10, 10, 10, 0, -10},  // 'ɜ'
    {12001, 14, 10, 14, 0, -10},  // 'ɝ'
    {12019, 12, 10, 12, 0, -10},  // 'ɞ'
    {12034, 6, 14, 5, -1, -10},  // 'ɟ'
    {12045, 13, 18, 13, 0, -14},  // 'ɠ'
    {12075, 11, 14, 11, 0, -10},  // 'ɡ'
    {12095, 11, 10, 11, 0, -10},  // 'ɢ'
    {12109, 11, 14, 11, 0, -10},  // 'ɣ'
    {12129, 11, 10, 11, 0, -10},  // 'ɤ'
    {12143, 11, 14, 11, 0, -10},  // 'ɥ'
    {12163, 11, 14, 11, 0, -14},  // 'ɦ'
    {12183, 11, 18, 11, 0, -14},  // 'ɧ'
    {12208, 5, 14, 5, 0, -14},  // 'ɨ'
    {12217, 6, 10, 6, 0, -10},  // 'ɩ'
    {12225, 7, 10, 7, 0, -10},  // 'ɪ'
    {12234, 7, 14, 7, 0, -14},  // 'ɫ'
    {12247, 9, 14, 9, 0, -14},  // 'ɬ'
    {12263, 6, 18, 5, 0, -14},  // 'ɭ'
    {12277, 13, 18, 13, 0, -14},  // 'ɮ'
    {12307, 18, 10, 18, 0, -10},  // 'ɯ'
    {12330, 18, 14, 18, 0, -10},  // 'ɰ'
    {12362, 18, 14, 18, 0, -10},  // 'ɱ'
    {12394, 13, 14, 12, -1, -10},  // 'ɲ'
    {12417, 12, 14, 12, 0, -10},  // 'ɳ'
    {12438, 11, 10, 11, 0, -10},  // 'ɴ'
    {12452, 11, 10, 11, 0, -10},  // 'ɵ'
    {12466, 15, 10, 15, 0, -10},  // 'ɶ'
    {12485, 13, 10, 13, 0, -10},  // 'ɷ'
    {12502, 12, 18, 12, 0, -14},  // 'ɸ'
    {12529, 7, 10, 7, 0, -10},  // 'ɹ'
    {12538, 7, 14, 7, 0, -14},  // 'ɺ'
    {12551, 8, 14, 7, 0, -10},  // 'ɻ'
    {12565, 8, 14, 7, 0, -10},  // 'ɼ'
    {12579, 8, 15, 7, 0, -11},  // 'ɽ'
    {12594, 10, 10, 10, 0, -10},  // 'ɾ'
    {12607, 10, 10, 10, 0, -10},  // 'ɿ'
    {12620, 11, 10, 11, 0, -10},  // 'ʀ'
    {12634, 11, 10, 11, 0, -10},  // 'ʁ'
    {12648, 9, 14, 9, 0, -10},  // 'ʂ'
    {12664, 8, 18, 6, -1, -14},  // 'ʃ'
    {12682, 8, 18, 6, -1, -14},  // 'ʄ'
    {12700, 8, 14, 8, 0, -10},  // 'ʅ'
    {12714, 10, 18, 6, -3, -14},  // 'ʆ'
    {12737, 7, 13, 7, 0, -10},  // 'ʇ'
    {12749, 7, 17, 7, 0, -13},  // 'ʈ'
    {12764, 12, 10, 11, 0, -10},  // 'ʉ'
    {12779, 11, 10, 11, 0, -10},  // 'ʊ'
    {12793, 11, 10, 11, 0, -10},  // 'ʋ'
    {12807, 11, 10, 11, 0, -10},  // 'ʌ'
    {12821, 15, 10, 15, 0, -10},  // 'ʍ'
    {12840, 11, 14, 11, 0, -14},  // 'ʎ'
    {12860, 11, 10, 11, 0, -10},  // 'ʏ'
    {12874, 11, 14, 9, 0, -10},  // 'ʐ'
    {12894, 9, 11, 9, 0, -10},  // 'ʑ'
    {12907, 10, 14, 10, 0, -10},  // 'ʒ'
    {12925, 10, 14, 10, 0, -10},  // 'ʓ'
    {12943, 9, 14, 9, 0, -14},  // 'ʔ'
    {12959, 9, 14, 9, 0, -14},  // 'ʕ'
    {12975, 9, 14, 9, 0, -14},  // 'ʖ'
    {12991, 9, 18, 9, 0, -14},  // 'ʗ'
    {13012, 14, 15, 14, 0, -14},  // 'ʘ'
    {13039, 10, 10, 10, 0, -10},  // 'ʙ'
    {13052, 12, 10, 12, 0, -10},  // 'ʚ'
    {13067, 14, 14, 13, 0, -14},  // 'ʛ'
    {13092, 12, 10, 12, 0, -10},  // 'ʜ'
    {13107, 8, 18, 5, -3, -14},  // 'ʝ'
    {13125, 12, 14, 12, 0, -10},  // 'ʞ'
    {13146, 9, 10, 9, 0, -10},  // 'ʟ'
    {13158, 14, 18, 13, 0, -14},  // 'ʠ'
    {13190, 9, 14, 9, 0, -14},  // 'ʡ'
    {13206, 9, 14, 9, 0, -14},  // 'ʢ'
    {13222, 18, 15, 18, 0, -14},  // 'ʣ'
    {13256, 19, 18, 19, 0, -14},  // 'ʤ'
    {13299, 18, 15, 18, 0, -14},  // 'ʥ'
    {13333, 15, 13, 15, 0, -13},  // 'ʦ'
    {13358, 12, 18, 11, 0, -14},  // 'ʧ'
    {13385, 14, 15, 14, 0, -13},  // 'ʨ'
    {13412, 15, 18, 15, 0, -14},  // 'ʩ'
    {13446, 13, 14, 13, 0, -14},  // 'ʪ'
    {13469, 12, 14, 12, 0, -14},  // 'ʫ'
    {13490, 9, 13, 9, 0, -12},  // 'ʬ'
    {13505, 9, 12, 9, 0, -12},  // 'ʭ'
    {13519, 12, 18, 12, 0, -14},  // 'ʮ'
    {13546, 13, 18, 12, 0, -14},  // 'ʯ'
    {13576, 7, 14, 7, 0, -14},  // 'ʰ'
    {13589, 7, 14, 7, 0, -14},  // 'ʱ'
    {13602, 4, 13, 3, -1, -13},  // 'ʲ'
    {13609, 5, 12, 5, 0, -12},  // 'ʳ'
    {13617, 5, 12, 5, 0, -12},  // 'ʴ'
    {13625, 6, 12, 5, 0, -12},  // 'ʵ'
    {13634, 7, 12, 7, 0, -12},  // 'ʶ'
    {13645, 9, 12, 9, 0, -12},  // 'ʷ'
    {13659, 7, 12, 7, 0, -12},  // 'ʸ'
    {13670, 5, 14, 5, 0, -14},  // 'ʹ'
    {13679, 8, 14, 8, 0, -14},  // 'ʺ'
    {13693, 6, 13, 6, 0, -13},  // 'ʻ'
    {13703, 6, 13, 6, 0, -13},  // 'ʼ'
    {13713, 6, 15, 6, 0, -15},  // 'ʽ'
    {13725, 6, 14, 6, 0, -14},  // 'ʾ'
    {13736, 6, 14, 6, 0, -14},  // 'ʿ'
    {13747, 7, 14, 7, 0, -14},  // 'ˀ'
    {13760, 7, 14, 7, 0, -14},  // 'ˁ'
    {13773, 9, 16, 9, 0, -16},  // '˂'
    {13791, 9, 16, 9, 0, -16},  // '˃'
    {13809, 9, 14, 9, 0, -14},  // '˄'
    {13825, 9, 14, 9, 0, -14},  // '˅'
    {13841, 9, 14, 9, 0, -14},  // 'ˆ'
    {13857, 9, 14, 9, 0, -14},  // 'ˇ'
    {13873, 5, 14, 5, 0, -14},  // 'ˈ'
    {13882, 9, 13, 9, 0, -13},  // 'ˉ'
    {13897, 9, 15, 9, 0, -15},  // 'ˊ'
    {13914, 9, 15, 9, 0, -15},  // 'ˋ'
    {13931, 5, 5, 5, 0, -2},  // 'ˌ'
    {13935, 9, 4, 9, 0, 0},  // 'ˍ'
    {13940, 9, 5, 9, 0, 0},  // 'ˎ'
    {13946, 9, 5, 9, 0, 0},  // 'ˏ'
    {13952, 6, 9, 6, 0, -9},  // 'ː'
    {13959, 6, 9, 6, 0, -9},  // 'ˑ'
    {13966, 6, 10, 6, 0, -10},  // '˒'
    {13974, 6, 10, 6, 0, -10},  // '˓'
    {13982, 9, 9, 9, 0, -9},  // '˔'
    {13993, 9, 9, 9, 0, -9},  // '˕'
    {14004, 7, 8, 7, 0, -8},  // '˖'
    {14011, 6, 6, 6, 0, -6},  // '˗'
    {14016, 9, 14, 9, 0, -14},  // '˘'
    {14032, 9, 14, 9, 0, -14},  // '˙'
    {14048, 9, 16, 9, 0, -16},  // '˚'
    {14066, 9, 3, 9, 0, 0},  // '˛'
    {14070, 9, 14, 9, 0, -14},  // '˜'
    {14086, 9, 14, 9, 0, -14},  // '˝'
    {14102, 8, 10, 6, -1, -10},  // '˞'
    {14112, 9, 15, 9, 0, -15},  // '˟'
    {14129, 8, 12, 8, 0, -12},  // 'ˠ'
    {14141, 3, 14, 3, 0, -14},  // 'ˡ'
    {14147, 7, 12, 7, 0, -12},  // 'ˢ'
    {14158, 8, 12, 8, 0, -12},  // 'ˣ'
    {14170, 7, 14, 7, 0, -14},  // 'ˤ'
    {14183, 9, 12, 9, 0, -12},  // '˥'
    {14197, 9, 12, 9, 0, -12},  // '˦'
    {14211, 9, 12, 9, 0, -12},  // '˧'
    {14225, 9, 12, 9, 0, -12},  // '˨'
    {14239, 9, 12, 9, 0, -12},  // '˩'
    {14253, 11, 16, 11, 0, -13},  // '˪'
    {14275, 11, 16, 11, 0, -13},  // '˫'
    {14297, 9, 5, 9, 0, 0},  // 'ˬ'
    {14303, 9, 14, 9, 0, -14},  // '˭'
    {14319, 9, 13, 9, 0, -13},  // 'ˮ'
    {14334, 11, 16, 11, 0, -13},  // '˯'
    {14356, 11, 16, 11, 0, -13},  // '˰'
    {14378, 11, 16, 11, 0, -13},  // '˱'
    {14400, 11, 16, 11, 0, -13},  // '˲'
    {14422, 9, 5, 9, 0, -1},  // '˳'
    {14428, 11, 16, 11, 0, -13},  // '˴'
    {14450, 11, 16, 11, 0, -13},  // '˵'
    {14472, 11, 16, 11, 0, -13},  // '˶'
    {14494, 9, 3, 9, 0, 0},  // '˷'
    {14498, 11, 16, 11, 0, -13},  // '˸'
    {14520, 11, 16, 11, 0, -13},  // '˹'
    {14542, 11, 16, 11, 0, -13},  // '˺'
    {14564, 11, 16, 11, 0, -13},  // '˻'
    {14586, 11, 16, 11, 0, -13},  // '˼'
    {14608, 11, 16, 11, 0, -13},  // '˽'
    {14630, 11, 16, 11, 0, -13},  // '˾'
    {14652, 11, 16, 11, 0, -13},  // '˿'
    {14674, 16, 17, 16, 0, -14},  // '̀'
    {14708, 16, 17, 16, 0, -14},  // '́'
    {14742, 16, 17, 16, 0, -14},  // '̂'
    {14776, 16, 17, 16, 0, -14},  // '̃'
    {14810, 16, 16, 16, 0, -13},  // '̄'
    {14842, 17, 18, 16, 0, -15},  // '̅'
    {14881, 16, 17, 16, 0, -14},  // '̆'
    {14915, 16, 17, 16, 0, -14},  // '̇'
    {14949, 16, 17, 16, 0, -14},  // '̈'
    {14983, 16, 17, 16, 0, -14},  // '̉'
    {15017, 16, 19, 16, 0, -16},  // '̊'
    {15055, 16, 17, 16, 0, -14},  // '̋'
    {15089, 16, 17, 16, 0, -14},  // '̌'
    {15123, 16, 18, 16, 0, -15},  // '̍'
    {15159, 16, 18, 16, 0, -15},  // '̎'
    {15195, 16, 17, 16, 0, -14},  // '̏'
    {15229, 16, 20, 16, 0, -17},  // '̐'
    {15269, 16, 17, 16, 0, -14},  // '̑'
    {15303, 16, 15, 16, 0, -12},  // '̒'
    {15333, 16, 19, 16, 0, -16},  // '̓'
    {15371, 16, 19, 16, 0, -16},  // '̔'
    {15409, 18, 17, 16, 0, -14},  // '̕'
    {15448, 16, 17, 16, 0, -12},  // '̖'
    {15482, 16, 17, 16, 0, -12},  // '̗'
    {15516, 16, 17, 16, 0, -12},  // '̘'
    {15550, 16, 17, 16, 0, -12},  // '̙'
    {15584, 17, 20, 16, 0, -17},  // '̚'
    {15627, 18, 15, 16, 0, -12},  // '̛'
    {15661, 16, 16, 16, 0, -12},  // '̜'
    {15693, 16, 17, 16, 0, -12},  // '̝'
    {15727, 16, 17, 16, 0, -12},  // '̞'
    {15761, 16, 17, 16, 0, -12},  // '̟'
    {15795, 16, 16, 16, 0, -12},  // '̠'
    {15827, 16, 16, 16, 0, -12},  // '̡'
    {15859, 16, 16, 16, 0, -12},  // '̢'
    {15891, 16, 16, 16, 0, -12},  // '̣'
    {15923, 16, 15, 16, 0, -12},  // '̤'
    {15953, 16, 16, 16, 0, -12},  // '̥'
    {15985, 16, 17, 16, 0, -12},  // '̦'
    {16019, 16, 15, 16, 0, -12},  // '̧'
    {16049, 16, 15, 16, 0, -12},  // '̨'
    {16079, 16, 16, 16, 0, -12},  // '̩'
    {16111, 16, 16, 16, 0, -12},  // '̪'
    {16143, 16, 16, 16, 0, -12},  // '̫'
    {16175, 16, 16, 16, 0, -12},  // '̬'
    {16207, 16, 16, 16, 0, -12},  // '̭'
    {16239, 16, 16, 16, 0, -12},  // '̮'
    {16271, 16, 17, 16, 0, -12},  // '̯'
    {16305, 16, 15, 16, 0, -12},  // '̰'
    {16335, 16, 16, 16, 0, -12},  // '̱'
    {16367, 17, 16, 16, 0, -12},  // '̲'
    {16401, 17, 16, 16, 0, -12},  // '̳'
    {16435, 16, 15, 16, 0, -12},  // '̴'
    {16465, 16, 15, 16, 0, -12},  // '̵'
    {16495, 16, 15, 16, 0, -12},  // '̶'
    {16525, 16, 15, 16, 0, -12},  // '̷'
    {16555, 16, 17, 16, 0, -14},  // '̸'
    {16589, 16, 16, 16, 0, -12},  // '̹'
    {16621, 16, 16, 16, 0, -12},  // '̺'
    {16653, 16, 17, 16, 0, -12},  // '̻'
    {16687, 16, 16, 16, 0, -12},  // '̼'
    {16719, 16, 19, 16, 0, -16},  // '̽'
    {16757, 16, 19, 16, 0, -16},  // '̾'
    {16795, 17, 18, 16, 0, -15},  // '̿'
    {16834, 16, 17, 16, 0, -14},  // '̀'
    {16868, 16, 17, 16, 0, -14},  // '́'
    {16902, 16, 17, 16, 0, -14},  // '͂'
    {16936, 16, 19, 16, 0, -16},  // '̓'
    {16974, 16, 17, 16, 0, -14},  // '̈́'
    {17008, 16, 16, 16, 0, -12},  // 'ͅ'
    {17040, 16, 18, 16, 0, -15},  // '͆'
    {17076, 16, 17, 16, 0, -12},  // '͇'
    {17110, 16, 17, 16, 0, -12},  // '͈'
    {17144, 16, 17, 16, 0, -12},  // '͉'
    {17178, 16, 18, 16, 0, -15},  // '͊'
    {17214, 16, 19, 16, 0, -16},  // '͋'
    {17252, 16, 18, 16, 0, -15},  // '͌'
    {17288, 16, 17, 16, 0, -12},  // '͍'
    {17322, 16, 17, 16, 0, -12},  // '͎'
    {17356, 16, 15, 16, 0, -12},  // '͏'
    {17386, 27, 16, 26, 0, -13},  // '͐'
    {17440, 16, 19, 16, 0, -16},  // '͑'
    {17478, 16, 18, 16, 0, -15},  // '͒'
    {17514, 16, 16, 16, 0, -12},  // '͓'
    {17546, 27, 16, 26, 0, -13},  // '͔'
    {17600, 27, 16, 26, 0, -13},  // '͕'
    {17654, 27, 16, 26, 0, -13},  // '͖'
    {17708, 16, 19, 16, 0, -16},  // '͗'
    {17746, 16, 17, 16, 0, -14},  // '͘'
    {17780, 27, 16, 26, 0, -13},  // '͙'
    {17834, 16, 17, 16, 0, -12},  // '͚'
    {17868, 27, 16, 26, 0, -13},  // '͛'
    {17922, 25, 16, 16, 0, -12},  // '͜'
    {17972, 25, 21, 16, 0, -18},  // '͝'
    {18038, 25, 20, 16, 0, -17},  // '͞'
    {18101, 25, 15, 16, 0, -12},  // '͟'
    {18148, 23, 20, 16, 0, -17},  // '͠'
    {18206, 25, 19, 16, 0, -16},  // '͡'
    {18266, 25, 17, 16, 0, -12},  // '͢'
    {18320, 27, 16, 26, 0, -13},  // 'ͣ'
    {18374, 27, 16, 26, 0, -13},  // 'ͤ'
    {18428, 27, 16, 26, 0, -13},  // 'ͥ'
    {18482, 27, 16, 26, 0, -13},  // 'ͦ'
    {18536, 27, 16, 26, 0, -13},  // 'ͧ'
    {18590, 27, 16, 26, 0, -13},  // 'ͨ'
    {18644, 27, 16, 26, 0, -13},  // 'ͩ'
    {18698, 27, 16, 26, 0, -13},  // 'ͪ'
    {18752, 27, 16, 26, 0, -13},  // 'ͫ'
    {18806, 27, 16, 26, 0, -13},  // 'ͬ'
    {18860, 27, 16, 26, 0, -13},  // 'ͭ'
    {18914, 27, 16, 26, 0, -13},  // 'ͮ'
    {18968, 27, 16, 26, 0, -13},  // 'ͯ'
    {19022, 12, 14, 12, 0, -14},  // 'Ͱ'
    {19043, 10, 10, 10, 0, -10},  // 'ͱ'
    {19056, 16, 14, 16, 0, -14},  // 'Ͳ'
    {19084, 12, 14, 12, 0, -14},  // 'ͳ'
    {19105, 5, 14, 5, 0, -14},  // 'ʹ'
    {19114, 5, 4, 5, 0, -1},  // '͵'
    {19117, 13, 13, 13, 0, -13},  // 'Ͷ'
    {19139, 12, 10, 12, 0, -10},  // 'ͷ'
    {19154, 11, 16, 11, 0, -13},  // '͸'
    {19176, 11, 16, 11, 0, -13},  // '͹'
    {19198, 9, 4, 9, 0, 0},  // 'ͺ'
    {19203, 10, 10, 10, 0, -10},  // 'ͻ'
    {19216, 10, 10, 10, 0, -10},  // 'ͼ'
    {19229, 10, 10, 10, 0, -10},  // 'ͽ'
    {19242, 6, 11, 6, 0, -9},  // ';'
    {19251, 6, 17, 5, -1, -13},  // 'Ϳ'
    {19264, 11, 16, 11, 0, -13},  // '΀'
    {19286, 11, 16, 11, 0, -13},  // '΁'
    {19308, 11, 16, 11, 0, -13},  // '΂'
    {19330, 11, 16, 11, 0, -13},  // '΃'
    {19352, 9, 14, 9, 0, -14},  // '΄'
    {19368, 9, 18, 9, 0, -18},  // '΅'
    {19389, 13, 14, 12, 0, -14},  // 'Ά'
    {19412, 6, 7, 6, 0, -7},  // '·'
    {19418, 14, 14, 13, -1, -14},  // 'Έ'
    {19443, 17, 14, 16, -1, -14},  // 'Ή'
    {19473, 8, 14, 7, -1, -14},  // 'Ί'
    {19487, 11, 16, 11, 0, -13},  // '΋'
    {19509, 16, 14, 15, -1, -14},  // 'Ό'
    {19537, 11, 16, 11, 0, -13},  // '΍'
    {19559, 16, 14, 15, -1, -14},  // 'Ύ'
    {19587, 16, 14, 15, -1, -14},  // 'Ώ'
    {19615, 6, 18, 6, 0, -18},  // 'ΐ'
    {19629, 13, 13, 12, 0, -13},  // 'Α'
    {19651, 12, 13, 12, 0, -13},  // 'Β'
    {19671, 10, 13, 10, 0, -13},  // 'Γ'
    {19688, 13, 13, 12, 0, -13},  // 'Δ'
    {19710, 11, 13, 11, 0, -13},  // 'Ε'
    {19728, 12, 13, 12, 0, -13},  // 'Ζ'
    {19748, 14, 13, 14, 0, -13},  // 'Η'
    {19771, 14, 13, 14, 0, -13},  // 'Θ'
    {19794, 5, 13, 5, 0, -13},  // 'Ι'
    {19803, 13, 13, 12, 0, -13},  // 'Κ'
    {19825, 13, 13, 12, 0, -13},  // 'Λ'
    {19847, 16, 13, 16, 0, -13},  // 'Μ'
    {19873, 13, 13, 13, 0, -13},  // 'Ν'
    {19895, 11, 13, 11, 0, -13},  // 'Ξ'
    {19913, 14, 13, 14, 0, -13},  // 'Ο'
    {19936, 14, 13, 14, 0, -13},  // 'Π'
    {19959, 11, 13, 11, 0, -13},  // 'Ρ'
    {19977, 11, 16, 11, 0, -13},  // '΢'
    {19999, 11, 13, 11, 0, -13},  // 'Σ'
    {20017, 13, 13, 11, -1, -13},  // 'Τ'
    {20039, 13, 13, 11, -1, -13},  // 'Υ'
    {20061, 14, 13, 14, 0, -13},  // 'Φ'
    {20084, 12, 13, 12, 0, -13},  // 'Χ'
    {20104, 14, 13, 14, 0, -13},  // 'Ψ'
    {20127, 14, 13, 14, 0, -13},  // 'Ω'
    {20150, 6, 16, 5, 0, -16},  // 'Ϊ'
    {20162, 13, 16, 11, -1, -16},  // 'Ϋ'
    {20188, 12, 14, 12, 0, -14},  // 'ά'
    {20209, 10, 14, 10, 0, -14},  // 'έ'
    {20227, 11, 18, 11, 0, -14},  // 'ή'
    {20252, 6, 14, 6, 0, -14},  // 'ί'
    {20263, 10, 19, 10, 0, -18},  // 'ΰ'
    {20287, 12, 10, 12, 0, -10},  // 'α'
    {20302, 11, 18, 11, 0, -14},  // 'β'
    {20327, 11, 14, 11, 0, -10},  // 'γ'
    {20347, 11, 14, 11, 0, -14},  // 'δ'
    {20367, 10, 10, 10, 0, -10},  // 'ε'
    {20380, 10, 18, 10, 0, -14},  // 'ζ'
    {20403, 11, 14, 11, 0, -10},  // 'η'
    {20423, 11, 14, 11, 0, -14},  // 'θ'
    {20443, 6, 10, 6, 0, -10},  // 'ι'
    {20451, 11, 10, 11, 0, -10},  // 'κ'
    {20465, 11, 14, 11, 0, -14},  // 'λ'
    {20485, 12, 14, 11, 0, -10},  // 'μ'
    {20506, 10, 10, 10, 0, -10},  // 'ν'
    {20519, 10, 18, 10, 0, -14},  // 'ξ'
    {20542, 11, 10, 11, 0, -10},  // 'ο'
    {20556, 11, 10, 11, 0, -10},  // 'π'
    {20570, 11, 14, 11, 0, -10},  // 'ρ'
    {20590, 11, 14, 11, 0, -10},  // 'ς'
    {20610, 11, 10, 11, 0, -10},  // 'σ'
    {20624, 11, 10, 11, 0, -10},  // 'τ'
    {20638, 10, 11, 10, 0, -10},  // 'υ'
    {20652, 12, 14, 12, 0, -10},  // 'φ'
    {20673, 10, 14, 10, 0, -10},  // 'χ'
    {20691, 12, 14, 12, 0, -10},  // 'ψ'
    {20712, 15, 10, 15, 0, -10},  // 'ω'
    {20731, 6, 14, 6, 0, -14},  // 'ϊ'
    {20742, 10, 15, 10, 0, -14},  // 'ϋ'
    {20761, 11, 14, 11, 0, -14},  // 'ό'
    {20781, 10, 15, 10, 0, -14},  // 'ύ'
    {20800, 15, 14, 15, 0, -14},  // 'ώ'
    {20827, 13, 18, 12, 0, -14},  // 'Ϗ'
    {20857, 11, 15, 11, 0, -15},  // 'ϐ'
    {20878, 11, 14, 11, 0, -14},  // 'ϑ'
    {20898, 13, 13, 13, 0, -13},  // 'ϒ'
    {20920, 16, 14, 15, -1, -14},  // 'ϓ'
    {20948, 13, 16, 13, 0, -16},  // 'ϔ'
    {20974, 12, 18, 12, 0, -14},  // 'ϕ'
    {21001, 15, 11, 15, 0, -10},  // 'ϖ'
    {21022, 12, 14, 12, 0, -10},  // 'ϗ'
    {21043, 14, 17, 14, 0, -13},  // 'Ϙ'
    {21073, 11, 14, 11, 0, -10},  // 'ϙ'
    {21093, 12, 17, 12, 0, -13},  // 'Ϛ'
    {21119, 11, 14, 11, 0, -10},  // 'ϛ'
    {21139, 10, 13, 10, 0, -13},  // 'Ϝ'
    {21156, 10, 18, 8, -2, -14},  // 'ϝ'
    {21179, 12, 15, 12, 0, -14},  // 'Ϟ'
    {21202, 12, 14, 12, 0, -14},  // 'ϟ'
    {21223, 16, 18, 16, 0, -14},  // 'Ϡ'
    {21259, 11, 15, 11, 0, -11},  // 'ϡ'
    {21280, 17, 17, 17, 0, -13},  // 'Ϣ'
    {21317, 15, 14, 15, 0, -10},  // 'ϣ'
    {21344, 14, 17, 14, 0, -13},  // 'Ϥ'
    {21374, 12, 14, 12, 0, -10},  // 'ϥ'
    {21395, 14, 17, 14, 0, -13},  // 'Ϧ'
    {21425, 11, 12, 11, 0, -11},  // 'ϧ'
    {21442, 12, 18, 12, 0, -14},  // 'Ϩ'
    {21469, 11, 15, 11, 0, -11},  // 'ϩ'
    {21490, 14, 14, 14, 0, -14},  // 'Ϫ'
    {21515, 11, 11, 11, 0, -11},  // 'ϫ'
    {21531, 13, 15, 13, 0, -14},  // 'Ϭ'
    {21556, 11, 15, 11, 0, -14},  // 'ϭ'
    {21577, 11, 17, 11, 0, -13},  // 'Ϯ'
    {21601, 10, 17, 10, 0, -13},  // 'ϯ'
    {21623, 12, 11, 12, 0, -10},  // 'ϰ'
    {21640, 11, 14, 11, 0, -10},  // 'ϱ'
    {21660, 10, 10, 10, 0, -10},  // 'ϲ'
    {21673, 6, 18, 5, -1, -14},  // 'ϳ'
    {21687, 14, 13, 14, 0, -13},  // 'ϴ'
    {21710, 11, 12, 11, 0, -11},  // 'ϵ'
    {21727, 11, 12, 11, 0, -11},  // '϶'
    {21744, 11, 13, 11, 0, -13},  // 'Ϸ'
    {21762, 11, 18, 11, 0, -14},  // 'ϸ'
    {21787, 13, 13, 13, 0, -13},  // 'Ϲ'
    {21809, 16, 13, 16, 0, -13},  // 'Ϻ'
    {21835, 12, 14, 12, 0, -10},  // 'ϻ'
    {21856, 11, 15, 11, 0, -11},  // 'ϼ'
    {21877, 13, 13, 13, 0, -13},  // 'Ͻ'
    {21899, 13, 13, 13, 0, -13},  // 'Ͼ'
    {21921, 13, 13, 13, 0, -13},  // 'Ͽ'
    {21943, 11, 16, 11, 0, -16},  // 'Ѐ'
    {21965, 11, 16, 11, 0, -16},  // 'Ё'
    {21987, 15, 17, 14, -1, -13},  // 'Ђ'
    {22019, 11, 16, 11, 0, -16},  // 'Ѓ'
    {22041, 13, 13, 13, 0, -13},  // 'Є'
    {22063, 11, 13, 11, 0, -13},  // 'Ѕ'
    {22081, 5, 13, 5, 0, -13},  // 'І'
    {22090, 6, 16, 5, 0, -16},  // 'Ї'
    {22102, 6, 17, 5, -1, -13},  // 'Ј'
    {22115, 20, 13, 20, 0, -13},  // 'Љ'
    {22148, 19, 13, 19, 0, -13},  // 'Њ'
    {22179, 15, 13, 14, -1, -13},  // 'Ћ'
    {22204, 13, 16, 13, 0, -16},  // 'Ќ'
    {22230, 13, 16, 13, 0, -16},  // 'Ѝ'
    {22256, 11, 16, 11, 0, -16},  // 'Ў'
    {22278, 14, 16, 14, 0, -13},  // 'Џ'
    {22306, 13, 13, 12, 0, -13},  // 'А'
    {22328, 12, 13, 12, 0, -13},  // 'Б'
    {22348, 12, 13, 12, 0, -13},  // 'В'
    {22368, 11, 13, 11, 0, -13},  // 'Г'
    {22386, 14, 16, 14, 0, -13},  // 'Д'
    {22414, 11, 13, 11, 0, -13},  // 'Е'
    {22432, 20, 13, 19, 0, -13},  // 'Ж'
    {22465, 12, 13, 12, 0, -13},  // 'З'
    {22485, 13, 13, 13, 0, -13},  // 'И'
    {22507, 13, 16, 13, 0, -16},  // 'Й'
    {22533, 13, 13, 13, 0, -13},  // 'К'
    {22555, 14, 13, 14, 0, -13},  // 'Л'
    {22578, 16, 13, 16, 0, -13},  // 'М'
    {22604, 14, 13, 14, 0, -13},  // 'Н'
    {22627, 14, 13, 14, 0, -13},  // 'О'
    {22650, 14, 13, 14, 0, -13},  // 'П'
    {22673, 11, 13, 11, 0, -13},  // 'Р'
    {22691, 13, 13, 13, 0, -13},  // 'С'
    {22713, 13, 13, 11, -1, -13},  // 'Т'
    {22735, 11, 13, 11, 0, -13},  // 'У'
    {22753, 16, 13, 16, 0, -13},  // 'Ф'
    {22779, 12, 13, 12, 0, -13},  // 'Х'
    {22799, 14, 16, 14, 0, -13},  // 'Ц'
    {22827, 12, 13, 12, 0, -13},  // 'Ч'
    {22847, 19, 13, 19, 0, -13},  // 'Ш'
    {22878, 20, 16, 20, 0, -13},  // 'Щ'
    {22918, 15, 13, 15, 0, -13},  // 'Ъ'
    {22943, 16, 13, 16, 0, -13},  // 'Ы'
    {22969, 12, 13, 12, 0, -13},  // 'Ь'
    {22989, 13, 13, 13, 0, -13},  // 'Э'
    {23011, 19, 13, 19, 0, -13},  // 'Ю'
    {23042, 13, 13, 12, 0, -13},  // 'Я'
    {23064, 11, 10, 11, 0, -10},  // 'а'
    {23078, 11, 15, 11, 0, -15},  // 'б'
    {23099, 11, 10, 11, 0, -10},  // 'в'
    {23113, 9, 10, 9, 0, -10},  // 'г'
    {23125, 12, 12, 12, 0, -10},  // 'д'
    {23143, 11, 10, 11, 0, -10},  // 'е'
    {23157, 16, 10, 16, 0, -10},  // 'ж'
    {23177, 10, 10, 10, 0, -10},  // 'з'
    {23190, 12, 10, 12, 0, -10},  // 'и'
    {23205, 12, 14, 12, 0, -14},  // 'й'
    {23226, 11, 10, 11, 0, -10},  // 'к'
    {23240, 12, 10, 12, 0, -10},  // 'л'
    {23255, 14, 10, 14, 0, -10},  // 'м'
    {23273, 12, 10, 12, 0, -10},  // 'н'
    {23288, 11, 10, 11, 0, -10},  // 'о'
    {23302, 12, 10, 12, 0, -10},  // 'п'
    {23317, 11, 14, 11, 0, -10},  // 'р'
    {23337, 10, 10, 10, 0, -10},  // 'с'
    {23350, 10, 10, 10, 0, -10},  // 'т'
    {23363, 11, 14, 11, 0, -10},  // 'у'
    {23383, 15, 18, 15, 0, -14},  // 'ф'
    {23417, 11, 10, 11, 0, -10},  // 'х'
    {23431, 12, 12, 12, 0, -10},  // 'ц'
    {23449, 11, 10, 11, 0, -10},  // 'ч'
    {23463, 16, 10, 16, 0, -10},  // 'ш'
    {23483, 17, 12, 17, 0, -10},  // 'щ'
    {23509, 13, 10, 13, 0, -10},  // 'ъ'
    {23526, 14, 10, 14, 0, -10},  // 'ы'
    {23544, 11, 10, 11, 0, -10},  // 'ь'
    {23558, 10, 10, 10, 0, -10},  // 'э'
    {23571, 15, 10, 15, 0, -10},  // 'ю'
    {23590, 11, 10, 11, 0, -10},  // 'я'
    {23604, 11, 14, 11, 0, -14},  // 'ѐ'
    {23624, 11, 14, 11, 0, -14},  // 'ё'
    {23644, 11, 18, 11, 0, -14},  // 'ђ'
    {23669, 9, 14, 9, 0, -14},  // 'ѓ'
    {23685, 10, 10, 10, 0, -10},  // 'є'
    {23698, 9, 10, 9, 0, -10},  // 'ѕ'
    {23710, 5, 14, 5, 0, -14},  // 'і'
    {23719, 7, 14, 5, -1, -14},  // 'ї'
    {23732, 6, 18, 5, -1, -14},  // 'ј'
    {23746, 16, 10, 16, 0, -10},  // 'љ'
    {23766, 16, 10, 16, 0, -10},  // 'њ'
    {23786, 12, 14, 12, 0, -14},  // 'ћ'
    {23807, 11, 14, 11, 0, -14},  // 'ќ'
    {23827, 12, 14, 12, 0, -14},  // 'ѝ'
    {23848, 11, 18, 11, 0, -14},  // 'ў'
    {23873, 12, 12, 12, 0, -10},  // 'џ'
    {23891, 17, 13, 17, 0, -13},  // 'Ѡ'
    {23919, 15, 10, 15, 0, -10},  // 'ѡ'
    {23938, 14, 13, 14, 0, -13},  // 'Ѣ'
    {23961, 12, 14, 12, 0, -14},  // 'ѣ'
    {23982, 17, 15, 17, 0, -14},  // 'Ѥ'
    {24014, 13, 12, 13, 0, -11},  // 'ѥ'
    {24034, 16, 14, 16, 0, -14},  // 'Ѧ'
    {24062, 14, 10, 14, 0, -10},  // 'ѧ'
    {24080, 21, 14, 21, 0, -14},  // 'Ѩ'
    {24117, 18, 10, 18, 0, -10},  // 'ѩ'
    {24140, 14, 13, 14, 0, -13},  // 'Ѫ'
    {24163, 11, 10, 11, 0, -10},  // 'ѫ'
    {24177, 18, 14, 18, 0, -14},  // 'Ѭ'
    {24209, 15, 10, 15, 0, -10},  // 'ѭ'
    {24228, 11, 21, 11, 0, -17},  // 'Ѯ'
    {24257, 10, 18, 10, 0, -14},  // 'ѯ'
    {24280, 16, 14, 15, 0, -14},  // 'Ѱ'
    {24308, 16, 18, 16, 0, -14},  // 'ѱ'
    {24344, 14, 13, 14, 0, -13},  // 'Ѳ'
    {24367, 11, 10, 11, 0, -10},  // 'ѳ'
    {24381, 14, 14, 14, 0, -14},  // 'Ѵ'
    {24406, 12, 11, 12, 0, -11},  // 'ѵ'
    {24423, 14, 17, 14, 0, -17},  // 'Ѷ'
    {24453, 12, 14, 12, 0, -14},  // 'ѷ'
    {24474, 18, 18, 18, 0, -14},  // 'Ѹ'
    {24515, 16, 15, 16, 0, -11},  // 'ѹ'
    {24545, 17, 15, 17, 0, -14},  // 'Ѻ'
    {24577, 14, 12, 14, 0, -11},  // 'ѻ'
    {24598, 21, 18, 21, 0, -18},  // 'Ѽ'
    {24646, 19, 14, 18, 0, -14},  // 'ѽ'
    {24680, 17, 16, 17, 0, -16},  // 'Ѿ'
    {24714, 15, 13, 15, 0, -13},  // 'ѿ'
    {24739, 13, 17, 13, 0, -13},  // 'Ҁ'
    {24767, 10, 14, 10, 0, -10},  // 'ҁ'
    {24785, 9, 10, 9, 0, -9},  // '҂'
    {24797, 16, 18, 16, 0, -15},  // '҃'
    {24833, 17, 18, 16, 0, -15},  // '҄'
    {24872, 16, 18, 16, 0, -15},  // '҅'
    {24908, 16, 18, 16, 0, -15},  // '҆'
    {24944, 17, 18, 16, 0, -15},  // '҇'
    {24983, 27, 21, 23, -3, -17},  // '҈'
    {25054, 25, 25, 23, -2, -19},  // '҉'
    {25133, 14, 20, 14, 0, -16},  // 'Ҋ'
    {25168, 12, 18, 12, 0, -14},  // 'ҋ'
    {25195, 12, 13, 12, 0, -13},  // 'Ҍ'
    {25215, 11, 13, 11, 0, -13},  // 'ҍ'
    {25233, 11, 14, 11, 0, -14},  // 'Ҏ'
    {25253, 11, 15, 11, 0, -11},  // 'ҏ'
    {25274, 11, 16, 11, 0, -16},  // 'Ґ'
    {25296, 9, 13, 9, 0, -13},  // 'ґ'
    {25311, 12, 13, 12, 0, -13},  // 'Ғ'
    {25331, 11, 10, 11, 0, -10},  // 'ғ'
    {25345, 11, 17, 11, 0, -13},  // 'Ҕ'
    {25369, 10, 14, 10, 0, -10},  // 'ҕ'
    {25387, 20, 17, 19, 0, -14},  // 'Җ'
    {25430, 16, 13, 16, 0, -10},  // 'җ'
    {25456, 12, 16, 12, 0, -13},  // 'Ҙ'
    {25480, 10, 13, 10, 0, -10},  // 'ҙ'
    {25497, 13, 17, 13, 0, -14},  // 'Қ'
    {25525, 11, 13, 11, 0, -10},  // 'қ'
    {25543, 13, 14, 13, 0, -14},  // 'Ҝ'
    {25566, 11, 10, 11, 0, -10},  // 'ҝ'
    {25580, 13, 14, 13, 0, -14},  // 'Ҟ'
    {25603, 11, 14, 11, 0, -14},  // 'ҟ'
    {25623, 16, 13, 15, 0, -13},  // 'Ҡ'
    {25649, 15, 10, 15, 0, -10},  // 'ҡ'
    {25668, 14, 16, 14, 0, -13},  // 'Ң'
    {25696, 12, 12, 12, 0, -10},  // 'ң'
    {25714, 19, 13, 18, 0, -13},  // 'Ҥ'
    {25745, 16, 10, 16, 0, -10},  // 'ҥ'
    {25765, 20, 17, 19, 0, -13},  // 'Ҧ'
    {25808, 17, 13, 16, 0, -10},  // 'ҧ'
    {25836, 16, 15, 16, 0, -14},  // 'Ҩ'
    {25866, 13, 12, 12, 0, -11},  // 'ҩ'
    {25886, 13, 16, 13, 0, -13},  // 'Ҫ'
    {25912, 10, 13, 10, 0, -10},  // 'ҫ'
    {25929, 13, 16, 11, -1, -13},  // 'Ҭ'
    {25955, 10, 12, 10, 0, -10},  // 'ҭ'
    {25970, 13, 13, 11, -1, -13},  // 'Ү'
    {25992, 11, 14, 11, 0, -10},  // 'ү'
    {26012, 13, 14, 11, -1, -14},  // 'Ұ'
    {26035, 11, 14, 11, 0, -10},  // 'ұ'
    {26055, 12, 17, 12, 0, -14},  // 'Ҳ'
    {26081, 11, 13, 11, 0, -10},  // 'ҳ'
    {26099, 18, 16, 17, -1, -13},  // 'Ҵ'
    {26135, 15, 12, 15, 0, -10},  // 'ҵ'
    {26158, 13, 16, 12, 0, -13},  // 'Ҷ'
    {26184, 11, 12, 11, 0, -10},  // 'ҷ'
    {26201, 12, 14, 12, 0, -14},  // 'Ҹ'
    {26222, 11, 10, 11, 0, -10},  // 'ҹ'
    {26236, 12, 13, 12, 0, -13},  // 'Һ'
    {26256, 11, 14, 11, 0, -14},  // 'һ'
    {26276, 17, 13, 17, 0, -13},  // 'Ҽ'
    {26304, 13, 10, 13, 0, -10},  // 'ҽ'
    {26321, 17, 18, 17, 0, -14},  // 'Ҿ'
    {26360, 13, 14, 13, 0, -11},  // 'ҿ'
    {26383, 5, 13, 5, 0, -13},  // 'Ӏ'
    {26392, 20, 16, 19, 0, -16},  // 'Ӂ'
    {26432, 16, 14, 16, 0, -14},  // 'ӂ'
    {26460, 12, 18, 12, 0, -14},  // 'Ӄ'
    {26487, 11, 14, 11, 0, -10},  // 'ӄ'
    {26507, 14, 18, 14, 0, -14},  // 'Ӆ'
    {26539, 12, 14, 12, 0, -10},  // 'ӆ'
    {26560, 14, 17, 14, 0, -13},  // 'Ӈ'
    {26590, 12, 13, 12, 0, -10},  // 'ӈ'
    {26610, 14, 18, 14, 0, -14},  // 'Ӊ'
    {26642, 12, 14, 12, 0, -10},  // 'ӊ'
    {26663, 12, 16, 12, 0, -13},  // 'Ӌ'
    {26687, 11, 12, 11, 0, -10},  // 'ӌ'
    {26704, 16, 18, 16, 0, -14},  // 'Ӎ'
    {26740, 14, 14, 14, 0, -10},  // 'ӎ'
    {26765, 5, 14, 5, 0, -14},  // 'ӏ'
    {26774, 13, 17, 12, 0, -17},  // 'Ӑ'
    {26802, 11, 14, 11, 0, -14},  // 'ӑ'
    {26822, 13, 16, 12, 0, -16},  // 'Ӓ'
    {26848, 11, 14, 11, 0, -14},  // 'ӓ'
    {26868, 18, 13, 18, 0, -13},  // 'Ӕ'
    {26898, 18, 10, 18, 0, -10},  // 'ӕ'
    {26921, 11, 16, 11, 0, -16},  // 'Ӗ'
    {26943, 11, 14, 11, 0, -14},  // 'ӗ'
    {26963, 14, 13, 14, 0, -13},  // 'Ә'
    {26986, 11, 10, 11, 0, -10},  // 'ә'
    {27000, 14, 16, 14, 0, -16},  // 'Ӛ'
    {27028, 11, 14, 11, 0, -14},  // 'ӛ'
    {27048, 20, 16, 19, 0, -16},  // 'Ӝ'
    {27088, 16, 14, 16, 0, -14},  // 'ӝ'
    {27116, 12, 16, 12, 0, -16},  // 'Ӟ'
    {27140, 10, 14, 10, 0, -14},  // 'ӟ'
    {27158, 12, 13, 12, 0, -13},  // 'Ӡ'
    {27178, 10, 14, 10, 0, -10},  // 'ӡ'
    {27196, 13, 16, 13, 0, -16},  // 'Ӣ'
    {27222, 12, 13, 12, 0, -13},  // 'ӣ'
    {27242, 13, 16, 13, 0, -16},  // 'Ӥ'
    {27268, 12, 14, 12, 0, -14},  // 'ӥ'
    {27289, 14, 16, 14, 0, -16},  // 'Ӧ'
    {27317, 11, 14, 11, 0, -14},  // 'ӧ'
    {27337, 14, 13, 14, 0, -13},  // 'Ө'
    {27360, 11, 10, 11, 0, -10},  // 'ө'
    {27374, 14, 16, 14, 0, -16},  // 'Ӫ'
    {27402, 11, 14, 11, 0, -14},  // 'ӫ'
    {27422, 13, 16, 13, 0, -16},  // 'Ӭ'
    {27448, 10, 14, 10, 0, -14},  // 'ӭ'
    {27466, 11, 16, 11, 0, -16},  // 'Ӯ'
    {27488, 11, 17, 11, 0, -13},  // 'ӯ'
    {27512, 11, 16, 11, 0, -16},  // 'Ӱ'
    {27534, 11, 18, 11, 0, -14},  // 'ӱ'
    {27559, 11, 16, 11, 0, -16},  // 'Ӳ'
    {27581, 11, 18, 11, 0, -14},  // 'ӳ'
    {27606, 12, 16, 12, 0, -16},  // 'Ӵ'
    {27630, 11, 14, 11, 0, -14},  // 'ӵ'
    {27650, 11, 16, 11, 0, -13},  // 'Ӷ'
    {27672, 9, 12, 9, 0, -10},  // 'ӷ'
    {27686, 16, 16, 16, 0, -16},  // 'Ӹ'
    {27718, 14, 14, 14, 0, -14},  // 'ӹ'
    {27743, 12, 16, 12, 0, -13},  // 'Ӻ'
    {27767, 11, 13, 11, 0, -10},  // 'ӻ'
    {27785, 12, 18, 12, 0, -14},  // 'Ӽ'
    {27812, 11, 14, 11, 0, -10},  // 'ӽ'
    {27832, 12, 14, 12, 0, -14},  // 'Ӿ'
    {27853, 11, 10, 11, 0, -10},  // 'ӿ'
};

inline constexpr BitmapFont kReaderSmallFont = {
    kReaderSmallBitmap, kReaderSmallGlyphs, 0x0020, 0x04FF, 22, 17, 27, 25, 1};

}  // namespace ui
}  // namespace freeink
